Workbook

Sheet Set a analizar
B2: Story | C2: Beam | D2: Unique Name | E2: Output Case | F2: Case Type | G2: Step Type | H2: Station | I2: P | J2: V2 | K2: V3 | L2: T | M2: M2 | N2: M3 | O2: Element | P2: Elem Station | Q2: Location
H3: m | I3: tonf | J3: tonf | K3: tonf | L3: tonf-m | M3: tonf-m | N3: tonf-m | P3: m
B4: -1 | C4: B4 | D4: 4 | E4: PP | F4: LinStatic | H4: 0 | I4: 0 | J4: -0.9952 | K4: 0 | L4: 0 | M4: 0 | N4: 0 | O4: 46026 | P4: 0
B5: -1 | C5: B4 | D5: 4 | E5: PP | F5: LinStatic | H5: 0.4575 | I5: 0 | J5: -0.8523 | K5: 0 | L5: 0 | M5: 0 | N5: 0.4226 | O5: 46026 | P5: 0.4575
B6: -1 | C6: B4 | D6: 4 | E6: PP | F6: LinStatic | H6: 0.915 | I6: 0 | J6: -0.7093 | K6: 0 | L6: 0 | M6: 0 | N6: 0.7798 | O6: 46026 | P6: 0.915
B7: -1 | C7: B4 | D7: 4 | E7: PP | F7: LinStatic | H7: 0.915 | I7: 0 | J7: -1.6428 | K7: 0 | L7: 0 | M7: 0 | N7: 1.013 | O7: 46057 | P7: 0
B8: -1 | C8: B4 | D8: 4 | E8: PP | F8: LinStatic | H8: 1.3725 | I8: 0 | J8: -1.4999 | K8: 0 | L8: 0 | M8: 0 | N8: 1.7319 | O8: 46057 | P8: 0.4575
B9: -1 | C9: B4 | D9: 4 | E9: PP | F9: LinStatic | H9: 1.83 | I9: 0 | J9: -1.3569 | K9: 0 | L9: 0 | M9: 0 | N9: 2.3854 | O9: 46057 | P9: 0.915
B10: -1 | C10: B4 | D10: 4 | E10: PP | F10: LinStatic | H10: 1.83 | I10: 0 | J10: -0.3967 | K10: 0 | L10: 0 | M10: 0 | N10: 2.4161 | O10: 46085 | P10: 0
B11: -1 | C11: B4 | D11: 4 | E11: PP | F11: LinStatic | H11: 2.2875 | I11: 0 | J11: -0.2538 | K11: 0 | L11: 0 | M11: 0 | N11: 2.5649 | O11: 46085 | P11: 0.4575
B12: -1 | C12: B4 | D12: 4 | E12: PP | F12: LinStatic | H12: 2.745 | I12: 0 | J12: -0.1108 | K12: 0 | L12: 0 | M12: 0 | N12: 2.6483 | O12: 46085 | P12: 0.915
B13: -1 | C13: B4 | D13: 4 | E13: PP | F13: LinStatic | H13: 2.745 | I13: 0 | J13: 1.108 | K13: 0 | L13: 0 | M13: 0 | N13: 2.6285 | O13: 46116 | P13: 0
B14: -1 | C14: B4 | D14: 4 | E14: PP | F14: LinStatic | H14: 3.2025 | I14: 0 | J14: 1.2509 | K14: 0 | L14: 0 | M14: 0 | N14: 2.0889 | O14: 46116 | P14: 0.4575
B15: -1 | C15: B4 | D15: 4 | E15: PP | F15: LinStatic | H15: 3.66 | I15: 0 | J15: 1.3939 | K15: 0 | L15: 0 | M15: 0 | N15: 1.4839 | O15: 46116 | P15: 0.915
... B39: -1 | C39: B4 | D39: 4 | E39: SC | F39: LinStatic | H39: 5.34 | I39: 0 | J39: 3.5104 | K39: 0 | L39: 0 | M39: 0 | N39: -3.6601 | O39: 46177 | P39: 0.765
B40: -1 | C40: B4 | D40: 4 | E40: SX | F40: LinRespSpec | G40: Max | H40: 0 | I40: 0 | J40: 0.1101 | K40: 0 | L40: 0 | M40: 0 | N40: 0 | O40: 46026 | P40: 0
B41: -1 | C41: B4 | D41: 4 | E41: SX | F41: LinRespSpec | G41: Max | H41: 0.4575 | I41: 0 | J41: 0.1101 | K41: 0 | L41: 0 | M41: 0 | N41: 0.0504 | O41: 46026 | P41: 0.4575
B42: -1 | C42: B4 | D42: 4 | E42: SX | F42: LinRespSpec | G42: Max | H42: 0.915 | I42: 0 | J42: 0.1101 | K42: 0 | L42: 0 | M42: 0 | N42: 0.1008 | O42: 46026 | P42: 0.915
B43: -1 | C43: B4 | D43: 4 | E43: SX | F43: LinRespSpec | G43: Max | H43: 0.915 | I43: 0 | J43: 0.0216 | K43: 0 | L43: 0 | M43: 0 | N43: 0.084 | O43: 46057 | P43: 0
B44: -1 | C44: B4 | D44: 4 | E44: SX | F44: LinRespSpec | G44: Max | H44: 1.3725 | I44: 0 | J44: 0.0216 | K44: 0 | L44: 0 | M44: 0 | N44: 0.0741 | O44: 46057 | P44: 0.4575
B45: -1 | C45: B4 | D45: 4 | E45: SX | F45: LinRespSpec | G45: Max | H45: 1.83 | I45: 0 | J45: 0.0216 | K45: 0 | L45: 0 | M45: 0 | N45: 0.0643 | O45: 46057 | P45: 0.915
B46: -1 | C46: B4 | D46: 4 | E46: SX | F46: LinRespSpec | G46: Max | H46: 1.83 | I46: 0 | J46: 0.035 | K46: 0 | L46: 0 | M46: 0 | N46: 0.0633 | O46: 46085 | P46: 0
B47: -1 | C47: B4 | D47: 4 | E47: SX | F47: LinRespSpec | G47: Max | H47: 2.2875 | I47: 0 | J47: 0.035 | K47: 0 | L47: 0 | M47: 0 | N47: 0.0473 | O47: 46085 | P47: 0.4575
B48: -1 | C48: B4 | D48: 4 | E48: SX | F48: LinRespSpec | G48: Max | H48: 2.745 | I48: 0 | J48: 0.035 | K48: 0 | L48: 0 | M48: 0 | N48: 0.0313 | O48: 46085 | P48: 0.915
B49: -1 | C49: B4 | D49: 4 | E49: SX | F49: LinRespSpec | G49: Max | H49: 2.745 | I49: 0 | J49: 0.0394 | K49: 0 | L49: 0 | M49: 0 | N49: 0.0299 | O49: 46116 | P49: 0
B50: -1 | C50: B4 | D50: 4 | E50: SX | F50: LinRespSpec | G50: Max | H50: 3.2025 | I50: 0 | J50: 0.0394 | K50: 0 | L50: 0 | M50: 0 | N50: 0.012 | O50: 46116 | P50: 0.4575
B51: -1 | C51: B4 | D51: 4 | E51: SX | F51: LinRespSpec | G51: Max | H51: 3.66 | I51: 0 | J51: 0.0394 | K51: 0 | L51: 0 | M51: 0 | N51: 0.0065 | O51: 46116 | P51: 0.915
... B75: -1 | C75: B4 | D75: 4 | E75: SY | F75: LinRespSpec | G75: Max | H75: 5.34 | I75: 0 | J75: 0.0073 | K75: 0 | L75: 0 | M75: 0 | N75: 0.0099 | O75: 46177 | P75: 0.765
B76: -1 | C76: B4 | D76: 4 | E76: C1 | F76: Combination | H76: 0 | I76: 0 | J76: -1.3933 | K76: 0 | L76: 0 | M76: 0 | N76: 0 | O76: 46026 | P76: 0
B77: -1 | C77: B4 | D77: 4 | E77: C1 | F77: Combination | H77: 0.4575 | I77: 0 | J77: -1.1932 | K77: 0 | L77: 0 | M77: 0 | N77: 0.5917 | O77: 46026 | P77: 0.4575
B78: -1 | C78: B4 | D78: 4 | E78: C1 | F78: Combination | H78: 0.915 | I78: 0 | J78: -0.993 | K78: 0 | L78: 0 | M78: 0 | N78: 1.0918 | O78: 46026 | P78: 0.915
B79: -1 | C79: B4 | D79: 4 | E79: C1 | F79: Combination | H79: 0.915 | I79: 0 | J79: -2.3 | K79: 0 | L79: 0 | M79: 0 | N79: 1.4182 | O79: 46057 | P79: 0
B80: -1 | C80: B4 | D80: 4 | E80: C1 | F80: Combination | H80: 1.3725 | I80: 0 | J80: -2.0998 | K80: 0 | L80: 0 | M80: 0 | N80: 2.4246 | O80: 46057 | P80: 0.4575
B81: -1 | C81: B4 | D81: 4 | E81: C1 | F81: Combination | H81: 1.83 | I81: 0 | J81: -1.8997 | K81: 0 | L81: 0 | M81: 0 | N81: 3.3395 | O81: 46057 | P81: 0.915
B82: -1 | C82: B4 | D82: 4 | E82: C1 | F82: Combination | H82: 1.83 | I82: 0 | J82: -0.5554 | K82: 0 | L82: 0 | M82: 0 | N82: 3.3826 | O82: 46085 | P82: 0
B83: -1 | C83: B4 | D83: 4 | E83: C1 | F83: Combination | H83: 2.2875 | I83: 0 | J83: -0.3553 | K83: 0 | L83: 0 | M83: 0 | N83: 3.5909 | O83: 46085 | P83: 0.4575
B84: -1 | C84: B4 | D84: 4 | E84: C1 | F84: Combination | H84: 2.745 | I84: 0 | J84: -0.1551 | K84: 0 | L84: 0 | M84: 0 | N84: 3.7077 | O84: 46085 | P84: 0.915
B85: -1 | C85: B4 | D85: 4 | E85: C1 | F85: Combination | H85: 2.745 | I85: 0 | J85: 1.5512 | K85: 0 | L85: 0 | M85: 0 | N85: 3.68 | O85: 46116 | P85: 0
B86: -1 | C86: B4 | D86: 4 | E86: C1 | F86: Combination | H86: 3.2025 | I86: 0 | J86: 1.7513 | K86: 0 | L86: 0 | M86: 0 | N86: 2.9245 | O86: 46116 | P86: 0.4575
B87: -1 | C87: B4 | D87: 4 | E87: C1 | F87: Combination | H87: 3.66 | I87: 0 | J87: 1.9515 | K87: 0 | L87: 0 | M87: 0 | N87: 2.0775 | O87: 46116 | P87: 0.915
... B111: -1 | C111: B4 | D111: 4 | E111: C2 | F111: Combination | H111: 5.34 | I111: 0 | J111: 10.6535 | K111: 0 | L111: 0 | M111: 0 | N111: -11.0976 | O111: 46177 | P111: 0.765
B112: -1 | C112: B4 | D112: 4 | E112: C3 | F112: Combination | G112: Max | H112: 0 | I112: 0 | J112: -0.7415 | K112: 0 | L112: 0 | M112: 0 | N112: 0 | O112: 46026 | P112: 0
B113: -1 | C113: B4 | D113: 4 | E113: C3 | F113: Combination | G113: Max | H113: 0.4575 | I113: 0 | J113: -0.6129 | K113: 0 | L113: 0 | M113: 0 | N113: 0.4509 | O113: 46026 | P113: 0.4575
B114: -1 | C114: B4 | D114: 4 | E114: C3 | F114: Combination | G114: Max | H114: 0.915 | I114: 0 | J114: -0.4842 | K114: 0 | L114: 0 | M114: 0 | N114: 0.8429 | O114: 46026 | P114: 0.915
B115: -1 | C115: B4 | D115: 4 | E115: C3 | F115: Combination | G115: Max | H115: 0.915 | I115: 0 | J115: -1.4484 | K115: 0 | L115: 0 | M115: 0 | N115: 1.0292 | O115: 46057 | P115: 0
B116: -1 | C116: B4 | D116: 4 | E116: C3 | F116: Combination | G116: Max | H116: 1.3725 | I116: 0 | J116: -1.3197 | K116: 0 | L116: 0 | M116: 0 | N116: 1.6625 | O116: 46057 | P116: 0.4575
B117: -1 | C117: B4 | D117: 4 | E117: C3 | F117: Combination | G117: Max | H117: 1.83 | I117: 0 | J117: -1.191 | K117: 0 | L117: 0 | M117: 0 | N117: 2.2368 | O117: 46057 | P117: 0.915
B118: -1 | C118: B4 | D118: 4 | E118: C3 | F118: Combination | G118: Max | H118: 1.83 | I118: 0 | J118: -0.308 | K118: 0 | L118: 0 | M118: 0 | N118: 2.2632 | O118: 46085 | P118: 0
B119: -1 | C119: B4 | D119: 4 | E119: C3 | F119: Combination | G119: Max | H119: 2.2875 | I119: 0 | J119: -0.1794 | K119: 0 | L119: 0 | M119: 0 | N119: 2.3747 | O119: 46085 | P119: 0.4575
B120: -1 | C120: B4 | D120: 4 | E120: C3 | F120: Combination | G120: Max | H120: 2.745 | I120: 0 | J120: -0.0507 | K120: 0 | L120: 0 | M120: 0 | N120: 2.4274 | O120: 46085 | P120: 0.915
B121: -1 | C121: B4 | D121: 4 | E121: C3 | F121: Combination | G121: Max | H121: 2.745 | I121: 0 | J121: 1.0524 | K121: 0 | L121: 0 | M121: 0 | N121: 2.4076 | O121: 46116 | P121: 0
B122: -1 | C122: B4 | D122: 4 | E122: C3 | F122: Combination | G122: Max | H122: 3.2025 | I122: 0 | J122: 1.181 | K122: 0 | L122: 0 | M122: 0 | N122: 1.8968 | O122: 46116 | P122: 0.4575
B123: -1 | C123: B4 | D123: 4 | E123: C3 | F123: Combination | G123: Max | H123: 3.66 | I123: 0 | J123: 1.3097 | K123: 0 | L123: 0 | M123: 0 | N123: 1.3447 | O123: 46116 | P123: 0.915
... B291: -1 | C291: B4 | D291: 4 | E291: C4 | F291: Combination | G291: Min | H291: 5.34 | I291: 0 | J291: 3.7675 | K291: 0 | L291: 0 | M291: 0 | N291: -3.945 | O291: 46177 | P291: 0.765
B292: -1 | C292: B4 | D292: 4 | E292: PPSC | F292: Combination | H292: 0 | I292: 0 | J292: -1.5995 | K292: 0 | L292: 0 | M292: 0 | N292: 0 | O292: 46026 | P292: 0
B293: -1 | C293: B4 | D293: 4 | E293: PPSC | F293: Combination | H293: 0.4575 | I293: 0 | J293: -1.4565 | K293: 0 | L293: 0 | M293: 0 | N293: 0.6991 | O293: 46026 | P293: 0.4575
B294: -1 | C294: B4 | D294: 4 | E294: PPSC | F294: Combination | H294: 0.915 | I294: 0 | J294: -1.3136 | K294: 0 | L294: 0 | M294: 0 | N294: 1.3327 | O294: 46026 | P294: 0.915
B295: -1 | C295: B4 | D295: 4 | E295: PPSC | F295: Combination | H295: 0.915 | I295: 0 | J295: -3.1088 | K295: 0 | L295: 0 | M295: 0 | N295: 1.8099 | O295: 46057 | P295: 0
B296: -1 | C296: B4 | D296: 4 | E296: PPSC | F296: Combination | H296: 1.3725 | I296: 0 | J296: -2.9658 | K296: 0 | L296: 0 | M296: 0 | N296: 3.1995 | O296: 46057 | P296: 0.4575
B297: -1 | C297: B4 | D297: 4 | E297: PPSC | F297: Combination | H297: 1.83 | I297: 0 | J297: -2.8228 | K297: 0 | L297: 0 | M297: 0 | N297: 4.5236 | O297: 46057 | P297: 0.915
B298: -1 | C298: B4 | D298: 4 | E298: PPSC | F298: Combination | H298: 1.83 | I298: 0 | J298: -0.7131 | K298: 0 | L298: 0 | M298: 0 | N298: 4.5856 | O298: 46085 | P298: 0
B299: -1 | C299: B4 | D299: 4 | E299: PPSC | F299: Combination | H299: 2.2875 | I299: 0 | J299: -0.5702 | K299: 0 | L299: 0 | M299: 0 | N299: 4.8792 | O299: 46085 | P299: 0.4575
B300: -1 | C300: B4 | D300: 4 | E300: PPSC | F300: Combination | H300: 2.745 | I300: 0 | J300: -0.4272 | K300: 0 | L300: 0 | M300: 0 | N300: 5.1073 | O300: 46085 | P300: 0.915
B301: -1 | C301: B4 | D301: 4 | E301: PPSC | F301: Combination | H301: 2.745 | I301: 0 | J301: 2.196 | K301: 0 | L301: 0 | M301: 0 | N301: 5.0721 | O301: 46116 | P301: 0
B302: -1 | C302: B4 | D302: 4 | E302: PPSC | F302: Combination | H302: 3.2025 | I302: 0 | J302: 2.339 | K302: 0 | L302: 0 | M302: 0 | N302: 4.0347 | O302: 46116 | P302: 0.4575
B303: -1 | C303: B4 | D303: 4 | E303: PPSC | F303: Combination | H303: 3.66 | I303: 0 | J303: 2.482 | K303: 0 | L303: 0 | M303: 0 | N303: 2.9319 | O303: 46116 | P303: 0.915
... B345: -1 | C345: B8 | D345: 8 | E345: SC | F345: LinStatic | H345: 5.8001 | I345: 0 | J345: 3.4362 | K345: 0 | L345: 0 | M345: 0 | N345: -3.5614 | O345: 46181 | P345: 0.848
B346: -1 | C346: B8 | D346: 8 | E346: SX | F346: LinRespSpec | G346: Max | H346: 0.15 | I346: 0 | J346: 0.0445 | K346: 0 | L346: 0 | M346: 0 | N346: 0.0728 | O346: 46030 | P346: 0.15
B347: -1 | C347: B8 | D347: 8 | E347: SX | F347: LinRespSpec | G347: Max | H347: 0.555 | I347: 0 | J347: 0.0445 | K347: 0 | L347: 0 | M347: 0 | N347: 0.0548 | O347: 46030 | P347: 0.555
B348: -1 | C348: B8 | D348: 8 | E348: SX | F348: LinRespSpec | G348: Max | H348: 0.96 | I348: 0 | J348: 0.0445 | K348: 0 | L348: 0 | M348: 0 | N348: 0.0369 | O348: 46030 | P348: 0.96
B349: -1 | C349: B8 | D349: 8 | E349: SX | F349: LinRespSpec | G349: Max | H349: 0.96 | I349: 0 | J349: 0.0229 | K349: 0 | L349: 0 | M349: 0 | N349: 0.0363 | O349: 46061 | P349: 0
B350: -1 | C350: B8 | D350: 8 | E350: SX | F350: LinRespSpec | G350: Max | H350: 1.459 | I350: 0 | J350: 0.0229 | K350: 0 | L350: 0 | M350: 0 | N350: 0.0249 | O350: 46061 | P350: 0.499
B351: -1 | C351: B8 | D351: 8 | E351: SX | F351: LinRespSpec | G351: Max | H351: 1.958 | I351: 0 | J351: 0.0229 | K351: 0 | L351: 0 | M351: 0 | N351: 0.0135 | O351: 46061 | P351: 0.998
B352: -1 | C352: B8 | D352: 8 | E352: SX | F352: LinRespSpec | G352: Max | H352: 1.958 | I352: 0 | J352: 0.0178 | K352: 0 | L352: 0 | M352: 0 | N352: 0.0128 | O352: 46089 | P352: 0
B353: -1 | C353: B8 | D353: 8 | E353: SX | F353: LinRespSpec | G353: Max | H353: 2.457 | I353: 0 | J353: 0.0178 | K353: 0 | L353: 0 | M353: 0 | N353: 0.004 | O353: 46089 | P353: 0.499
B354: -1 | C354: B8 | D354: 8 | E354: SX | F354: LinRespSpec | G354: Max | H354: 2.956 | I354: 0 | J354: 0.0178 | K354: 0 | L354: 0 | M354: 0 | N354: 0.0052 | O354: 46089 | P354: 0.998
B355: -1 | C355: B8 | D355: 8 | E355: SX | F355: LinRespSpec | G355: Max | H355: 2.956 | I355: 0 | J355: 0.0175 | K355: 0 | L355: 0 | M355: 0 | N355: 0.0058 | O355: 46120 | P355: 0
B356: -1 | C356: B8 | D356: 8 | E356: SX | F356: LinRespSpec | G356: Max | H356: 3.455 | I356: 0 | J356: 0.0175 | K356: 0 | L356: 0 | M356: 0 | N356: 0.0144 | O356: 46120 | P356: 0.499
B357: -1 | C357: B8 | D357: 8 | E357: SX | F357: LinRespSpec | G357: Max | H357: 3.9541 | I357: 0 | J357: 0.0175 | K357: 0 | L357: 0 | M357: 0 | N357: 0.0231 | O357: 46120 | P357: 0.998
... B381: -1 | C381: B8 | D381: 8 | E381: SY | F381: LinRespSpec | G381: Max | H381: 5.8001 | I381: 0 | J381: 0.0132 | K381: 0 | L381: 0 | M381: 0 | N381: 0.0129 | O381: 46181 | P381: 0.848
B382: -1 | C382: B8 | D382: 8 | E382: C1 | F382: Combination | H382: 0.15 | I382: 0 | J382: -5.7207 | K382: 0 | L382: 0 | M382: 0 | N382: -6.0007 | O382: 46030 | P382: 0.15
B383: -1 | C383: B8 | D383: 8 | E383: C1 | F383: Combination | H383: 0.555 | I383: 0 | J383: -5.5435 | K383: 0 | L383: 0 | M383: 0 | N383: -3.7196 | O383: 46030 | P383: 0.555
B384: -1 | C384: B8 | D384: 8 | E384: C1 | F384: Combination | H384: 0.96 | I384: 0 | J384: -5.3663 | K384: 0 | L384: 0 | M384: 0 | N384: -1.5104 | O384: 46030 | P384: 0.96
B385: -1 | C385: B8 | D385: 8 | E385: C1 | F385: Combination | H385: 0.96 | I385: 0 | J385: -3.8211 | K385: 0 | L385: 0 | M385: 0 | N385: -1.3371 | O385: 46061 | P385: 0
B386: -1 | C386: B8 | D386: 8 | E386: C1 | F386: Combination | H386: 1.459 | I386: 0 | J386: -3.6028 | K386: 0 | L386: 0 | M386: 0 | N386: 0.5152 | O386: 46061 | P386: 0.499
B387: -1 | C387: B8 | D387: 8 | E387: C1 | F387: Combination | H387: 1.958 | I387: 0 | J387: -3.3845 | K387: 0 | L387: 0 | M387: 0 | N387: 2.2586 | O387: 46061 | P387: 0.998
B388: -1 | C388: B8 | D388: 8 | E388: C1 | F388: Combination | H388: 1.958 | I388: 0 | J388: -1.5362 | K388: 0 | L388: 0 | M388: 0 | N388: 2.3459 | O388: 46089 | P388: 0
B389: -1 | C389: B8 | D389: 8 | E389: C1 | F389: Combination | H389: 2.457 | I389: 0 | J389: -1.3178 | K389: 0 | L389: 0 | M389: 0 | N389: 3.058 | O389: 46089 | P389: 0.499
B390: -1 | C390: B8 | D390: 8 | E390: C1 | F390: Combination | H390: 2.956 | I390: 0 | J390: -1.0995 | K390: 0 | L390: 0 | M390: 0 | N390: 3.6612 | O390: 46089 | P390: 0.998
B391: -1 | C391: B8 | D391: 8 | E391: C1 | F391: Combination | H391: 2.956 | I391: 0 | J391: 0.8292 | K391: 0 | L391: 0 | M391: 0 | N391: 3.666 | O391: 46120 | P391: 0
B392: -1 | C392: B8 | D392: 8 | E392: C1 | F392: Combination | H392: 3.455 | I392: 0 | J392: 1.0475 | K392: 0 | L392: 0 | M392: 0 | N392: 3.1977 | O392: 46120 | P392: 0.499
B393: -1 | C393: B8 | D393: 8 | E393: C1 | F393: Combination | H393: 3.9541 | I393: 0 | J393: 1.2658 | K393: 0 | L393: 0 | M393: 0 | N393: 2.6205 | O393: 46120 | P393: 0.998
... B417: -1 | C417: B8 | D417: 8 | E417: C2 | F417: Combination | H417: 5.8001 | I417: 0 | J417: 10.2554 | K417: 0 | L417: 0 | M417: 0 | N417: -10.4165 | O417: 46181 | P417: 0.848
B418: -1 | C418: B8 | D418: 8 | E418: C3 | F418: Combination | G418: Max | H418: 0.15 | I418: 0 | J418: -3.6154 | K418: 0 | L418: 0 | M418: 0 | N418: -3.7556 | O418: 46030 | P418: 0.15
B419: -1 | C419: B8 | D419: 8 | E419: C3 | F419: Combination | G419: Max | H419: 0.555 | I419: 0 | J419: -3.5015 | K419: 0 | L419: 0 | M419: 0 | N419: -2.3144 | O419: 46030 | P419: 0.555
B420: -1 | C420: B8 | D420: 8 | E420: C3 | F420: Combination | G420: Max | H420: 0.96 | I420: 0 | J420: -3.3876 | K420: 0 | L420: 0 | M420: 0 | N420: -0.9194 | O420: 46030 | P420: 0.96
B421: -1 | C421: B8 | D421: 8 | E421: C3 | F421: Combination | G421: Max | H421: 0.96 | I421: 0 | J421: -2.4244 | K421: 0 | L421: 0 | M421: 0 | N421: -0.8088 | O421: 46061 | P421: 0
B422: -1 | C422: B8 | D422: 8 | E422: C3 | F422: Combination | G422: Max | H422: 1.459 | I422: 0 | J422: -2.2841 | K422: 0 | L422: 0 | M422: 0 | N422: 0.366 | O422: 46061 | P422: 0.499
B423: -1 | C423: B8 | D423: 8 | E423: C3 | F423: Combination | G423: Max | H423: 1.958 | I423: 0 | J423: -2.1437 | K423: 0 | L423: 0 | M423: 0 | N423: 1.4708 | O423: 46061 | P423: 0.998
B424: -1 | C424: B8 | D424: 8 | E424: C3 | F424: Combination | G424: Max | H424: 1.958 | I424: 0 | J424: -0.9627 | K424: 0 | L424: 0 | M424: 0 | N424: 1.526 | O424: 46089 | P424: 0
...

Sheet B4
B2: Story | C2: Beam | D2: Unique Name | E2: Output Case | F2: Case Type | G2: Step Type | H2: Station | I2: P | J2: V2 | K2: V3 | L2: T | M2: M2 | N2: M3 | O2: Element | P2: Elem Station | Q2: Location
H3: m | I3: tonf | J3: tonf | K3: tonf | L3: tonf-m | M3: tonf-m | N3: tonf-m | P3: m
B4: ='Set a analizar'!B4 -> -1 | C4: ='Set a analizar'!C4 -> B4 | D4: ='Set a analizar'!D4 -> 4 | E4: ='Set a analizar'!E4 -> PP | F4: ='Set a analizar'!F4 -> LinStatic | G4: ='Set a analizar'!G4 -> 0 | H4: ='Set a analizar'!H4 -> 0 | I4: ='Set a analizar'!I4 -> 0 | ... Q4: ='Set a analizar'!Q4 -> 0 | S4: Mmax | T4: =MAX(N4:N309) -> 7.1124 | U4: tonfm | X4: Ni | Y4: Ni+1
B5: ='Set a analizar'!B5 -> -1 | C5: ='Set a analizar'!C5 -> B4 | D5: ='Set a analizar'!D5 -> 4 | E5: ='Set a analizar'!E5 -> PP | F5: ='Set a analizar'!F5 -> LinStatic | G5: ='Set a analizar'!G5 -> 0 | H5: ='Set a analizar'!H5 -> 0.4575 | I5: ='Set a analizar'!I5 -> 0 | ... Q5: ='Set a analizar'!Q5 -> 0 | S5: Mmin | T5: =MIN(N4:N309) -> -11.0976 | U5: tonfm | X5: rot | Y5: emp | AA5: fc | AB5: =T18 -> 35 | AC5: 0.85
B6: ='Set a analizar'!B6 -> -1 | C6: ='Set a analizar'!C6 -> B4 | D6: ='Set a analizar'!D6 -> 4 | E6: ='Set a analizar'!E6 -> PP | F6: ='Set a analizar'!F6 -> LinStatic | G6: ='Set a analizar'!G6 -> 0 | H6: ='Set a analizar'!H6 -> 0.915 | I6: ='Set a analizar'!I6 -> 0 | ... Q6: ='Set a analizar'!Q6 -> 0 | X6: 4.4 | Y6: 9.89 | AC6: 0.65
B7: ='Set a analizar'!B7 -> -1 | C7: ='Set a analizar'!C7 -> B4 | D7: ='Set a analizar'!D7 -> 4 | E7: ='Set a analizar'!E7 -> PP | F7: ='Set a analizar'!F7 -> LinStatic | G7: ='Set a analizar'!G7 -> 0 | H7: ='Set a analizar'!H7 -> 0.915 | I7: ='Set a analizar'!I7 -> 0 | ... Q7: ='Set a analizar'!Q7 -> 0 | S7: Vmax | T7: =MAX(J4:J309) -> 10.6535 | U7: tonf | AC7: =0.85-(0.05*(AB5-28)/7) -> 0.8
B8: ='Set a analizar'!B8 -> -1 | C8: ='Set a analizar'!C8 -> B4 | D8: ='Set a analizar'!D8 -> 4 | E8: ='Set a analizar'!E8 -> PP | F8: ='Set a analizar'!F8 -> LinStatic | G8: ='Set a analizar'!G8 -> 0 | H8: ='Set a analizar'!H8 -> 1.3725 | I8: ='Set a analizar'!I8 -> 0 | ... Q8: ='Set a analizar'!Q8 -> 0 | S8: Vmin | T8: =MIN(J4:J309) -> -4.3169 | U8: tonf
B9: ='Set a analizar'!B9 -> -1 | C9: ='Set a analizar'!C9 -> B4 | D9: ='Set a analizar'!D9 -> 4 | E9: ='Set a analizar'!E9 -> PP | F9: ='Set a analizar'!F9 -> LinStatic | G9: ='Set a analizar'!G9 -> 0 | H9: ='Set a analizar'!H9 -> 1.83 | I9: ='Set a analizar'!I9 -> 0 | ... Q9: ='Set a analizar'!Q9 -> 0 | Y9: Flexión | AD9: Corte
B10: ='Set a analizar'!B10 -> -1 | C10: ='Set a analizar'!C10 -> B4 | D10: ='Set a analizar'!D10 -> 4 | E10: ='Set a analizar'!E10 -> PP | F10: ='Set a analizar'!F10 -> LinStatic | G10: ='Set a analizar'!G10 -> 0 | H10: ='Set a analizar'!H10 -> 1.83 | I10: ='Set a analizar'!I10 -> 0 | ... Q10: ='Set a analizar'!Q10 -> 0 | S10: Geometría del perfil | Y10: Diámetro | Z10: Área | AA10: Unidades | AB10: Área total | AD10: Diámetro | AE10: Área | AF10: Unidades | AG10: Área total
B11: ='Set a analizar'!B11 -> -1 | C11: ='Set a analizar'!C11 -> B4 | D11: ='Set a analizar'!D11 -> 4 | E11: ='Set a analizar'!E11 -> PP | F11: ='Set a analizar'!F11 -> LinStatic | G11: ='Set a analizar'!G11 -> 0 | H11: ='Set a analizar'!H11 -> 2.2875 | I11: ='Set a analizar'!I11 -> 0 | ... Q11: ='Set a analizar'!Q11 -> 0 | S11: h | T11: 0.5 | U11: m | Y11: mm | Z11: mm^2 | AB11: mm^2 | AD11: mm | AE11: mm^2 | AG11: mm^2
B12: ='Set a analizar'!B12 -> -1 | C12: ='Set a analizar'!C12 -> B4 | D12: ='Set a analizar'!D12 -> 4 | E12: ='Set a analizar'!E12 -> PP | F12: ='Set a analizar'!F12 -> LinStatic | G12: ='Set a analizar'!G12 -> 0 | H12: ='Set a analizar'!H12 -> 2.745 | I12: ='Set a analizar'!I12 -> 0 | ... Q12: ='Set a analizar'!Q12 -> 0 | S12: b | T12: 0.25 | U12: m | Y12: 8 | Z12: =PI()*(Y12/2)^2 -> 50.265482 | AB12: =AA12*Z12 -> 0 | AD12: 8 | AE12: =PI()*(AD12/2)^2 -> 50.265482 | AF12: 1 | AG12: =AF12*AE12 -> 50.265482
B13: ='Set a analizar'!B13 -> -1 | C13: ='Set a analizar'!C13 -> B4 | D13: ='Set a analizar'!D13 -> 4 | E13: ='Set a analizar'!E13 -> PP | F13: ='Set a analizar'!F13 -> LinStatic | G13: ='Set a analizar'!G13 -> 0 | H13: ='Set a analizar'!H13 -> 2.745 | I13: ='Set a analizar'!I13 -> 0 | ... Q13: ='Set a analizar'!Q13 -> 0 | S13: rec | T13: 5 | U13: cm | Y13: 10 | Z13: =PI()*(Y13/2)^2 -> 78.539816 | AB13: =AA13*Z13 -> 0 | AD13: 10 | AE13: =PI()*(AD13/2)^2 -> 78.539816 | AG13: =AF13*AE13 -> 0
B14: ='Set a analizar'!B14 -> -1 | C14: ='Set a analizar'!C14 -> B4 | D14: ='Set a analizar'!D14 -> 4 | E14: ='Set a analizar'!E14 -> PP | F14: ='Set a analizar'!F14 -> LinStatic | G14: ='Set a analizar'!G14 -> 0 | H14: ='Set a analizar'!H14 -> 3.2025 | I14: ='Set a analizar'!I14 -> 0 | ... Q14: ='Set a analizar'!Q14 -> 0 | S14: d | T14: =T11-T13/100 -> 0.45 | U14: m | Y14: 12 | Z14: =PI()*(Y14/2)^2 -> 113.09734 | AB14: =AA14*Z14 -> 0 | AD14: 12 | AE14: =PI()*(AD14/2)^2 -> 113.09734 | AG14: =AF14*AE14 -> 0
B15: ='Set a analizar'!B15 -> -1 | C15: ='Set a analizar'!C15 -> B4 | D15: ='Set a analizar'!D15 -> 4 | E15: ='Set a analizar'!E15 -> PP | F15: ='Set a analizar'!F15 -> LinStatic | G15: ='Set a analizar'!G15 -> 0 | H15: ='Set a analizar'!H15 -> 3.66 | I15: ='Set a analizar'!I15 -> 0 | ... Q15: ='Set a analizar'!Q15 -> 0 | Y15: 16 | Z15: =PI()*(Y15/2)^2 -> 201.06193 | AB15: =AA15*Z15 -> 0 | AD15: 16 | AE15: =PI()*(AD15/2)^2 -> 201.06193 | AG15: =AF15*AE15 -> 0
B16: ='Set a analizar'!B16 -> -1 | C16: ='Set a analizar'!C16 -> B4 | D16: ='Set a analizar'!D16 -> 4 | E16: ='Set a analizar'!E16 -> PP | F16: ='Set a analizar'!F16 -> LinStatic | G16: ='Set a analizar'!G16 -> 0 | H16: ='Set a analizar'!H16 -> 3.66 | I16: ='Set a analizar'!I16 -> 0 | ... Q16: ='Set a analizar'!Q16 -> 0 | S16: Características | Y16: 18 | Z16: =PI()*(Y16/2)^2 -> 254.469 | AA16: 3 | AB16: =AA16*Z16 -> 763.40701 | AD16: 18 | AE16: =PI()*(AD16/2)^2 -> 254.469 | AF16: 0 | AG16: =AF16*AE16 -> 0
B17: ='Set a analizar'!B17 -> -1 | C17: ='Set a analizar'!C17 -> B4 | D17: ='Set a analizar'!D17 -> 4 | E17: ='Set a analizar'!E17 -> PP | F17: ='Set a analizar'!F17 -> LinStatic | G17: ='Set a analizar'!G17 -> 0 | H17: ='Set a analizar'!H17 -> 4.1175 | I17: ='Set a analizar'!I17 -> 0 | ... Q17: ='Set a analizar'!Q17 -> 0 | S17: L | T17: =Y6-X6 -> 5.49 | U17: m | Y17: 22 | Z17: =PI()*(Y17/2)^2 -> 380.13271 | AA17: 0 | AB17: =AA17*Z17 -> 0 | AD17: 22 | AE17: =PI()*(AD17/2)^2 -> 380.13271 | AF17: 0 | AG17: =AF17*AE17 -> 0
B18: ='Set a analizar'!B18 -> -1 | C18: ='Set a analizar'!C18 -> B4 | D18: ='Set a analizar'!D18 -> 4 | E18: ='Set a analizar'!E18 -> PP | F18: ='Set a analizar'!F18 -> LinStatic | G18: ='Set a analizar'!G18 -> 0 | H18: ='Set a analizar'!H18 -> 4.575 | I18: ='Set a analizar'!I18 -> 0 | ... Q18: ='Set a analizar'!Q18 -> 0 | S18: f'c | T18: 35 | U18: Mpa | Y18: 25 | Z18: =PI()*(Y18/2)^2 -> 490.87385 | AB18: =AA18*Z18 -> 0 | AD18: 25 | AE18: =PI()*(AD18/2)^2 -> 490.87385 | AG18: =AF18*AE18 -> 0
B19: ='Set a analizar'!B19 -> -1 | C19: ='Set a analizar'!C19 -> B4 | D19: ='Set a analizar'!D19 -> 4 | E19: ='Set a analizar'!E19 -> PP | F19: ='Set a analizar'!F19 -> LinStatic | G19: ='Set a analizar'!G19 -> 0 | H19: ='Set a analizar'!H19 -> 4.575 | I19: ='Set a analizar'!I19 -> 0 | ... Q19: ='Set a analizar'!Q19 -> 0 | S19: E | T19: =4700*(SQRT(T18))/1000 -> 27.805575 | U19: Gpa | Y19: 28 | Z19: =PI()*(Y19/2)^2 -> 615.75216 | AB19: =AA19*Z19 -> 0 | AD19: 28 | AE19: =PI()*(AD19/2)^2 -> 615.75216 | AG19: =AF19*AE19 -> 0
B20: ='Set a analizar'!B20 -> -1 | C20: ='Set a analizar'!C20 -> B4 | D20: ='Set a analizar'!D20 -> 4 | E20: ='Set a analizar'!E20 -> PP | F20: ='Set a analizar'!F20 -> LinStatic | G20: ='Set a analizar'!G20 -> 0 | H20: ='Set a analizar'!H20 -> 4.9575 | I20: ='Set a analizar'!I20 -> 0 | ... Q20: ='Set a analizar'!Q20 -> 0 | S20: f'c | T20: =T18*9.81*10 -> 3433.5 | U20: tonf/m^2 | Y20: 32 | Z20: =PI()*(Y20/2)^2 -> 804.24772 | AB20: =AA20*Z20 -> 0 | AD20: 32 | AE20: =PI()*(AD20/2)^2 -> 804.24772 | AG20: =AF20*AE20 -> 0
B21: ='Set a analizar'!B21 -> -1 | C21: ='Set a analizar'!C21 -> B4 | D21: ='Set a analizar'!D21 -> 4 | E21: ='Set a analizar'!E21 -> PP | F21: ='Set a analizar'!F21 -> LinStatic | G21: ='Set a analizar'!G21 -> 0 | H21: ='Set a analizar'!H21 -> 5.34 | I21: ='Set a analizar'!I21 -> 0 | ... Q21: ='Set a analizar'!Q21 -> 0 | S21: E | T21: =151*((T20/10)^0.5)/1000*(1000*1000) -> 2797985.6 | U21: tonf/m^2 | Y21: 36 | Z21: =PI()*(Y21/2)^2 -> 1017.876 | AB21: =AA21*Z21 -> 0 | AD21: 36 | AE21: =PI()*(AD21/2)^2 -> 1017.876 | AG21: =AF21*AE21 -> 0
B22: ='Set a analizar'!B22 -> -1 | C22: ='Set a analizar'!C22 -> B4 | D22: ='Set a analizar'!D22 -> 4 | E22: ='Set a analizar'!E22 -> SC | F22: ='Set a analizar'!F22 -> LinStatic | G22: ='Set a analizar'!G22 -> 0 | H22: ='Set a analizar'!H22 -> 0 | I22: ='Set a analizar'!I22 -> 0 | ... Q22: ='Set a analizar'!Q22 -> 0 | S22: I | T22: =((T11^3)*(T12))/12 -> 0.0026041667 | U22: m^4 | Y22: 40 | Z22: =PI()*(Y22/2)^2 -> 1256.6371 | AB22: =AA22*Z22 -> 0 | AD22: 40 | AE22: =PI()*(AD22/2)^2 -> 1256.6371 | AG22: =AF22*AE22 -> 0
B23: ='Set a analizar'!B23 -> -1 | C23: ='Set a analizar'!C23 -> B4 | D23: ='Set a analizar'!D23 -> 4 | E23: ='Set a analizar'!E23 -> SC | F23: ='Set a analizar'!F23 -> LinStatic | G23: ='Set a analizar'!G23 -> 0 | H23: ='Set a analizar'!H23 -> 0.4575 | I23: ='Set a analizar'!I23 -> 0 | ... Q23: ='Set a analizar'!Q23 -> 0 | S23: fy | T23: 420 | U23: MPa
B24: ='Set a analizar'!B24 -> -1 | C24: ='Set a analizar'!C24 -> B4 | D24: ='Set a analizar'!D24 -> 4 | E24: ='Set a analizar'!E24 -> SC | F24: ='Set a analizar'!F24 -> LinStatic | G24: ='Set a analizar'!G24 -> 0 | H24: ='Set a analizar'!H24 -> 0.915 | I24: ='Set a analizar'!I24 -> 0 | ... Q24: ='Set a analizar'!Q24 -> 0 | S24: fy | T24: =T23*98.1 -> 41202 | U24: tonf/m^2 | Y24: Área máxima | AB24: =T46*1000*1000 -> 2390.625 | AC24: mm^2
B25: ='Set a analizar'!B25 -> -1 | C25: ='Set a analizar'!C25 -> B4 | D25: ='Set a analizar'!D25 -> 4 | E25: ='Set a analizar'!E25 -> SC | F25: ='Set a analizar'!F25 -> LinStatic | G25: ='Set a analizar'!G25 -> 0 | H25: ='Set a analizar'!H25 -> 0.915 | I25: ='Set a analizar'!I25 -> 0 | ... Q25: ='Set a analizar'!Q25 -> 0 | S25: e_c | T25: 0.003 | Y25: Área mínima | AB25: =T39*10*10 -> 375 | AC25: mm^2
B26: ='Set a analizar'!B26 -> -1 | C26: ='Set a analizar'!C26 -> B4 | D26: ='Set a analizar'!D26 -> 4 | E26: ='Set a analizar'!E26 -> SC | F26: ='Set a analizar'!F26 -> LinStatic | G26: ='Set a analizar'!G26 -> 0 | H26: ='Set a analizar'!H26 -> 1.3725 | I26: ='Set a analizar'!I26 -> 0 | ... Q26: ='Set a analizar'!Q26 -> 0 | S26: e_y | T26: 0.002 | Y26: Área | AB26: =SUM(AB12:AB22) -> 763.40701 | AD26: Área | AG26: =SUM(AG12:AG22) -> 50.265482
B27: ='Set a analizar'!B27 -> -1 | C27: ='Set a analizar'!C27 -> B4 | D27: ='Set a analizar'!D27 -> 4 | E27: ='Set a analizar'!E27 -> SC | F27: ='Set a analizar'!F27 -> LinStatic | G27: ='Set a analizar'!G27 -> 0 | H27: ='Set a analizar'!H27 -> 1.83 | I27: ='Set a analizar'!I27 -> 0 | ... Q27: ='Set a analizar'!Q27 -> 0 | S27: A_g | T27: =T11*T12 -> 0.125 | U27: m^2 | Y27: check | AB27: =IF(AND(AB25<AB26,AB26<AB24),"Estas bien","tay fuera") -> Estas bien
B28: ='Set a analizar'!B28 -> -1 | C28: ='Set a analizar'!C28 -> B4 | D28: ='Set a analizar'!D28 -> 4 | E28: ='Set a analizar'!E28 -> SC | F28: ='Set a analizar'!F28 -> LinStatic | G28: ='Set a analizar'!G28 -> 0 | H28: ='Set a analizar'!H28 -> 1.83 | I28: ='Set a analizar'!I28 -> 0 | ... Q28: ='Set a analizar'!Q28 -> 0
B29: ='Set a analizar'!B29 -> -1 | C29: ='Set a analizar'!C29 -> B4 | D29: ='Set a analizar'!D29 -> 4 | E29: ='Set a analizar'!E29 -> SC | F29: ='Set a analizar'!F29 -> LinStatic | G29: ='Set a analizar'!G29 -> 0 | H29: ='Set a analizar'!H29 -> 2.2875 | I29: ='Set a analizar'!I29 -> 0 | ... Q29: ='Set a analizar'!Q29 -> 0
B30: ='Set a analizar'!B30 -> -1 | C30: ='Set a analizar'!C30 -> B4 | D30: ='Set a analizar'!D30 -> 4 | E30: ='Set a analizar'!E30 -> SC | F30: ='Set a analizar'!F30 -> LinStatic | G30: ='Set a analizar'!G30 -> 0 | H30: ='Set a analizar'!H30 -> 2.745 | I30: ='Set a analizar'!I30 -> 0 | ... Q30: ='Set a analizar'!Q30 -> 0 | S30: Cálculo de flexión | W30: Cálculo de corte
B31: ='Set a analizar'!B31 -> -1 | C31: ='Set a analizar'!C31 -> B4 | D31: ='Set a analizar'!D31 -> 4 | E31: ='Set a analizar'!E31 -> SC | F31: ='Set a analizar'!F31 -> LinStatic | G31: ='Set a analizar'!G31 -> 0 | H31: ='Set a analizar'!H31 -> 2.745 | I31: ='Set a analizar'!I31 -> 0 | ... Q31: ='Set a analizar'!Q31 -> 0
B32: ='Set a analizar'!B32 -> -1 | C32: ='Set a analizar'!C32 -> B4 | D32: ='Set a analizar'!D32 -> 4 | E32: ='Set a analizar'!E32 -> SC | F32: ='Set a analizar'!F32 -> LinStatic | G32: ='Set a analizar'!G32 -> 0 | H32: ='Set a analizar'!H32 -> 3.2025 | I32: ='Set a analizar'!I32 -> 0 | ... Q32: ='Set a analizar'!Q32 -> 0
B33: ='Set a analizar'!B33 -> -1 | C33: ='Set a analizar'!C33 -> B4 | D33: ='Set a analizar'!D33 -> 4 | E33: ='Set a analizar'!E33 -> SC | F33: ='Set a analizar'!F33 -> LinStatic | G33: ='Set a analizar'!G33 -> 0 | H33: ='Set a analizar'!H33 -> 3.66 | I33: ='Set a analizar'!I33 -> 0 | ... Q33: ='Set a analizar'!Q33 -> 0
B34: ='Set a analizar'!B34 -> -1 | C34: ='Set a analizar'!C34 -> B4 | D34: ='Set a analizar'!D34 -> 4 | E34: ='Set a analizar'!E34 -> SC | F34: ='Set a analizar'!F34 -> LinStatic | G34: ='Set a analizar'!G34 -> 0 | H34: ='Set a analizar'!H34 -> 3.66 | I34: ='Set a analizar'!I34 -> 0 | ... Q34: ='Set a analizar'!Q34 -> 0
B35: ='Set a analizar'!B35 -> -1 | C35: ='Set a analizar'!C35 -> B4 | D35: ='Set a analizar'!D35 -> 4 | E35: ='Set a analizar'!E35 -> SC | F35: ='Set a analizar'!F35 -> LinStatic | G35: ='Set a analizar'!G35 -> 0 | H35: ='Set a analizar'!H35 -> 4.1175 | I35: ='Set a analizar'!I35 -> 0 | ... Q35: ='Set a analizar'!Q35 -> 0 | S35: Parámetros importantes | W35: Resistencia del hormigón al corte
B36: ='Set a analizar'!B36 -> -1 | C36: ='Set a analizar'!C36 -> B4 | D36: ='Set a analizar'!D36 -> 4 | E36: ='Set a analizar'!E36 -> SC | F36: ='Set a analizar'!F36 -> LinStatic | G36: ='Set a analizar'!G36 -> 0 | H36: ='Set a analizar'!H36 -> 4.575 | I36: ='Set a analizar'!I36 -> 0 | ... Q36: ='Set a analizar'!Q36 -> 0 | S36: Enfierradura mínima | W36: V_u | X36: =T7*9.81 -> 104.51084 | Y36: kN
B37: ='Set a analizar'!B37 -> -1 | C37: ='Set a analizar'!C37 -> B4 | D37: ='Set a analizar'!D37 -> 4 | E37: ='Set a analizar'!E37 -> SC | F37: ='Set a analizar'!F37 -> LinStatic | G37: ='Set a analizar'!G37 -> 0 | H37: ='Set a analizar'!H37 -> 4.575 | I37: ='Set a analizar'!I37 -> 0 | ... Q37: ='Set a analizar'!Q37 -> 0 | S37: As_min1 | T37: =(0.25*SQRT(T18))/T23*T11*T12*100*100 -> 4.4018451 | U37: cm^2 | W37: V_c | X37: =0.17*1*SQRT(T18)*T12*T14*1000*1000/1000 -> 113.14503 | Y37: kN
B38: ='Set a analizar'!B38 -> -1 | C38: ='Set a analizar'!C38 -> B4 | D38: ='Set a analizar'!D38 -> 4 | E38: ='Set a analizar'!E38 -> SC | F38: ='Set a analizar'!F38 -> LinStatic | G38: ='Set a analizar'!G38 -> 0 | H38: ='Set a analizar'!H38 -> 4.9575 | I38: ='Set a analizar'!I38 -> 0 | ... Q38: ='Set a analizar'!Q38 -> 0 | S38: As_min2 | T38: =1.4*T14*T12/T23*100*100 -> 3.75 | U38: cm^2 | W38: Factor | X38: =0.75*(X37+0.66*SQRT(T18)*T12*T14*1000) -> 414.31046 | Y38: kN
B39: ='Set a analizar'!B39 -> -1 | C39: ='Set a analizar'!C39 -> B4 | D39: ='Set a analizar'!D39 -> 4 | E39: ='Set a analizar'!E39 -> SC | F39: ='Set a analizar'!F39 -> LinStatic | G39: ='Set a analizar'!G39 -> 0 | H39: ='Set a analizar'!H39 -> 5.34 | I39: ='Set a analizar'!I39 -> 0 | ... Q39: ='Set a analizar'!Q39 -> 0 | S39: As_min | T39: =MIN(T37:T38) -> 3.75 | U39: cm^2
B40: ='Set a analizar'!B40 -> -1 | C40: ='Set a analizar'!C40 -> B4 | D40: ='Set a analizar'!D40 -> 4 | E40: ='Set a analizar'!E40 -> SX | F40: ='Set a analizar'!F40 -> LinRespSpec | G40: ='Set a analizar'!G40 -> Max | H40: ='Set a analizar'!H40 -> 0 | I40: ='Set a analizar'!I40 -> 0 | ... Q40: ='Set a analizar'!Q40 -> 0 | S40: rho_min | T40: =T39/(T12*100*T14*100) -> 0.0033333333 | W40: Se requiere armadura?
B41: ='Set a analizar'!B41 -> -1 | C41: ='Set a analizar'!C41 -> B4 | D41: ='Set a analizar'!D41 -> 4 | E41: ='Set a analizar'!E41 -> SX | F41: ='Set a analizar'!F41 -> LinRespSpec | G41: ='Set a analizar'!G41 -> Max | H41: ='Set a analizar'!H41 -> 0.4575 | I41: ='Set a analizar'!I41 -> 0 | ... Q41: ='Set a analizar'!Q41 -> 0 | W41: 0.9*V_c/2 | X41: =0.75*X37/2 -> 42.429385
B42: ='Set a analizar'!B42 -> -1 | C42: ='Set a analizar'!C42 -> B4 | D42: ='Set a analizar'!D42 -> 4 | E42: ='Set a analizar'!E42 -> SX | F42: ='Set a analizar'!F42 -> LinRespSpec | G42: ='Set a analizar'!G42 -> Max | H42: ='Set a analizar'!H42 -> 0.915 | I42: ='Set a analizar'!I42 -> 0 | ... Q42: ='Set a analizar'!Q42 -> 0 | S42: Enfierradura máxima | W42: V_u>0.9*V_c/2 | X42: =IF(X36<X41,"No se requiere armadura","Se requiere armadura") -> Se requiere armadura
B43: ='Set a analizar'!B43 -> -1 | C43: ='Set a analizar'!C43 -> B4 | D43: ='Set a analizar'!D43 -> 4 | E43: ='Set a analizar'!E43 -> SX | F43: ='Set a analizar'!F43 -> LinRespSpec | G43: ='Set a analizar'!G43 -> Max | H43: ='Set a analizar'!H43 -> 0.915 | I43: ='Set a analizar'!I43 -> 0 | ... Q43: ='Set a analizar'!Q43 -> 0 | S43: c_max | T43: =0.375*T14 -> 0.16875 | U43: m
B44: ='Set a analizar'!B44 -> -1 | C44: ='Set a analizar'!C44 -> B4 | D44: ='Set a analizar'!D44 -> 4 | E44: ='Set a analizar'!E44 -> SX | F44: ='Set a analizar'!F44 -> LinRespSpec | G44: ='Set a analizar'!G44 -> Max | H44: ='Set a analizar'!H44 -> 1.3725 | I44: ='Set a analizar'!I44 -> 0 | ... Q44: ='Set a analizar'!Q44 -> 0 | S44: beta_1 | T44: =IF(AB5<=28,AC5,IF(AB5>=55,AC6,AC7)) -> 0.8 | W44: V_s | X44: =(X36-0.75*X37)/0.75 -> 26.202754 | Y44: kN
B45: ='Set a analizar'!B45 -> -1 | C45: ='Set a analizar'!C45 -> B4 | D45: ='Set a analizar'!D45 -> 4 | E45: ='Set a analizar'!E45 -> SX | F45: ='Set a analizar'!F45 -> LinRespSpec | G45: ='Set a analizar'!G45 -> Max | H45: ='Set a analizar'!H45 -> 1.83 | I45: ='Set a analizar'!I45 -> 0 | ... Q45: ='Set a analizar'!Q45 -> 0 | S45: a_max | T45: =T43*T44 -> 0.135 | U45: m
B46: ='Set a analizar'!B46 -> -1 | C46: ='Set a analizar'!C46 -> B4 | D46: ='Set a analizar'!D46 -> 4 | E46: ='Set a analizar'!E46 -> SX | F46: ='Set a analizar'!F46 -> LinRespSpec | G46: ='Set a analizar'!G46 -> Max | H46: ='Set a analizar'!H46 -> 1.83 | I46: ='Set a analizar'!I46 -> 0 | ... Q46: ='Set a analizar'!Q46 -> 0 | S46: As_max | T46: =(0.85*T18*T12*T45)/T23 -> 0.002390625 | U46: cm^2 | W46: Espaciamiento (s_max)
B47: ='Set a analizar'!B47 -> -1 | C47: ='Set a analizar'!C47 -> B4 | D47: ='Set a analizar'!D47 -> 4 | E47: ='Set a analizar'!E47 -> SX | F47: ='Set a analizar'!F47 -> LinRespSpec | G47: ='Set a analizar'!G47 -> Max | H47: ='Set a analizar'!H47 -> 2.2875 | I47: ='Set a analizar'!I47 -> 0 | ... Q47: ='Set a analizar'!Q47 -> 0 | S47: rho_max | T47: =T46/(T12*T14) -> 0.02125 | W47: 0.33*f'c^0.5*b*d | X47: =0.33*SQRT(T18)*T12*T14*1000 -> 219.63446 | Y47: kN
B48: ='Set a analizar'!B48 -> -1 | C48: ='Set a analizar'!C48 -> B4 | D48: ='Set a analizar'!D48 -> 4 | E48: ='Set a analizar'!E48 -> SX | F48: ='Set a analizar'!F48 -> LinRespSpec | G48: ='Set a analizar'!G48 -> Max | H48: ='Set a analizar'!H48 -> 2.745 | I48: ='Set a analizar'!I48 -> 0 | ... Q48: ='Set a analizar'!Q48 -> 0 | W48: Espaciamiento_max | X48: =IF(X44<X47,MIN(T14/2,0.6),(MIN(T14/4,0.3))) -> 0.225 | Y48: m
B49: ='Set a analizar'!B49 -> -1 | C49: ='Set a analizar'!C49 -> B4 | D49: ='Set a analizar'!D49 -> 4 | E49: ='Set a analizar'!E49 -> SX | F49: ='Set a analizar'!F49 -> LinRespSpec | G49: ='Set a analizar'!G49 -> Max | H49: ='Set a analizar'!H49 -> 2.745 | I49: ='Set a analizar'!I49 -> 0 | ... Q49: ='Set a analizar'!Q49 -> 0 | S49: Area de acero | W49: Espaciamiento | X49: =X48 -> 0.225 | Y49: m
B50: ='Set a analizar'!B50 -> -1 | C50: ='Set a analizar'!C50 -> B4 | D50: ='Set a analizar'!D50 -> 4 | E50: ='Set a analizar'!E50 -> SX | F50: ='Set a analizar'!F50 -> LinRespSpec | G50: ='Set a analizar'!G50 -> Max | H50: ='Set a analizar'!H50 -> 3.2025 | I50: ='Set a analizar'!I50 -> 0 | ... Q50: ='Set a analizar'!Q50 -> 0 | S50: A_s | T50: =AB26 -> 763.40701 | U50: mm^2
B51: ='Set a analizar'!B51 -> -1 | C51: ='Set a analizar'!C51 -> B4 | D51: ='Set a analizar'!D51 -> 4 | E51: ='Set a analizar'!E51 -> SX | F51: ='Set a analizar'!F51 -> LinRespSpec | G51: ='Set a analizar'!G51 -> Max | H51: ='Set a analizar'!H51 -> 3.66 | I51: ='Set a analizar'!I51 -> 0 | ... Q51: ='Set a analizar'!Q51 -> 0 | S51: A_s | T51: =T50/1000000 -> 0.00076340701 | U51: m^2 | W51: Area requerida
B52: ='Set a analizar'!B52 -> -1 | C52: ='Set a analizar'!C52 -> B4 | D52: ='Set a analizar'!D52 -> 4 | E52: ='Set a analizar'!E52 -> SX | F52: ='Set a analizar'!F52 -> LinRespSpec | G52: ='Set a analizar'!G52 -> Max | H52: ='Set a analizar'!H52 -> 3.66 | I52: ='Set a analizar'!I52 -> 0 | ... Q52: ='Set a analizar'!Q52 -> 0 | W52: A_s_req | X52: =X49*X44/(T23*T14)*1000 -> 31.193755 | Y52: mm^2
B53: ='Set a analizar'!B53 -> -1 | C53: ='Set a analizar'!C53 -> B4 | D53: ='Set a analizar'!D53 -> 4 | E53: ='Set a analizar'!E53 -> SX | F53: ='Set a analizar'!F53 -> LinRespSpec | G53: ='Set a analizar'!G53 -> Max | H53: ='Set a analizar'!H53 -> 4.1175 | I53: ='Set a analizar'!I53 -> 0 | ... Q53: ='Set a analizar'!Q53 -> 0 | W53: Av | X53: =AG26*2 -> 100.53096 | Y53: mm^2
B54: ='Set a analizar'!B54 -> -1 | C54: ='Set a analizar'!C54 -> B4 | D54: ='Set a analizar'!D54 -> 4 | E54: ='Set a analizar'!E54 -> SX | F54: ='Set a analizar'!F54 -> LinRespSpec | G54: ='Set a analizar'!G54 -> Max | H54: ='Set a analizar'!H54 -> 4.575 | I54: ='Set a analizar'!I54 -> 0 | ... Q54: ='Set a analizar'!Q54 -> 0 | S54: Verificación de fluencia
B55: ='Set a analizar'!B55 -> -1 | C55: ='Set a analizar'!C55 -> B4 | D55: ='Set a analizar'!D55 -> 4 | E55: ='Set a analizar'!E55 -> SX | F55: ='Set a analizar'!F55 -> LinRespSpec | G55: ='Set a analizar'!G55 -> Max | H55: ='Set a analizar'!H55 -> 4.575 | I55: ='Set a analizar'!I55 -> 0 | ... Q55: ='Set a analizar'!Q55 -> 0 | S55: a | T55: =(T51*T23)/(0.85*T18*T12) -> 0.043110043 | U55: m | W55: A_v_min | X55: =MAX((0.062*SQRT(T18)*T12*X49)/T23,(0.35*T12*X49/T23))*1000*1000 -> 49.124591 | Y55: mm^2
B56: ='Set a analizar'!B56 -> -1 | C56: ='Set a analizar'!C56 -> B4 | D56: ='Set a analizar'!D56 -> 4 | E56: ='Set a analizar'!E56 -> SX | F56: ='Set a analizar'!F56 -> LinRespSpec | G56: ='Set a analizar'!G56 -> Max | H56: ='Set a analizar'!H56 -> 4.9575 | I56: ='Set a analizar'!I56 -> 0 | ... Q56: ='Set a analizar'!Q56 -> 0 | S56: c | T56: =T55/T44 -> 0.053887554 | U56: m | W56: =IF(X53>X55,"cumple","no cumple") -> cumple
B57: ='Set a analizar'!B57 -> -1 | C57: ='Set a analizar'!C57 -> B4 | D57: ='Set a analizar'!D57 -> 4 | E57: ='Set a analizar'!E57 -> SX | F57: ='Set a analizar'!F57 -> LinRespSpec | G57: ='Set a analizar'!G57 -> Max | H57: ='Set a analizar'!H57 -> 5.34 | I57: ='Set a analizar'!I57 -> 0 | ... Q57: ='Set a analizar'!Q57 -> 0 | S57: e_s | T57: =(T14-T56)/T56*T25 -> 0.022052167 | U57: =IF(T57>T26,"Está en fluencia","no está en fluencia") -> Está en fluencia
B58: ='Set a analizar'!B58 -> -1 | C58: ='Set a analizar'!C58 -> B4 | D58: ='Set a analizar'!D58 -> 4 | E58: ='Set a analizar'!E58 -> SY | F58: ='Set a analizar'!F58 -> LinRespSpec | G58: ='Set a analizar'!G58 -> Max | H58: ='Set a analizar'!H58 -> 0 | I58: ='Set a analizar'!I58 -> 0 | ... Q58: ='Set a analizar'!Q58 -> 0 | W58: Verificacion
B59: ='Set a analizar'!B59 -> -1 | C59: ='Set a analizar'!C59 -> B4 | D59: ='Set a analizar'!D59 -> 4 | E59: ='Set a analizar'!E59 -> SY | F59: ='Set a analizar'!F59 -> LinRespSpec | G59: ='Set a analizar'!G59 -> Max | H59: ='Set a analizar'!H59 -> 0.4575 | I59: ='Set a analizar'!I59 -> 0 | ... Q59: ='Set a analizar'!Q59 -> 0 | W59: Vs | X59: =X53*T23*T14/X49/1000 -> 84.446011 | Y59: kN
B60: ='Set a analizar'!B60 -> -1 | C60: ='Set a analizar'!C60 -> B4 | D60: ='Set a analizar'!D60 -> 4 | E60: ='Set a analizar'!E60 -> SY | F60: ='Set a analizar'!F60 -> LinRespSpec | G60: ='Set a analizar'!G60 -> Max | H60: ='Set a analizar'!H60 -> 0.915 | I60: ='Set a analizar'!I60 -> 0 | ... Q60: ='Set a analizar'!Q60 -> 0 | S60: Verificación de resistencia
B61: ='Set a analizar'!B61 -> -1 | C61: ='Set a analizar'!C61 -> B4 | D61: ='Set a analizar'!D61 -> 4 | E61: ='Set a analizar'!E61 -> SY | F61: ='Set a analizar'!F61 -> LinRespSpec | G61: ='Set a analizar'!G61 -> Max | H61: ='Set a analizar'!H61 -> 0.915 | I61: ='Set a analizar'!I61 -> 0 | ... Q61: ='Set a analizar'!Q61 -> 0 | S61: Mn | T61: =T51*T23*(T14-(T55/2))*1000 -> 137.37272 | U61: kNm | W61: V_n | X61: =X59+X37 -> 197.59104 | Y61: kN
B62: ='Set a analizar'!B62 -> -1 | C62: ='Set a analizar'!C62 -> B4 | D62: ='Set a analizar'!D62 -> 4 | E62: ='Set a analizar'!E62 -> SY | F62: ='Set a analizar'!F62 -> LinRespSpec | G62: ='Set a analizar'!G62 -> Max | H62: ='Set a analizar'!H62 -> 1.3725 | I62: ='Set a analizar'!I62 -> 0 | ... Q62: ='Set a analizar'!Q62 -> 0 | S62: Mn*phi | T62: =0.9*T61 -> 123.63545 | U62: kNm | W62: phi*V_n | X62: =X61*0.75 -> 148.19328
B63: ='Set a analizar'!B63 -> -1 | C63: ='Set a analizar'!C63 -> B4 | D63: ='Set a analizar'!D63 -> 4 | E63: ='Set a analizar'!E63 -> SY | F63: ='Set a analizar'!F63 -> LinRespSpec | G63: ='Set a analizar'!G63 -> Max | H63: ='Set a analizar'!H63 -> 1.83 | I63: ='Set a analizar'!I63 -> 0 | ... Q63: ='Set a analizar'!Q63 -> 0 | S63: M_req | T63: =T5*-9.81 -> 108.86746 | U63: tonf*m
B64: ='Set a analizar'!B64 -> -1 | C64: ='Set a analizar'!C64 -> B4 | D64: ='Set a analizar'!D64 -> 4 | E64: ='Set a analizar'!E64 -> SY | F64: ='Set a analizar'!F64 -> LinRespSpec | G64: ='Set a analizar'!G64 -> Max | H64: ='Set a analizar'!H64 -> 1.83 | I64: ='Set a analizar'!I64 -> 0 | ... Q64: ='Set a analizar'!Q64 -> 0 | S64: =IF(T63<T62,"Cumple","no cumple") -> Cumple | W64: =IF(0.75*X61>X36,"estamos listos","subele") -> estamos listos
B65: ='Set a analizar'!B65 -> -1 | C65: ='Set a analizar'!C65 -> B4 | D65: ='Set a analizar'!D65 -> 4 | E65: ='Set a analizar'!E65 -> SY | F65: ='Set a analizar'!F65 -> LinRespSpec | G65: ='Set a analizar'!G65 -> Max | H65: ='Set a analizar'!H65 -> 2.2875 | I65: ='Set a analizar'!I65 -> 0 | ... Q65: ='Set a analizar'!Q65 -> 0
B66: ='Set a analizar'!B66 -> -1 | C66: ='Set a analizar'!C66 -> B4 | D66: ='Set a analizar'!D66 -> 4 | E66: ='Set a analizar'!E66 -> SY | F66: ='Set a analizar'!F66 -> LinRespSpec | G66: ='Set a analizar'!G66 -> Max | H66: ='Set a analizar'!H66 -> 2.745 | I66: ='Set a analizar'!I66 -> 0 | ... Q66: ='Set a analizar'!Q66 -> 0
B67: ='Set a analizar'!B67 -> -1 | C67: ='Set a analizar'!C67 -> B4 | D67: ='Set a analizar'!D67 -> 4 | E67: ='Set a analizar'!E67 -> SY | F67: ='Set a analizar'!F67 -> LinRespSpec | G67: ='Set a analizar'!G67 -> Max | H67: ='Set a analizar'!H67 -> 2.745 | I67: ='Set a analizar'!I67 -> 0 | ... Q67: ='Set a analizar'!Q67 -> 0
B68: ='Set a analizar'!B68 -> -1 | C68: ='Set a analizar'!C68 -> B4 | D68: ='Set a analizar'!D68 -> 4 | E68: ='Set a analizar'!E68 -> SY | F68: ='Set a analizar'!F68 -> LinRespSpec | G68: ='Set a analizar'!G68 -> Max | H68: ='Set a analizar'!H68 -> 3.2025 | I68: ='Set a analizar'!I68 -> 0 | ... Q68: ='Set a analizar'!Q68 -> 0
B69: ='Set a analizar'!B69 -> -1 | C69: ='Set a analizar'!C69 -> B4 | D69: ='Set a analizar'!D69 -> 4 | E69: ='Set a analizar'!E69 -> SY | F69: ='Set a analizar'!F69 -> LinRespSpec | G69: ='Set a analizar'!G69 -> Max | H69: ='Set a analizar'!H69 -> 3.66 | I69: ='Set a analizar'!I69 -> 0 | ... Q69: ='Set a analizar'!Q69 -> 0
B70: ='Set a analizar'!B70 -> -1 | C70: ='Set a analizar'!C70 -> B4 | D70: ='Set a analizar'!D70 -> 4 | E70: ='Set a analizar'!E70 -> SY | F70: ='Set a analizar'!F70 -> LinRespSpec | G70: ='Set a analizar'!G70 -> Max | H70: ='Set a analizar'!H70 -> 3.66 | I70: ='Set a analizar'!I70 -> 0 | ... Q70: ='Set a analizar'!Q70 -> 0
B71: ='Set a analizar'!B71 -> -1 | C71: ='Set a analizar'!C71 -> B4 | D71: ='Set a analizar'!D71 -> 4 | E71: ='Set a analizar'!E71 -> SY | F71: ='Set a analizar'!F71 -> LinRespSpec | G71: ='Set a analizar'!G71 -> Max | H71: ='Set a analizar'!H71 -> 4.1175 | I71: ='Set a analizar'!I71 -> 0 | ... Q71: ='Set a analizar'!Q71 -> 0
B72: ='Set a analizar'!B72 -> -1 | C72: ='Set a analizar'!C72 -> B4 | D72: ='Set a analizar'!D72 -> 4 | E72: ='Set a analizar'!E72 -> SY | F72: ='Set a analizar'!F72 -> LinRespSpec | G72: ='Set a analizar'!G72 -> Max | H72: ='Set a analizar'!H72 -> 4.575 | I72: ='Set a analizar'!I72 -> 0 | ... Q72: ='Set a analizar'!Q72 -> 0
B73: ='Set a analizar'!B73 -> -1 | C73: ='Set a analizar'!C73 -> B4 | D73: ='Set a analizar'!D73 -> 4 | E73: ='Set a analizar'!E73 -> SY | F73: ='Set a analizar'!F73 -> LinRespSpec | G73: ='Set a analizar'!G73 -> Max | H73: ='Set a analizar'!H73 -> 4.575 | I73: ='Set a analizar'!I73 -> 0 | ... Q73: ='Set a analizar'!Q73 -> 0
B74: ='Set a analizar'!B74 -> -1 | C74: ='Set a analizar'!C74 -> B4 | D74: ='Set a analizar'!D74 -> 4 | E74: ='Set a analizar'!E74 -> SY | F74: ='Set a analizar'!F74 -> LinRespSpec | G74: ='Set a analizar'!G74 -> Max | H74: ='Set a analizar'!H74 -> 4.9575 | I74: ='Set a analizar'!I74 -> 0 | ... Q74: ='Set a analizar'!Q74 -> 0
B75: ='Set a analizar'!B75 -> -1 | C75: ='Set a analizar'!C75 -> B4 | D75: ='Set a analizar'!D75 -> 4 | E75: ='Set a analizar'!E75 -> SY | F75: ='Set a analizar'!F75 -> LinRespSpec | G75: ='Set a analizar'!G75 -> Max | H75: ='Set a analizar'!H75 -> 5.34 | I75: ='Set a analizar'!I75 -> 0 | ... Q75: ='Set a analizar'!Q75 -> 0
B76: ='Set a analizar'!B76 -> -1 | C76: ='Set a analizar'!C76 -> B4 | D76: ='Set a analizar'!D76 -> 4 | E76: ='Set a analizar'!E76 -> C1 | F76: ='Set a analizar'!F76 -> Combination | G76: ='Set a analizar'!G76 -> 0 | H76: ='Set a analizar'!H76 -> 0 | I76: ='Set a analizar'!I76 -> 0 | ... Q76: ='Set a analizar'!Q76 -> 0
... B309: ='Set a analizar'!B309 -> -1 | C309: ='Set a analizar'!C309 -> B4 | D309: ='Set a analizar'!D309 -> 4 | E309: ='Set a analizar'!E309 -> PPSC | F309: ='Set a analizar'!F309 -> Combination | G309: ='Set a analizar'!G309 -> 0 | H309: ='Set a analizar'!H309 -> 5.34 | I309: ='Set a analizar'!I309 -> 0 | ... Q309: ='Set a analizar'!Q309 -> 0

Sheet B8
B2: Story | C2: Beam | D2: Unique Name | E2: Output Case | F2: Case Type | G2: Step Type | H2: Station | I2: P | J2: V2 | K2: V3 | L2: T | M2: M2 | N2: M3 | O2: Element | P2: Elem Station | Q2: Location
H3: m | I3: tonf | J3: tonf | K3: tonf | L3: tonf-m | M3: tonf-m | N3: tonf-m | P3: m
B4: ='Set a analizar'!B310 -> -1 | C4: ='Set a analizar'!C310 -> B8 | D4: ='Set a analizar'!D310 -> 8 | E4: ='Set a analizar'!E310 -> PP | F4: ='Set a analizar'!F310 -> LinStatic | G4: ='Set a analizar'!G310 -> 0 | H4: ='Set a analizar'!H310 -> 0.15 | I4: ='Set a analizar'!I310 -> 0 | ... Q4: ='Set a analizar'!Q310 -> 0 | S4: Mmax | T4: =MAX(N4:N309) -> 7.0797 | U4: tonfm
B5: ='Set a analizar'!B311 -> -1 | C5: ='Set a analizar'!C311 -> B8 | D5: ='Set a analizar'!D311 -> 8 | E5: ='Set a analizar'!E311 -> PP | F5: ='Set a analizar'!F311 -> LinStatic | G5: ='Set a analizar'!G311 -> 0 | H5: ='Set a analizar'!H311 -> 0.555 | I5: ='Set a analizar'!I311 -> 0 | ... Q5: ='Set a analizar'!Q311 -> 0 | S5: Mmin | T5: =MIN(N4:N309) -> -11.0742 | U5: tonfm | AA5: fc | AB5: =T18 -> 35 | AC5: 0.85
B6: ='Set a analizar'!B312 -> -1 | C6: ='Set a analizar'!C312 -> B8 | D6: ='Set a analizar'!D312 -> 8 | E6: ='Set a analizar'!E312 -> PP | F6: ='Set a analizar'!F312 -> LinStatic | G6: ='Set a analizar'!G312 -> 0 | H6: ='Set a analizar'!H312 -> 0.96 | I6: ='Set a analizar'!I312 -> 0 | ... Q6: ='Set a analizar'!Q312 -> 0 | AC6: 0.65
B7: ='Set a analizar'!B313 -> -1 | C7: ='Set a analizar'!C313 -> B8 | D7: ='Set a analizar'!D313 -> 8 | E7: ='Set a analizar'!E313 -> PP | F7: ='Set a analizar'!F313 -> LinStatic | G7: ='Set a analizar'!G313 -> 0 | H7: ='Set a analizar'!H313 -> 0.96 | I7: ='Set a analizar'!I313 -> 0 | ... Q7: ='Set a analizar'!Q313 -> 0 | S7: Vmax | T7: =MAX(J4:J309) -> 10.2554 | U7: tonf | AC7: =0.85-(0.05*(AB5-28)/7) -> 0.8
B8: ='Set a analizar'!B314 -> -1 | C8: ='Set a analizar'!C314 -> B8 | D8: ='Set a analizar'!D314 -> 8 | E8: ='Set a analizar'!E314 -> PP | F8: ='Set a analizar'!F314 -> LinStatic | G8: ='Set a analizar'!G314 -> 0 | H8: ='Set a analizar'!H314 -> 1.459 | I8: ='Set a analizar'!I314 -> 0 | ... Q8: ='Set a analizar'!Q314 -> 0 | S8: Vmin | T8: =MIN(J4:J309) -> -10.4822 | U8: tonf
B9: ='Set a analizar'!B315 -> -1 | C9: ='Set a analizar'!C315 -> B8 | D9: ='Set a analizar'!D315 -> 8 | E9: ='Set a analizar'!E315 -> PP | F9: ='Set a analizar'!F315 -> LinStatic | G9: ='Set a analizar'!G315 -> 0 | H9: ='Set a analizar'!H315 -> 1.958 | I9: ='Set a analizar'!I315 -> 0 | ... Q9: ='Set a analizar'!Q315 -> 0 | Y9: Flexión | AD9: Corte
B10: ='Set a analizar'!B316 -> -1 | C10: ='Set a analizar'!C316 -> B8 | D10: ='Set a analizar'!D316 -> 8 | E10: ='Set a analizar'!E316 -> PP | F10: ='Set a analizar'!F316 -> LinStatic | G10: ='Set a analizar'!G316 -> 0 | H10: ='Set a analizar'!H316 -> 1.958 | I10: ='Set a analizar'!I316 -> 0 | ... Q10: ='Set a analizar'!Q316 -> 0 | S10: Geometría del perfil | Y10: Diámetro | Z10: Área | AA10: Unidades | AB10: Área total | AD10: Diámetro | AE10: Área | AF10: Unidades | AG10: Área total
B11: ='Set a analizar'!B317 -> -1 | C11: ='Set a analizar'!C317 -> B8 | D11: ='Set a analizar'!D317 -> 8 | E11: ='Set a analizar'!E317 -> PP | F11: ='Set a analizar'!F317 -> LinStatic | G11: ='Set a analizar'!G317 -> 0 | H11: ='Set a analizar'!H317 -> 2.457 | I11: ='Set a analizar'!I317 -> 0 | ... Q11: ='Set a analizar'!Q317 -> 0 | S11: h | T11: 0.5 | U11: m | Y11: mm | Z11: mm^2 | AB11: mm^2 | AD11: mm | AE11: mm^2 | AG11: mm^2
B12: ='Set a analizar'!B318 -> -1 | C12: ='Set a analizar'!C318 -> B8 | D12: ='Set a analizar'!D318 -> 8 | E12: ='Set a analizar'!E318 -> PP | F12: ='Set a analizar'!F318 -> LinStatic | G12: ='Set a analizar'!G318 -> 0 | H12: ='Set a analizar'!H318 -> 2.956 | I12: ='Set a analizar'!I318 -> 0 | ... Q12: ='Set a analizar'!Q318 -> 0 | S12: b | T12: 0.25 | U12: m | Y12: 8 | Z12: =PI()*(Y12/2)^2 -> 50.265482 | AB12: =AA12*Z12 -> 0 | AD12: 8 | AE12: =PI()*(AD12/2)^2 -> 50.265482 | AF12: 1 | AG12: =AF12*AE12 -> 50.265482
B13: ='Set a analizar'!B319 -> -1 | C13: ='Set a analizar'!C319 -> B8 | D13: ='Set a analizar'!D319 -> 8 | E13: ='Set a analizar'!E319 -> PP | F13: ='Set a analizar'!F319 -> LinStatic | G13: ='Set a analizar'!G319 -> 0 | H13: ='Set a analizar'!H319 -> 2.956 | I13: ='Set a analizar'!I319 -> 0 | ... Q13: ='Set a analizar'!Q319 -> 0 | S13: rec | T13: 5 | U13: cm | Y13: 10 | Z13: =PI()*(Y13/2)^2 -> 78.539816 | AB13: =AA13*Z13 -> 0 | AD13: 10 | AE13: =PI()*(AD13/2)^2 -> 78.539816 | AG13: =AF13*AE13 -> 0
B14: ='Set a analizar'!B320 -> -1 | C14: ='Set a analizar'!C320 -> B8 | D14: ='Set a analizar'!D320 -> 8 | E14: ='Set a analizar'!E320 -> PP | F14: ='Set a analizar'!F320 -> LinStatic | G14: ='Set a analizar'!G320 -> 0 | H14: ='Set a analizar'!H320 -> 3.455 | I14: ='Set a analizar'!I320 -> 0 | ... Q14: ='Set a analizar'!Q320 -> 0 | S14: d | T14: =T11-T13/100 -> 0.45 | U14: m | Y14: 12 | Z14: =PI()*(Y14/2)^2 -> 113.09734 | AB14: =AA14*Z14 -> 0 | AD14: 12 | AE14: =PI()*(AD14/2)^2 -> 113.09734 | AG14: =AF14*AE14 -> 0
B15: ='Set a analizar'!B321 -> -1 | C15: ='Set a analizar'!C321 -> B8 | D15: ='Set a analizar'!D321 -> 8 | E15: ='Set a analizar'!E321 -> PP | F15: ='Set a analizar'!F321 -> LinStatic | G15: ='Set a analizar'!G321 -> 0 | H15: ='Set a analizar'!H321 -> 3.9541 | I15: ='Set a analizar'!I321 -> 0 | ... Q15: ='Set a analizar'!Q321 -> 0 | Y15: 16 | Z15: =PI()*(Y15/2)^2 -> 201.06193 | AB15: =AA15*Z15 -> 0 | AD15: 16 | AE15: =PI()*(AD15/2)^2 -> 201.06193 | AG15: =AF15*AE15 -> 0
B16: ='Set a analizar'!B322 -> -1 | C16: ='Set a analizar'!C322 -> B8 | D16: ='Set a analizar'!D322 -> 8 | E16: ='Set a analizar'!E322 -> PP | F16: ='Set a analizar'!F322 -> LinStatic | G16: ='Set a analizar'!G322 -> 0 | H16: ='Set a analizar'!H322 -> 3.9541 | I16: ='Set a analizar'!I322 -> 0 | ... Q16: ='Set a analizar'!Q322 -> 0 | S16: Características | Y16: 18 | Z16: =PI()*(Y16/2)^2 -> 254.469 | AA16: 3 | AB16: =AA16*Z16 -> 763.40701 | AD16: 18 | AE16: =PI()*(AD16/2)^2 -> 254.469 | AF16: 0 | AG16: =AF16*AE16 -> 0
B17: ='Set a analizar'!B323 -> -1 | C17: ='Set a analizar'!C323 -> B8 | D17: ='Set a analizar'!D323 -> 8 | E17: ='Set a analizar'!E323 -> PP | F17: ='Set a analizar'!F323 -> LinStatic | G17: ='Set a analizar'!G323 -> 0 | H17: ='Set a analizar'!H323 -> 4.4531 | I17: ='Set a analizar'!I323 -> 0 | ... Q17: ='Set a analizar'!Q323 -> 0 | Y17: 22 | Z17: =PI()*(Y17/2)^2 -> 380.13271 | AA17: 0 | AB17: =AA17*Z17 -> 0 | AD17: 22 | AE17: =PI()*(AD17/2)^2 -> 380.13271 | AF17: 0 | AG17: =AF17*AE17 -> 0
B18: ='Set a analizar'!B324 -> -1 | C18: ='Set a analizar'!C324 -> B8 | D18: ='Set a analizar'!D324 -> 8 | E18: ='Set a analizar'!E324 -> PP | F18: ='Set a analizar'!F324 -> LinStatic | G18: ='Set a analizar'!G324 -> 0 | H18: ='Set a analizar'!H324 -> 4.9521 | I18: ='Set a analizar'!I324 -> 0 | ... Q18: ='Set a analizar'!Q324 -> 0 | S18: f'c | T18: 35 | U18: Mpa | Y18: 25 | Z18: =PI()*(Y18/2)^2 -> 490.87385 | AB18: =AA18*Z18 -> 0 | AD18: 25 | AE18: =PI()*(AD18/2)^2 -> 490.87385 | AG18: =AF18*AE18 -> 0
B19: ='Set a analizar'!B325 -> -1 | C19: ='Set a analizar'!C325 -> B8 | D19: ='Set a analizar'!D325 -> 8 | E19: ='Set a analizar'!E325 -> PP | F19: ='Set a analizar'!F325 -> LinStatic | G19: ='Set a analizar'!G325 -> 0 | H19: ='Set a analizar'!H325 -> 4.9521 | I19: ='Set a analizar'!I325 -> 0 | ... Q19: ='Set a analizar'!Q325 -> 0 | S19: E | T19: =4700*(SQRT(T18))/1000 -> 27.805575 | U19: Gpa | Y19: 28 | Z19: =PI()*(Y19/2)^2 -> 615.75216 | AB19: =AA19*Z19 -> 0 | AD19: 28 | AE19: =PI()*(AD19/2)^2 -> 615.75216 | AG19: =AF19*AE19 -> 0
B20: ='Set a analizar'!B326 -> -1 | C20: ='Set a analizar'!C326 -> B8 | D20: ='Set a analizar'!D326 -> 8 | E20: ='Set a analizar'!E326 -> PP | F20: ='Set a analizar'!F326 -> LinStatic | G20: ='Set a analizar'!G326 -> 0 | H20: ='Set a analizar'!H326 -> 5.3761 | I20: ='Set a analizar'!I326 -> 0 | ... Q20: ='Set a analizar'!Q326 -> 0 | S20: f'c | T20: =T18*9.81*10 -> 3433.5 | U20: tonf/m^2 | Y20: 32 | Z20: =PI()*(Y20/2)^2 -> 804.24772 | AB20: =AA20*Z20 -> 0 | AD20: 32 | AE20: =PI()*(AD20/2)^2 -> 804.24772 | AG20: =AF20*AE20 -> 0
B21: ='Set a analizar'!B327 -> -1 | C21: ='Set a analizar'!C327 -> B8 | D21: ='Set a analizar'!D327 -> 8 | E21: ='Set a analizar'!E327 -> PP | F21: ='Set a analizar'!F327 -> LinStatic | G21: ='Set a analizar'!G327 -> 0 | H21: ='Set a analizar'!H327 -> 5.8001 | I21: ='Set a analizar'!I327 -> 0 | ... Q21: ='Set a analizar'!Q327 -> 0 | S21: E | T21: =151*((T20/10)^0.5)/1000*(1000*1000) -> 2797985.6 | U21: tonf/m^2 | Y21: 36 | Z21: =PI()*(Y21/2)^2 -> 1017.876 | AB21: =AA21*Z21 -> 0 | AD21: 36 | AE21: =PI()*(AD21/2)^2 -> 1017.876 | AG21: =AF21*AE21 -> 0
B22: ='Set a analizar'!B328 -> -1 | C22: ='Set a analizar'!C328 -> B8 | D22: ='Set a analizar'!D328 -> 8 | E22: ='Set a analizar'!E328 -> SC | F22: ='Set a analizar'!F328 -> LinStatic | G22: ='Set a analizar'!G328 -> 0 | H22: ='Set a analizar'!H328 -> 0.15 | I22: ='Set a analizar'!I328 -> 0 | ... Q22: ='Set a analizar'!Q328 -> 0 | S22: I | T22: =((T11^3)*(T12))/12 -> 0.0026041667 | U22: m^4 | Y22: 40 | Z22: =PI()*(Y22/2)^2 -> 1256.6371 | AB22: =AA22*Z22 -> 0 | AD22: 40 | AE22: =PI()*(AD22/2)^2 -> 1256.6371 | AG22: =AF22*AE22 -> 0
B23: ='Set a analizar'!B329 -> -1 | C23: ='Set a analizar'!C329 -> B8 | D23: ='Set a analizar'!D329 -> 8 | E23: ='Set a analizar'!E329 -> SC | F23: ='Set a analizar'!F329 -> LinStatic | G23: ='Set a analizar'!G329 -> 0 | H23: ='Set a analizar'!H329 -> 0.555 | I23: ='Set a analizar'!I329 -> 0 | ... Q23: ='Set a analizar'!Q329 -> 0 | S23: fy | T23: 420 | U23: MPa
B24: ='Set a analizar'!B330 -> -1 | C24: ='Set a analizar'!C330 -> B8 | D24: ='Set a analizar'!D330 -> 8 | E24: ='Set a analizar'!E330 -> SC | F24: ='Set a analizar'!F330 -> LinStatic | G24: ='Set a analizar'!G330 -> 0 | H24: ='Set a analizar'!H330 -> 0.96 | I24: ='Set a analizar'!I330 -> 0 | ... Q24: ='Set a analizar'!Q330 -> 0 | S24: fy | T24: =T23*98.1 -> 41202 | U24: tonf/m^2 | Y24: Área máxima | AB24: =T46*1000*1000 -> 2390.625 | AC24: mm^2
B25: ='Set a analizar'!B331 -> -1 | C25: ='Set a analizar'!C331 -> B8 | D25: ='Set a analizar'!D331 -> 8 | E25: ='Set a analizar'!E331 -> SC | F25: ='Set a analizar'!F331 -> LinStatic | G25: ='Set a analizar'!G331 -> 0 | H25: ='Set a analizar'!H331 -> 0.96 | I25: ='Set a analizar'!I331 -> 0 | ... Q25: ='Set a analizar'!Q331 -> 0 | S25: e_c | T25: 0.003 | Y25: Área mínima | AB25: =T39*10*10 -> 375 | AC25: mm^2
B26: ='Set a analizar'!B332 -> -1 | C26: ='Set a analizar'!C332 -> B8 | D26: ='Set a analizar'!D332 -> 8 | E26: ='Set a analizar'!E332 -> SC | F26: ='Set a analizar'!F332 -> LinStatic | G26: ='Set a analizar'!G332 -> 0 | H26: ='Set a analizar'!H332 -> 1.459 | I26: ='Set a analizar'!I332 -> 0 | ... Q26: ='Set a analizar'!Q332 -> 0 | S26: e_y | T26: 0.002 | Y26: Área | AB26: =SUM(AB12:AB22) -> 763.40701 | AD26: Área | AG26: =SUM(AG12:AG22) -> 50.265482
B27: ='Set a analizar'!B333 -> -1 | C27: ='Set a analizar'!C333 -> B8 | D27: ='Set a analizar'!D333 -> 8 | E27: ='Set a analizar'!E333 -> SC | F27: ='Set a analizar'!F333 -> LinStatic | G27: ='Set a analizar'!G333 -> 0 | H27: ='Set a analizar'!H333 -> 1.958 | I27: ='Set a analizar'!I333 -> 0 | ... Q27: ='Set a analizar'!Q333 -> 0 | S27: A_g | T27: =T11*T12 -> 0.125 | U27: m^2 | Y27: check | AB27: =IF(AND(AB25<AB26,AB26<AB24),"Estas bien","tay fuera") -> Estas bien
B28: ='Set a analizar'!B334 -> -1 | C28: ='Set a analizar'!C334 -> B8 | D28: ='Set a analizar'!D334 -> 8 | E28: ='Set a analizar'!E334 -> SC | F28: ='Set a analizar'!F334 -> LinStatic | G28: ='Set a analizar'!G334 -> 0 | H28: ='Set a analizar'!H334 -> 1.958 | I28: ='Set a analizar'!I334 -> 0 | ... Q28: ='Set a analizar'!Q334 -> 0
B29: ='Set a analizar'!B335 -> -1 | C29: ='Set a analizar'!C335 -> B8 | D29: ='Set a analizar'!D335 -> 8 | E29: ='Set a analizar'!E335 -> SC | F29: ='Set a analizar'!F335 -> LinStatic | G29: ='Set a analizar'!G335 -> 0 | H29: ='Set a analizar'!H335 -> 2.457 | I29: ='Set a analizar'!I335 -> 0 | ... Q29: ='Set a analizar'!Q335 -> 0
B30: ='Set a analizar'!B336 -> -1 | C30: ='Set a analizar'!C336 -> B8 | D30: ='Set a analizar'!D336 -> 8 | E30: ='Set a analizar'!E336 -> SC | F30: ='Set a analizar'!F336 -> LinStatic | G30: ='Set a analizar'!G336 -> 0 | H30: ='Set a analizar'!H336 -> 2.956 | I30: ='Set a analizar'!I336 -> 0 | ... Q30: ='Set a analizar'!Q336 -> 0 | S30: Cálculo de flexión | W30: Cálculo de corte
B31: ='Set a analizar'!B337 -> -1 | C31: ='Set a analizar'!C337 -> B8 | D31: ='Set a analizar'!D337 -> 8 | E31: ='Set a analizar'!E337 -> SC | F31: ='Set a analizar'!F337 -> LinStatic | G31: ='Set a analizar'!G337 -> 0 | H31: ='Set a analizar'!H337 -> 2.956 | I31: ='Set a analizar'!I337 -> 0 | ... Q31: ='Set a analizar'!Q337 -> 0
B32: ='Set a analizar'!B338 -> -1 | C32: ='Set a analizar'!C338 -> B8 | D32: ='Set a analizar'!D338 -> 8 | E32: ='Set a analizar'!E338 -> SC | F32: ='Set a analizar'!F338 -> LinStatic | G32: ='Set a analizar'!G338 -> 0 | H32: ='Set a analizar'!H338 -> 3.455 | I32: ='Set a analizar'!I338 -> 0 | ... Q32: ='Set a analizar'!Q338 -> 0
B33: ='Set a analizar'!B339 -> -1 | C33: ='Set a analizar'!C339 -> B8 | D33: ='Set a analizar'!D339 -> 8 | E33: ='Set a analizar'!E339 -> SC | F33: ='Set a analizar'!F339 -> LinStatic | G33: ='Set a analizar'!G339 -> 0 | H33: ='Set a analizar'!H339 -> 3.9541 | I33: ='Set a analizar'!I339 -> 0 | ... Q33: ='Set a analizar'!Q339 -> 0
B34: ='Set a analizar'!B340 -> -1 | C34: ='Set a analizar'!C340 -> B8 | D34: ='Set a analizar'!D340 -> 8 | E34: ='Set a analizar'!E340 -> SC | F34: ='Set a analizar'!F340 -> LinStatic | G34: ='Set a analizar'!G340 -> 0 | H34: ='Set a analizar'!H340 -> 3.9541 | I34: ='Set a analizar'!I340 -> 0 | ... Q34: ='Set a analizar'!Q340 -> 0
B35: ='Set a analizar'!B341 -> -1 | C35: ='Set a analizar'!C341 -> B8 | D35: ='Set a analizar'!D341 -> 8 | E35: ='Set a analizar'!E341 -> SC | F35: ='Set a analizar'!F341 -> LinStatic | G35: ='Set a analizar'!G341 -> 0 | H35: ='Set a analizar'!H341 -> 4.4531 | I35: ='Set a analizar'!I341 -> 0 | ... Q35: ='Set a analizar'!Q341 -> 0 | S35: Parámetros importantes | W35: Resistencia del hormigón al corte
B36: ='Set a analizar'!B342 -> -1 | C36: ='Set a analizar'!C342 -> B8 | D36: ='Set a analizar'!D342 -> 8 | E36: ='Set a analizar'!E342 -> SC | F36: ='Set a analizar'!F342 -> LinStatic | G36: ='Set a analizar'!G342 -> 0 | H36: ='Set a analizar'!H342 -> 4.9521 | I36: ='Set a analizar'!I342 -> 0 | ... Q36: ='Set a analizar'!Q342 -> 0 | S36: Enfierradura mínima | W36: V_u | X36: =T7*9.81 -> 100.60547 | Y36: kN
B37: ='Set a analizar'!B343 -> -1 | C37: ='Set a analizar'!C343 -> B8 | D37: ='Set a analizar'!D343 -> 8 | E37: ='Set a analizar'!E343 -> SC | F37: ='Set a analizar'!F343 -> LinStatic | G37: ='Set a analizar'!G343 -> 0 | H37: ='Set a analizar'!H343 -> 4.9521 | I37: ='Set a analizar'!I343 -> 0 | ... Q37: ='Set a analizar'!Q343 -> 0 | S37: As_min1 | T37: =(0.25*SQRT(T18))/T23*T11*T12*100*100 -> 4.4018451 | U37: cm^2 | W37: V_c | X37: =0.17*1*SQRT(T18)*T12*T14*1000*1000/1000 -> 113.14503 | Y37: kN
B38: ='Set a analizar'!B344 -> -1 | C38: ='Set a analizar'!C344 -> B8 | D38: ='Set a analizar'!D344 -> 8 | E38: ='Set a analizar'!E344 -> SC | F38: ='Set a analizar'!F344 -> LinStatic | G38: ='Set a analizar'!G344 -> 0 | H38: ='Set a analizar'!H344 -> 5.3761 | I38: ='Set a analizar'!I344 -> 0 | ... Q38: ='Set a analizar'!Q344 -> 0 | S38: As_min2 | T38: =1.4*T14*T12/T23*100*100 -> 3.75 | U38: cm^2 | W38: Factor | X38: =0.75*(X37+0.66*SQRT(T18)*T12*T14*1000) -> 414.31046 | Y38: kN
B39: ='Set a analizar'!B345 -> -1 | C39: ='Set a analizar'!C345 -> B8 | D39: ='Set a analizar'!D345 -> 8 | E39: ='Set a analizar'!E345 -> SC | F39: ='Set a analizar'!F345 -> LinStatic | G39: ='Set a analizar'!G345 -> 0 | H39: ='Set a analizar'!H345 -> 5.8001 | I39: ='Set a analizar'!I345 -> 0 | ... Q39: ='Set a analizar'!Q345 -> 0 | S39: As_min | T39: =MIN(T37:T38) -> 3.75 | U39: cm^2
B40: ='Set a analizar'!B346 -> -1 | C40: ='Set a analizar'!C346 -> B8 | D40: ='Set a analizar'!D346 -> 8 | E40: ='Set a analizar'!E346 -> SX | F40: ='Set a analizar'!F346 -> LinRespSpec | G40: ='Set a analizar'!G346 -> Max | H40: ='Set a analizar'!H346 -> 0.15 | I40: ='Set a analizar'!I346 -> 0 | ... Q40: ='Set a analizar'!Q346 -> 0 | S40: rho_min | T40: =T39/(T12*100*T14*100) -> 0.0033333333 | W40: Se requiere armadura?
B41: ='Set a analizar'!B347 -> -1 | C41: ='Set a analizar'!C347 -> B8 | D41: ='Set a analizar'!D347 -> 8 | E41: ='Set a analizar'!E347 -> SX | F41: ='Set a analizar'!F347 -> LinRespSpec | G41: ='Set a analizar'!G347 -> Max | H41: ='Set a analizar'!H347 -> 0.555 | I41: ='Set a analizar'!I347 -> 0 | ... Q41: ='Set a analizar'!Q347 -> 0 | W41: 0.9*V_c/2 | X41: =0.75*X37/2 -> 42.429385
B42: ='Set a analizar'!B348 -> -1 | C42: ='Set a analizar'!C348 -> B8 | D42: ='Set a analizar'!D348 -> 8 | E42: ='Set a analizar'!E348 -> SX | F42: ='Set a analizar'!F348 -> LinRespSpec | G42: ='Set a analizar'!G348 -> Max | H42: ='Set a analizar'!H348 -> 0.96 | I42: ='Set a analizar'!I348 -> 0 | ... Q42: ='Set a analizar'!Q348 -> 0 | S42: Enfierradura máxima | W42: V_u>0.9*V_c/2 | X42: =IF(X36<X41,"No se requiere armadura","Se requiere armadura") -> Se requiere armadura
B43: ='Set a analizar'!B349 -> -1 | C43: ='Set a analizar'!C349 -> B8 | D43: ='Set a analizar'!D349 -> 8 | E43: ='Set a analizar'!E349 -> SX | F43: ='Set a analizar'!F349 -> LinRespSpec | G43: ='Set a analizar'!G349 -> Max | H43: ='Set a analizar'!H349 -> 0.96 | I43: ='Set a analizar'!I349 -> 0 | ... Q43: ='Set a analizar'!Q349 -> 0 | S43: c_max | T43: =0.375*T14 -> 0.16875 | U43: m
B44: ='Set a analizar'!B350 -> -1 | C44: ='Set a analizar'!C350 -> B8 | D44: ='Set a analizar'!D350 -> 8 | E44: ='Set a analizar'!E350 -> SX | F44: ='Set a analizar'!F350 -> LinRespSpec | G44: ='Set a analizar'!G350 -> Max | H44: ='Set a analizar'!H350 -> 1.459 | I44: ='Set a analizar'!I350 -> 0 | ... Q44: ='Set a analizar'!Q350 -> 0 | S44: beta_1 | T44: =IF(AB5<=28,AC5,IF(AB5>=55,AC6,AC7)) -> 0.8 | W44: V_s | X44: =(X36-0.75*X37)/0.75 -> 20.995606 | Y44: kN
B45: ='Set a analizar'!B351 -> -1 | C45: ='Set a analizar'!C351 -> B8 | D45: ='Set a analizar'!D351 -> 8 | E45: ='Set a analizar'!E351 -> SX | F45: ='Set a analizar'!F351 -> LinRespSpec | G45: ='Set a analizar'!G351 -> Max | H45: ='Set a analizar'!H351 -> 1.958 | I45: ='Set a analizar'!I351 -> 0 | ... Q45: ='Set a analizar'!Q351 -> 0 | S45: a_max | T45: =T43*T44 -> 0.135 | U45: m
B46: ='Set a analizar'!B352 -> -1 | C46: ='Set a analizar'!C352 -> B8 | D46: ='Set a analizar'!D352 -> 8 | E46: ='Set a analizar'!E352 -> SX | F46: ='Set a analizar'!F352 -> LinRespSpec | G46: ='Set a analizar'!G352 -> Max | H46: ='Set a analizar'!H352 -> 1.958 | I46: ='Set a analizar'!I352 -> 0 | ... Q46: ='Set a analizar'!Q352 -> 0 | S46: As_max | T46: =(0.85*T18*T12*T45)/T23 -> 0.002390625 | U46: cm^2 | W46: Espaciamiento (s_max)
B47: ='Set a analizar'!B353 -> -1 | C47: ='Set a analizar'!C353 -> B8 | D47: ='Set a analizar'!D353 -> 8 | E47: ='Set a analizar'!E353 -> SX | F47: ='Set a analizar'!F353 -> LinRespSpec | G47: ='Set a analizar'!G353 -> Max | H47: ='Set a analizar'!H353 -> 2.457 | I47: ='Set a analizar'!I353 -> 0 | ... Q47: ='Set a analizar'!Q353 -> 0 | S47: rho_max | T47: =T46/(T12*T14) -> 0.02125 | W47: 0.33*f'c^0.5*b*d | X47: =0.33*SQRT(T18)*T12*T14*1000 -> 219.63446 | Y47: kN
B48: ='Set a analizar'!B354 -> -1 | C48: ='Set a analizar'!C354 -> B8 | D48: ='Set a analizar'!D354 -> 8 | E48: ='Set a analizar'!E354 -> SX | F48: ='Set a analizar'!F354 -> LinRespSpec | G48: ='Set a analizar'!G354 -> Max | H48: ='Set a analizar'!H354 -> 2.956 | I48: ='Set a analizar'!I354 -> 0 | ... Q48: ='Set a analizar'!Q354 -> 0 | W48: Espaciamiento_max | X48: =IF(X44<X47,MIN(T14/2,0.6),(MIN(T14/4,0.3))) -> 0.225 | Y48: m
B49: ='Set a analizar'!B355 -> -1 | C49: ='Set a analizar'!C355 -> B8 | D49: ='Set a analizar'!D355 -> 8 | E49: ='Set a analizar'!E355 -> SX | F49: ='Set a analizar'!F355 -> LinRespSpec | G49: ='Set a analizar'!G355 -> Max | H49: ='Set a analizar'!H355 -> 2.956 | I49: ='Set a analizar'!I355 -> 0 | ... Q49: ='Set a analizar'!Q355 -> 0 | S49: Area de acero | W49: Espaciamiento | X49: =X48 -> 0.225 | Y49: m
B50: ='Set a analizar'!B356 -> -1 | C50: ='Set a analizar'!C356 -> B8 | D50: ='Set a analizar'!D356 -> 8 | E50: ='Set a analizar'!E356 -> SX | F50: ='Set a analizar'!F356 -> LinRespSpec | G50: ='Set a analizar'!G356 -> Max | H50: ='Set a analizar'!H356 -> 3.455 | I50: ='Set a analizar'!I356 -> 0 | ... Q50: ='Set a analizar'!Q356 -> 0 | S50: A_s | T50: =AB26 -> 763.40701 | U50: mm^2
B51: ='Set a analizar'!B357 -> -1 | C51: ='Set a analizar'!C357 -> B8 | D51: ='Set a analizar'!D357 -> 8 | E51: ='Set a analizar'!E357 -> SX | F51: ='Set a analizar'!F357 -> LinRespSpec | G51: ='Set a analizar'!G357 -> Max | H51: ='Set a analizar'!H357 -> 3.9541 | I51: ='Set a analizar'!I357 -> 0 | ... Q51: ='Set a analizar'!Q357 -> 0 | S51: A_s | T51: =T50/1000000 -> 0.00076340701 | U51: m^2 | W51: Area requerida
B52: ='Set a analizar'!B358 -> -1 | C52: ='Set a analizar'!C358 -> B8 | D52: ='Set a analizar'!D358 -> 8 | E52: ='Set a analizar'!E358 -> SX | F52: ='Set a analizar'!F358 -> LinRespSpec | G52: ='Set a analizar'!G358 -> Max | H52: ='Set a analizar'!H358 -> 3.9541 | I52: ='Set a analizar'!I358 -> 0 | ... Q52: ='Set a analizar'!Q358 -> 0 | W52: A_s_req | X52: =X49*X44/(T23*T14)*1000 -> 24.994769 | Y52: mm^2
B53: ='Set a analizar'!B359 -> -1 | C53: ='Set a analizar'!C359 -> B8 | D53: ='Set a analizar'!D359 -> 8 | E53: ='Set a analizar'!E359 -> SX | F53: ='Set a analizar'!F359 -> LinRespSpec | G53: ='Set a analizar'!G359 -> Max | H53: ='Set a analizar'!H359 -> 4.4531 | I53: ='Set a analizar'!I359 -> 0 | ... Q53: ='Set a analizar'!Q359 -> 0 | W53: Av | X53: =AG26*2 -> 100.53096 | Y53: mm^2
B54: ='Set a analizar'!B360 -> -1 | C54: ='Set a analizar'!C360 -> B8 | D54: ='Set a analizar'!D360 -> 8 | E54: ='Set a analizar'!E360 -> SX | F54: ='Set a analizar'!F360 -> LinRespSpec | G54: ='Set a analizar'!G360 -> Max | H54: ='Set a analizar'!H360 -> 4.9521 | I54: ='Set a analizar'!I360 -> 0 | ... Q54: ='Set a analizar'!Q360 -> 0 | S54: Verificación de fluencia
B55: ='Set a analizar'!B361 -> -1 | C55: ='Set a analizar'!C361 -> B8 | D55: ='Set a analizar'!D361 -> 8 | E55: ='Set a analizar'!E361 -> SX | F55: ='Set a analizar'!F361 -> LinRespSpec | G55: ='Set a analizar'!G361 -> Max | H55: ='Set a analizar'!H361 -> 4.9521 | I55: ='Set a analizar'!I361 -> 0 | ... Q55: ='Set a analizar'!Q361 -> 0 | S55: a | T55: =(T51*T23)/(0.85*T18*T12) -> 0.043110043 | U55: m | W55: A_v_min | X55: =MAX((0.062*SQRT(T18)*T12*X49)/T23,(0.35*T12*X49/T23))*1000*1000 -> 49.124591 | Y55: mm^2
B56: ='Set a analizar'!B362 -> -1 | C56: ='Set a analizar'!C362 -> B8 | D56: ='Set a analizar'!D362 -> 8 | E56: ='Set a analizar'!E362 -> SX | F56: ='Set a analizar'!F362 -> LinRespSpec | G56: ='Set a analizar'!G362 -> Max | H56: ='Set a analizar'!H362 -> 5.3761 | I56: ='Set a analizar'!I362 -> 0 | ... Q56: ='Set a analizar'!Q362 -> 0 | S56: c | T56: =T55/T44 -> 0.053887554 | U56: m | W56: =IF(X53>X55,"cumple","no cumple") -> cumple
B57: ='Set a analizar'!B363 -> -1 | C57: ='Set a analizar'!C363 -> B8 | D57: ='Set a analizar'!D363 -> 8 | E57: ='Set a analizar'!E363 -> SX | F57: ='Set a analizar'!F363 -> LinRespSpec | G57: ='Set a analizar'!G363 -> Max | H57: ='Set a analizar'!H363 -> 5.8001 | I57: ='Set a analizar'!I363 -> 0 | ... Q57: ='Set a analizar'!Q363 -> 0 | S57: e_s | T57: =(T14-T56)/T56*T25 -> 0.022052167 | U57: =IF(T57>T26,"Está en fluencia","no está en fluencia") -> Está en fluencia
B58: ='Set a analizar'!B364 -> -1 | C58: ='Set a analizar'!C364 -> B8 | D58: ='Set a analizar'!D364 -> 8 | E58: ='Set a analizar'!E364 -> SY | F58: ='Set a analizar'!F364 -> LinRespSpec | G58: ='Set a analizar'!G364 -> Max | H58: ='Set a analizar'!H364 -> 0.15 | I58: ='Set a analizar'!I364 -> 0 | ... Q58: ='Set a analizar'!Q364 -> 0 | W58: Verificacion
B59: ='Set a analizar'!B365 -> -1 | C59: ='Set a analizar'!C365 -> B8 | D59: ='Set a analizar'!D365 -> 8 | E59: ='Set a analizar'!E365 -> SY | F59: ='Set a analizar'!F365 -> LinRespSpec | G59: ='Set a analizar'!G365 -> Max | H59: ='Set a analizar'!H365 -> 0.555 | I59: ='Set a analizar'!I365 -> 0 | ... Q59: ='Set a analizar'!Q365 -> 0 | W59: Vs | X59: =X53*T23*T14/X49/1000 -> 84.446011 | Y59: kN
B60: ='Set a analizar'!B366 -> -1 | C60: ='Set a analizar'!C366 -> B8 | D60: ='Set a analizar'!D366 -> 8 | E60: ='Set a analizar'!E366 -> SY | F60: ='Set a analizar'!F366 -> LinRespSpec | G60: ='Set a analizar'!G366 -> Max | H60: ='Set a analizar'!H366 -> 0.96 | I60: ='Set a analizar'!I366 -> 0 | ... Q60: ='Set a analizar'!Q366 -> 0 | S60: Verificación de resistencia
B61: ='Set a analizar'!B367 -> -1 | C61: ='Set a analizar'!C367 -> B8 | D61: ='Set a analizar'!D367 -> 8 | E61: ='Set a analizar'!E367 -> SY | F61: ='Set a analizar'!F367 -> LinRespSpec | G61: ='Set a analizar'!G367 -> Max | H61: ='Set a analizar'!H367 -> 0.96 | I61: ='Set a analizar'!I367 -> 0 | ... Q61: ='Set a analizar'!Q367 -> 0 | S61: Mn | T61: =T51*T23*(T14-(T55/2))*1000 -> 137.37272 | U61: kNm | W61: V_n | X61: =X59+X37 -> 197.59104 | Y61: kN
B62: ='Set a analizar'!B368 -> -1 | C62: ='Set a analizar'!C368 -> B8 | D62: ='Set a analizar'!D368 -> 8 | E62: ='Set a analizar'!E368 -> SY | F62: ='Set a analizar'!F368 -> LinRespSpec | G62: ='Set a analizar'!G368 -> Max | H62: ='Set a analizar'!H368 -> 1.459 | I62: ='Set a analizar'!I368 -> 0 | ... Q62: ='Set a analizar'!Q368 -> 0 | S62: Mn*phi | T62: =0.9*T61 -> 123.63545 | U62: kNm | W62: phi*V_n | X62: =X61*0.75 -> 148.19328
B63: ='Set a analizar'!B369 -> -1 | C63: ='Set a analizar'!C369 -> B8 | D63: ='Set a analizar'!D369 -> 8 | E63: ='Set a analizar'!E369 -> SY | F63: ='Set a analizar'!F369 -> LinRespSpec | G63: ='Set a analizar'!G369 -> Max | H63: ='Set a analizar'!H369 -> 1.958 | I63: ='Set a analizar'!I369 -> 0 | ... Q63: ='Set a analizar'!Q369 -> 0 | S63: M_req | T63: =T5*-9.81 -> 108.6379 | U63: tonf*m
B64: ='Set a analizar'!B370 -> -1 | C64: ='Set a analizar'!C370 -> B8 | D64: ='Set a analizar'!D370 -> 8 | E64: ='Set a analizar'!E370 -> SY | F64: ='Set a analizar'!F370 -> LinRespSpec | G64: ='Set a analizar'!G370 -> Max | H64: ='Set a analizar'!H370 -> 1.958 | I64: ='Set a analizar'!I370 -> 0 | ... Q64: ='Set a analizar'!Q370 -> 0 | S64: =IF(T63<T62,"Cumple","no cumple") -> Cumple | W64: =IF(0.75*X61>X36,"estamos listos","subele") -> estamos listos
B65: ='Set a analizar'!B371 -> -1 | C65: ='Set a analizar'!C371 -> B8 | D65: ='Set a analizar'!D371 -> 8 | E65: ='Set a analizar'!E371 -> SY | F65: ='Set a analizar'!F371 -> LinRespSpec | G65: ='Set a analizar'!G371 -> Max | H65: ='Set a analizar'!H371 -> 2.457 | I65: ='Set a analizar'!I371 -> 0 | ... Q65: ='Set a analizar'!Q371 -> 0
B66: ='Set a analizar'!B372 -> -1 | C66: ='Set a analizar'!C372 -> B8 | D66: ='Set a analizar'!D372 -> 8 | E66: ='Set a analizar'!E372 -> SY | F66: ='Set a analizar'!F372 -> LinRespSpec | G66: ='Set a analizar'!G372 -> Max | H66: ='Set a analizar'!H372 -> 2.956 | I66: ='Set a analizar'!I372 -> 0 | ... Q66: ='Set a analizar'!Q372 -> 0
B67: ='Set a analizar'!B373 -> -1 | C67: ='Set a analizar'!C373 -> B8 | D67: ='Set a analizar'!D373 -> 8 | E67: ='Set a analizar'!E373 -> SY | F67: ='Set a analizar'!F373 -> LinRespSpec | G67: ='Set a analizar'!G373 -> Max | H67: ='Set a analizar'!H373 -> 2.956 | I67: ='Set a analizar'!I373 -> 0 | ... Q67: ='Set a analizar'!Q373 -> 0
B68: ='Set a analizar'!B374 -> -1 | C68: ='Set a analizar'!C374 -> B8 | D68: ='Set a analizar'!D374 -> 8 | E68: ='Set a analizar'!E374 -> SY | F68: ='Set a analizar'!F374 -> LinRespSpec | G68: ='Set a analizar'!G374 -> Max | H68: ='Set a analizar'!H374 -> 3.455 | I68: ='Set a analizar'!I374 -> 0 | ... Q68: ='Set a analizar'!Q374 -> 0
B69: ='Set a analizar'!B375 -> -1 | C69: ='Set a analizar'!C375 -> B8 | D69: ='Set a analizar'!D375 -> 8 | E69: ='Set a analizar'!E375 -> SY | F69: ='Set a analizar'!F375 -> LinRespSpec | G69: ='Set a analizar'!G375 -> Max | H69: ='Set a analizar'!H375 -> 3.9541 | I69: ='Set a analizar'!I375 -> 0 | ... Q69: ='Set a analizar'!Q375 -> 0
B70: ='Set a analizar'!B376 -> -1 | C70: ='Set a analizar'!C376 -> B8 | D70: ='Set a analizar'!D376 -> 8 | E70: ='Set a analizar'!E376 -> SY | F70: ='Set a analizar'!F376 -> LinRespSpec | G70: ='Set a analizar'!G376 -> Max | H70: ='Set a analizar'!H376 -> 3.9541 | I70: ='Set a analizar'!I376 -> 0 | ... Q70: ='Set a analizar'!Q376 -> 0
B71: ='Set a analizar'!B377 -> -1 | C71: ='Set a analizar'!C377 -> B8 | D71: ='Set a analizar'!D377 -> 8 | E71: ='Set a analizar'!E377 -> SY | F71: ='Set a analizar'!F377 -> LinRespSpec | G71: ='Set a analizar'!G377 -> Max | H71: ='Set a analizar'!H377 -> 4.4531 | I71: ='Set a analizar'!I377 -> 0 | ... Q71: ='Set a analizar'!Q377 -> 0
B72: ='Set a analizar'!B378 -> -1 | C72: ='Set a analizar'!C378 -> B8 | D72: ='Set a analizar'!D378 -> 8 | E72: ='Set a analizar'!E378 -> SY | F72: ='Set a analizar'!F378 -> LinRespSpec | G72: ='Set a analizar'!G378 -> Max | H72: ='Set a analizar'!H378 -> 4.9521 | I72: ='Set a analizar'!I378 -> 0 | ... Q72: ='Set a analizar'!Q378 -> 0
B73: ='Set a analizar'!B379 -> -1 | C73: ='Set a analizar'!C379 -> B8 | D73: ='Set a analizar'!D379 -> 8 | E73: ='Set a analizar'!E379 -> SY | F73: ='Set a analizar'!F379 -> LinRespSpec | G73: ='Set a analizar'!G379 -> Max | H73: ='Set a analizar'!H379 -> 4.9521 | I73: ='Set a analizar'!I379 -> 0 | ... Q73: ='Set a analizar'!Q379 -> 0
B74: ='Set a analizar'!B380 -> -1 | C74: ='Set a analizar'!C380 -> B8 | D74: ='Set a analizar'!D380 -> 8 | E74: ='Set a analizar'!E380 -> SY | F74: ='Set a analizar'!F380 -> LinRespSpec | G74: ='Set a analizar'!G380 -> Max | H74: ='Set a analizar'!H380 -> 5.3761 | I74: ='Set a analizar'!I380 -> 0 | ... Q74: ='Set a analizar'!Q380 -> 0
B75: ='Set a analizar'!B381 -> -1 | C75: ='Set a analizar'!C381 -> B8 | D75: ='Set a analizar'!D381 -> 8 | E75: ='Set a analizar'!E381 -> SY | F75: ='Set a analizar'!F381 -> LinRespSpec | G75: ='Set a analizar'!G381 -> Max | H75: ='Set a analizar'!H381 -> 5.8001 | I75: ='Set a analizar'!I381 -> 0 | ... Q75: ='Set a analizar'!Q381 -> 0
B76: ='Set a analizar'!B382 -> -1 | C76: ='Set a analizar'!C382 -> B8 | D76: ='Set a analizar'!D382 -> 8 | E76: ='Set a analizar'!E382 -> C1 | F76: ='Set a analizar'!F382 -> Combination | G76: ='Set a analizar'!G382 -> 0 | H76: ='Set a analizar'!H382 -> 0.15 | I76: ='Set a analizar'!I382 -> 0 | ... Q76: ='Set a analizar'!Q382 -> 0
... B309: ='Set a analizar'!B615 -> -1 | C309: ='Set a analizar'!C615 -> B8 | D309: ='Set a analizar'!D615 -> 8 | E309: ='Set a analizar'!E615 -> PPSC | F309: ='Set a analizar'!F615 -> Combination | G309: ='Set a analizar'!G615 -> 0 | H309: ='Set a analizar'!H615 -> 5.8001 | I309: ='Set a analizar'!I615 -> 0 | ... Q309: ='Set a analizar'!Q615 -> 0

Sheet B15
B2: Story | C2: Beam | D2: Unique Name | E2: Output Case | F2: Case Type | G2: Step Type | H2: Station | I2: P | J2: V2 | K2: V3 | L2: T | M2: M2 | N2: M3 | O2: Element | P2: Elem Station | Q2: Location
H3: m | I3: tonf | J3: tonf | K3: tonf | L3: tonf-m | M3: tonf-m | N3: tonf-m | P3: m
B4: ='Set a analizar'!B616 -> -1 | C4: ='Set a analizar'!C616 -> B15 | D4: ='Set a analizar'!D616 -> 15 | E4: ='Set a analizar'!E616 -> PP | F4: ='Set a analizar'!F616 -> LinStatic | G4: ='Set a analizar'!G616 -> 0 | H4: ='Set a analizar'!H616 -> 0.15 | I4: ='Set a analizar'!I616 -> 0 | ... Q4: ='Set a analizar'!Q616 -> 0 | S4: Mmax | T4: =MAX(N4:N309) -> 6.3142 | U4: tonfm
B5: ='Set a analizar'!B617 -> -1 | C5: ='Set a analizar'!C617 -> B15 | D5: ='Set a analizar'!D617 -> 15 | E5: ='Set a analizar'!E617 -> PP | F5: ='Set a analizar'!F617 -> LinStatic | G5: ='Set a analizar'!G617 -> 0 | H5: ='Set a analizar'!H617 -> 0.49 | I5: ='Set a analizar'!I617 -> 0 | ... Q5: ='Set a analizar'!Q617 -> 0 | S5: Mmin | T5: =MIN(N4:N309) -> -19.4211 | U5: tonfm | AA5: fc | AB5: =T18 -> 35 | AC5: 0.85
B6: ='Set a analizar'!B618 -> -1 | C6: ='Set a analizar'!C618 -> B15 | D6: ='Set a analizar'!D618 -> 15 | E6: ='Set a analizar'!E618 -> PP | F6: ='Set a analizar'!F618 -> LinStatic | G6: ='Set a analizar'!G618 -> 0 | H6: ='Set a analizar'!H618 -> 0.83 | I6: ='Set a analizar'!I618 -> 0 | ... Q6: ='Set a analizar'!Q618 -> 0 | AC6: 0.65
B7: ='Set a analizar'!B619 -> -1 | C7: ='Set a analizar'!C619 -> B15 | D7: ='Set a analizar'!D619 -> 15 | E7: ='Set a analizar'!E619 -> PP | F7: ='Set a analizar'!F619 -> LinStatic | G7: ='Set a analizar'!G619 -> 0 | H7: ='Set a analizar'!H619 -> 0.83 | I7: ='Set a analizar'!I619 -> 0 | ... Q7: ='Set a analizar'!Q619 -> 0 | S7: Vmax | T7: =MAX(J4:J309) -> 12.7914 | U7: tonf | AC7: =0.85-(0.05*(AB5-28)/7) -> 0.8
B8: ='Set a analizar'!B620 -> -1 | C8: ='Set a analizar'!C620 -> B15 | D8: ='Set a analizar'!D620 -> 15 | E8: ='Set a analizar'!E620 -> PP | F8: ='Set a analizar'!F620 -> LinStatic | G8: ='Set a analizar'!G620 -> 0 | H8: ='Set a analizar'!H620 -> 1.2449 | I8: ='Set a analizar'!I620 -> 0 | ... Q8: ='Set a analizar'!Q620 -> 0 | S8: Vmin | T8: =MIN(J4:J309) -> -9.9924 | U8: tonf
B9: ='Set a analizar'!B621 -> -1 | C9: ='Set a analizar'!C621 -> B15 | D9: ='Set a analizar'!D621 -> 15 | E9: ='Set a analizar'!E621 -> PP | F9: ='Set a analizar'!F621 -> LinStatic | G9: ='Set a analizar'!G621 -> 0 | H9: ='Set a analizar'!H621 -> 1.6599 | I9: ='Set a analizar'!I621 -> 0 | ... Q9: ='Set a analizar'!Q621 -> 0 | Y9: Flexión | AD9: Corte
B10: ='Set a analizar'!B622 -> -1 | C10: ='Set a analizar'!C622 -> B15 | D10: ='Set a analizar'!D622 -> 15 | E10: ='Set a analizar'!E622 -> PP | F10: ='Set a analizar'!F622 -> LinStatic | G10: ='Set a analizar'!G622 -> 0 | H10: ='Set a analizar'!H622 -> 1.6599 | I10: ='Set a analizar'!I622 -> 0 | ... Q10: ='Set a analizar'!Q622 -> 0 | S10: Geometría del perfil | Y10: Diámetro | Z10: Área | AA10: Unidades | AB10: Área total | AD10: Diámetro | AE10: Área | AF10: Unidades | AG10: Área total
B11: ='Set a analizar'!B623 -> -1 | C11: ='Set a analizar'!C623 -> B15 | D11: ='Set a analizar'!D623 -> 15 | E11: ='Set a analizar'!E623 -> PP | F11: ='Set a analizar'!F623 -> LinStatic | G11: ='Set a analizar'!G623 -> 0 | H11: ='Set a analizar'!H623 -> 2.1347 | I11: ='Set a analizar'!I623 -> 0 | ... Q11: ='Set a analizar'!Q623 -> 0 | S11: h | T11: 0.5 | U11: m | Y11: mm | Z11: mm^2 | AB11: mm^2 | AD11: mm | AE11: mm^2 | AG11: mm^2
B12: ='Set a analizar'!B624 -> -1 | C12: ='Set a analizar'!C624 -> B15 | D12: ='Set a analizar'!D624 -> 15 | E12: ='Set a analizar'!E624 -> PP | F12: ='Set a analizar'!F624 -> LinStatic | G12: ='Set a analizar'!G624 -> 0 | H12: ='Set a analizar'!H624 -> 2.6095 | I12: ='Set a analizar'!I624 -> 0 | ... Q12: ='Set a analizar'!Q624 -> 0 | S12: b | T12: 0.25 | U12: m | Y12: 8 | Z12: =PI()*(Y12/2)^2 -> 50.265482 | AB12: =AA12*Z12 -> 0 | AD12: 8 | AE12: =PI()*(AD12/2)^2 -> 50.265482 | AF12: 1 | AG12: =AF12*AE12 -> 50.265482
B13: ='Set a analizar'!B625 -> -1 | C13: ='Set a analizar'!C625 -> B15 | D13: ='Set a analizar'!D625 -> 15 | E13: ='Set a analizar'!E625 -> PP | F13: ='Set a analizar'!F625 -> LinStatic | G13: ='Set a analizar'!G625 -> 0 | H13: ='Set a analizar'!H625 -> 2.6095 | I13: ='Set a analizar'!I625 -> 0 | ... Q13: ='Set a analizar'!Q625 -> 0 | S13: rec | T13: 5 | U13: cm | Y13: 10 | Z13: =PI()*(Y13/2)^2 -> 78.539816 | AB13: =AA13*Z13 -> 0 | AD13: 10 | AE13: =PI()*(AD13/2)^2 -> 78.539816 | AG13: =AF13*AE13 -> 0
B14: ='Set a analizar'!B626 -> -1 | C14: ='Set a analizar'!C626 -> B15 | D14: ='Set a analizar'!D626 -> 15 | E14: ='Set a analizar'!E626 -> PP | F14: ='Set a analizar'!F626 -> LinStatic | G14: ='Set a analizar'!G626 -> 0 | H14: ='Set a analizar'!H626 -> 3.0844 | I14: ='Set a analizar'!I626 -> 0 | ... Q14: ='Set a analizar'!Q626 -> 0 | S14: d | T14: =T11-T13/100 -> 0.45 | U14: m | Y14: 12 | Z14: =PI()*(Y14/2)^2 -> 113.09734 | AB14: =AA14*Z14 -> 0 | AD14: 12 | AE14: =PI()*(AD14/2)^2 -> 113.09734 | AG14: =AF14*AE14 -> 0
B15: ='Set a analizar'!B627 -> -1 | C15: ='Set a analizar'!C627 -> B15 | D15: ='Set a analizar'!D627 -> 15 | E15: ='Set a analizar'!E627 -> PP | F15: ='Set a analizar'!F627 -> LinStatic | G15: ='Set a analizar'!G627 -> 0 | H15: ='Set a analizar'!H627 -> 3.5592 | I15: ='Set a analizar'!I627 -> 0 | ... Q15: ='Set a analizar'!Q627 -> 0 | Y15: 16 | Z15: =PI()*(Y15/2)^2 -> 201.06193 | AB15: =AA15*Z15 -> 0 | AD15: 16 | AE15: =PI()*(AD15/2)^2 -> 201.06193 | AG15: =AF15*AE15 -> 0
B16: ='Set a analizar'!B628 -> -1 | C16: ='Set a analizar'!C628 -> B15 | D16: ='Set a analizar'!D628 -> 15 | E16: ='Set a analizar'!E628 -> PP | F16: ='Set a analizar'!F628 -> LinStatic | G16: ='Set a analizar'!G628 -> 0 | H16: ='Set a analizar'!H628 -> 3.5592 | I16: ='Set a analizar'!I628 -> 0 | ... Q16: ='Set a analizar'!Q628 -> 0 | S16: Características | Y16: 18 | Z16: =PI()*(Y16/2)^2 -> 254.469 | AA16: 0 | AB16: =AA16*Z16 -> 0 | AD16: 18 | AE16: =PI()*(AD16/2)^2 -> 254.469 | AF16: 0 | AG16: =AF16*AE16 -> 0
B17: ='Set a analizar'!B629 -> -1 | C17: ='Set a analizar'!C629 -> B15 | D17: ='Set a analizar'!D629 -> 15 | E17: ='Set a analizar'!E629 -> PP | F17: ='Set a analizar'!F629 -> LinStatic | G17: ='Set a analizar'!G629 -> 0 | H17: ='Set a analizar'!H629 -> 4.034 | I17: ='Set a analizar'!I629 -> 0 | ... Q17: ='Set a analizar'!Q629 -> 0 | Y17: 22 | Z17: =PI()*(Y17/2)^2 -> 380.13271 | AA17: 4 | AB17: =AA17*Z17 -> 1520.5308 | AD17: 22 | AE17: =PI()*(AD17/2)^2 -> 380.13271 | AF17: 0 | AG17: =AF17*AE17 -> 0
B18: ='Set a analizar'!B630 -> -1 | C18: ='Set a analizar'!C630 -> B15 | D18: ='Set a analizar'!D630 -> 15 | E18: ='Set a analizar'!E630 -> PP | F18: ='Set a analizar'!F630 -> LinStatic | G18: ='Set a analizar'!G630 -> 0 | H18: ='Set a analizar'!H630 -> 4.5088 | I18: ='Set a analizar'!I630 -> 0 | ... Q18: ='Set a analizar'!Q630 -> 0 | S18: f'c | T18: 35 | U18: Mpa | Y18: 25 | Z18: =PI()*(Y18/2)^2 -> 490.87385 | AB18: =AA18*Z18 -> 0 | AD18: 25 | AE18: =PI()*(AD18/2)^2 -> 490.87385 | AG18: =AF18*AE18 -> 0
B19: ='Set a analizar'!B631 -> -1 | C19: ='Set a analizar'!C631 -> B15 | D19: ='Set a analizar'!D631 -> 15 | E19: ='Set a analizar'!E631 -> PP | F19: ='Set a analizar'!F631 -> LinStatic | G19: ='Set a analizar'!G631 -> 0 | H19: ='Set a analizar'!H631 -> 4.5088 | I19: ='Set a analizar'!I631 -> 0 | ... Q19: ='Set a analizar'!Q631 -> 0 | S19: E | T19: =4700*(SQRT(T18))/1000 -> 27.805575 | U19: Gpa | Y19: 28 | Z19: =PI()*(Y19/2)^2 -> 615.75216 | AB19: =AA19*Z19 -> 0 | AD19: 28 | AE19: =PI()*(AD19/2)^2 -> 615.75216 | AG19: =AF19*AE19 -> 0
B20: ='Set a analizar'!B632 -> -1 | C20: ='Set a analizar'!C632 -> B15 | D20: ='Set a analizar'!D632 -> 15 | E20: ='Set a analizar'!E632 -> PP | F20: ='Set a analizar'!F632 -> LinStatic | G20: ='Set a analizar'!G632 -> 0 | H20: ='Set a analizar'!H632 -> 4.9836 | I20: ='Set a analizar'!I632 -> 0 | ... Q20: ='Set a analizar'!Q632 -> 0 | S20: f'c | T20: =T18*9.81*10 -> 3433.5 | U20: tonf/m^2 | Y20: 32 | Z20: =PI()*(Y20/2)^2 -> 804.24772 | AB20: =AA20*Z20 -> 0 | AD20: 32 | AE20: =PI()*(AD20/2)^2 -> 804.24772 | AG20: =AF20*AE20 -> 0
B21: ='Set a analizar'!B633 -> -1 | C21: ='Set a analizar'!C633 -> B15 | D21: ='Set a analizar'!D633 -> 15 | E21: ='Set a analizar'!E633 -> PP | F21: ='Set a analizar'!F633 -> LinStatic | G21: ='Set a analizar'!G633 -> 0 | H21: ='Set a analizar'!H633 -> 5.4584 | I21: ='Set a analizar'!I633 -> 0 | ... Q21: ='Set a analizar'!Q633 -> 0 | S21: E | T21: =151*((T20/10)^0.5)/1000*(1000*1000) -> 2797985.6 | U21: tonf/m^2 | Y21: 36 | Z21: =PI()*(Y21/2)^2 -> 1017.876 | AB21: =AA21*Z21 -> 0 | AD21: 36 | AE21: =PI()*(AD21/2)^2 -> 1017.876 | AG21: =AF21*AE21 -> 0
B22: ='Set a analizar'!B634 -> -1 | C22: ='Set a analizar'!C634 -> B15 | D22: ='Set a analizar'!D634 -> 15 | E22: ='Set a analizar'!E634 -> PP | F22: ='Set a analizar'!F634 -> LinStatic | G22: ='Set a analizar'!G634 -> 0 | H22: ='Set a analizar'!H634 -> 5.4584 | I22: ='Set a analizar'!I634 -> 0 | ... Q22: ='Set a analizar'!Q634 -> 0 | S22: I | T22: =((T11^3)*(T12))/12 -> 0.0026041667 | U22: m^4 | Y22: 40 | Z22: =PI()*(Y22/2)^2 -> 1256.6371 | AB22: =AA22*Z22 -> 0 | AD22: 40 | AE22: =PI()*(AD22/2)^2 -> 1256.6371 | AG22: =AF22*AE22 -> 0
B23: ='Set a analizar'!B635 -> -1 | C23: ='Set a analizar'!C635 -> B15 | D23: ='Set a analizar'!D635 -> 15 | E23: ='Set a analizar'!E635 -> PP | F23: ='Set a analizar'!F635 -> LinStatic | G23: ='Set a analizar'!G635 -> 0 | H23: ='Set a analizar'!H635 -> 5.8582 | I23: ='Set a analizar'!I635 -> 0 | ... Q23: ='Set a analizar'!Q635 -> 0 | S23: fy | T23: 420 | U23: MPa
B24: ='Set a analizar'!B636 -> -1 | C24: ='Set a analizar'!C636 -> B15 | D24: ='Set a analizar'!D636 -> 15 | E24: ='Set a analizar'!E636 -> PP | F24: ='Set a analizar'!F636 -> LinStatic | G24: ='Set a analizar'!G636 -> 0 | H24: ='Set a analizar'!H636 -> 6.2581 | I24: ='Set a analizar'!I636 -> 0 | ... Q24: ='Set a analizar'!Q636 -> 0 | S24: fy | T24: =T23*98.1 -> 41202 | U24: tonf/m^2 | Y24: Área máxima | AB24: =T46*1000*1000 -> 2390.625 | AC24: mm^2
B25: ='Set a analizar'!B637 -> -1 | C25: ='Set a analizar'!C637 -> B15 | D25: ='Set a analizar'!D637 -> 15 | E25: ='Set a analizar'!E637 -> SC | F25: ='Set a analizar'!F637 -> LinStatic | G25: ='Set a analizar'!G637 -> 0 | H25: ='Set a analizar'!H637 -> 0.15 | I25: ='Set a analizar'!I637 -> 0 | ... Q25: ='Set a analizar'!Q637 -> 0 | S25: e_c | T25: 0.003 | Y25: Área mínima | AB25: =T39*10*10 -> 375 | AC25: mm^2
B26: ='Set a analizar'!B638 -> -1 | C26: ='Set a analizar'!C638 -> B15 | D26: ='Set a analizar'!D638 -> 15 | E26: ='Set a analizar'!E638 -> SC | F26: ='Set a analizar'!F638 -> LinStatic | G26: ='Set a analizar'!G638 -> 0 | H26: ='Set a analizar'!H638 -> 0.49 | I26: ='Set a analizar'!I638 -> 0 | ... Q26: ='Set a analizar'!Q638 -> 0 | S26: e_y | T26: 0.002 | Y26: Área | AB26: =SUM(AB12:AB22) -> 1520.5308 | AD26: Área | AG26: =SUM(AG12:AG22) -> 50.265482
B27: ='Set a analizar'!B639 -> -1 | C27: ='Set a analizar'!C639 -> B15 | D27: ='Set a analizar'!D639 -> 15 | E27: ='Set a analizar'!E639 -> SC | F27: ='Set a analizar'!F639 -> LinStatic | G27: ='Set a analizar'!G639 -> 0 | H27: ='Set a analizar'!H639 -> 0.83 | I27: ='Set a analizar'!I639 -> 0 | ... Q27: ='Set a analizar'!Q639 -> 0 | S27: A_g | T27: =T11*T12 -> 0.125 | U27: m^2 | Y27: check | AB27: =IF(AND(AB25<AB26,AB26<AB24),"Estas bien","tay fuera") -> Estas bien
B28: ='Set a analizar'!B640 -> -1 | C28: ='Set a analizar'!C640 -> B15 | D28: ='Set a analizar'!D640 -> 15 | E28: ='Set a analizar'!E640 -> SC | F28: ='Set a analizar'!F640 -> LinStatic | G28: ='Set a analizar'!G640 -> 0 | H28: ='Set a analizar'!H640 -> 0.83 | I28: ='Set a analizar'!I640 -> 0 | ... Q28: ='Set a analizar'!Q640 -> 0
B29: ='Set a analizar'!B641 -> -1 | C29: ='Set a analizar'!C641 -> B15 | D29: ='Set a analizar'!D641 -> 15 | E29: ='Set a analizar'!E641 -> SC | F29: ='Set a analizar'!F641 -> LinStatic | G29: ='Set a analizar'!G641 -> 0 | H29: ='Set a analizar'!H641 -> 1.2449 | I29: ='Set a analizar'!I641 -> 0 | ... Q29: ='Set a analizar'!Q641 -> 0
B30: ='Set a analizar'!B642 -> -1 | C30: ='Set a analizar'!C642 -> B15 | D30: ='Set a analizar'!D642 -> 15 | E30: ='Set a analizar'!E642 -> SC | F30: ='Set a analizar'!F642 -> LinStatic | G30: ='Set a analizar'!G642 -> 0 | H30: ='Set a analizar'!H642 -> 1.6599 | I30: ='Set a analizar'!I642 -> 0 | ... Q30: ='Set a analizar'!Q642 -> 0 | S30: Cálculo de flexión | W30: Cálculo de corte
B31: ='Set a analizar'!B643 -> -1 | C31: ='Set a analizar'!C643 -> B15 | D31: ='Set a analizar'!D643 -> 15 | E31: ='Set a analizar'!E643 -> SC | F31: ='Set a analizar'!F643 -> LinStatic | G31: ='Set a analizar'!G643 -> 0 | H31: ='Set a analizar'!H643 -> 1.6599 | I31: ='Set a analizar'!I643 -> 0 | ... Q31: ='Set a analizar'!Q643 -> 0
B32: ='Set a analizar'!B644 -> -1 | C32: ='Set a analizar'!C644 -> B15 | D32: ='Set a analizar'!D644 -> 15 | E32: ='Set a analizar'!E644 -> SC | F32: ='Set a analizar'!F644 -> LinStatic | G32: ='Set a analizar'!G644 -> 0 | H32: ='Set a analizar'!H644 -> 2.1347 | I32: ='Set a analizar'!I644 -> 0 | ... Q32: ='Set a analizar'!Q644 -> 0
B33: ='Set a analizar'!B645 -> -1 | C33: ='Set a analizar'!C645 -> B15 | D33: ='Set a analizar'!D645 -> 15 | E33: ='Set a analizar'!E645 -> SC | F33: ='Set a analizar'!F645 -> LinStatic | G33: ='Set a analizar'!G645 -> 0 | H33: ='Set a analizar'!H645 -> 2.6095 | I33: ='Set a analizar'!I645 -> 0 | ... Q33: ='Set a analizar'!Q645 -> 0
B34: ='Set a analizar'!B646 -> -1 | C34: ='Set a analizar'!C646 -> B15 | D34: ='Set a analizar'!D646 -> 15 | E34: ='Set a analizar'!E646 -> SC | F34: ='Set a analizar'!F646 -> LinStatic | G34: ='Set a analizar'!G646 -> 0 | H34: ='Set a analizar'!H646 -> 2.6095 | I34: ='Set a analizar'!I646 -> 0 | ... Q34: ='Set a analizar'!Q646 -> 0
B35: ='Set a analizar'!B647 -> -1 | C35: ='Set a analizar'!C647 -> B15 | D35: ='Set a analizar'!D647 -> 15 | E35: ='Set a analizar'!E647 -> SC | F35: ='Set a analizar'!F647 -> LinStatic | G35: ='Set a analizar'!G647 -> 0 | H35: ='Set a analizar'!H647 -> 3.0844 | I35: ='Set a analizar'!I647 -> 0 | ... Q35: ='Set a analizar'!Q647 -> 0 | S35: Parámetros importantes | W35: Resistencia del hormigón al corte
B36: ='Set a analizar'!B648 -> -1 | C36: ='Set a analizar'!C648 -> B15 | D36: ='Set a analizar'!D648 -> 15 | E36: ='Set a analizar'!E648 -> SC | F36: ='Set a analizar'!F648 -> LinStatic | G36: ='Set a analizar'!G648 -> 0 | H36: ='Set a analizar'!H648 -> 3.5592 | I36: ='Set a analizar'!I648 -> 0 | ... Q36: ='Set a analizar'!Q648 -> 0 | S36: Enfierradura mínima | W36: V_u | X36: =T7*9.81 -> 125.48363 | Y36: kN
B37: ='Set a analizar'!B649 -> -1 | C37: ='Set a analizar'!C649 -> B15 | D37: ='Set a analizar'!D649 -> 15 | E37: ='Set a analizar'!E649 -> SC | F37: ='Set a analizar'!F649 -> LinStatic | G37: ='Set a analizar'!G649 -> 0 | H37: ='Set a analizar'!H649 -> 3.5592 | I37: ='Set a analizar'!I649 -> 0 | ... Q37: ='Set a analizar'!Q649 -> 0 | S37: As_min1 | T37: =(0.25*SQRT(T18))/T23*T11*T12*100*100 -> 4.4018451 | U37: cm^2 | W37: V_c | X37: =0.17*1*SQRT(T18)*T12*T14*1000*1000/1000 -> 113.14503 | Y37: kN
B38: ='Set a analizar'!B650 -> -1 | C38: ='Set a analizar'!C650 -> B15 | D38: ='Set a analizar'!D650 -> 15 | E38: ='Set a analizar'!E650 -> SC | F38: ='Set a analizar'!F650 -> LinStatic | G38: ='Set a analizar'!G650 -> 0 | H38: ='Set a analizar'!H650 -> 4.034 | I38: ='Set a analizar'!I650 -> 0 | ... Q38: ='Set a analizar'!Q650 -> 0 | S38: As_min2 | T38: =1.4*T14*T12/T23*100*100 -> 3.75 | U38: cm^2 | W38: Factor | X38: =0.75*(X37+0.66*SQRT(T18)*T12*T14*1000) -> 414.31046 | Y38: kN
B39: ='Set a analizar'!B651 -> -1 | C39: ='Set a analizar'!C651 -> B15 | D39: ='Set a analizar'!D651 -> 15 | E39: ='Set a analizar'!E651 -> SC | F39: ='Set a analizar'!F651 -> LinStatic | G39: ='Set a analizar'!G651 -> 0 | H39: ='Set a analizar'!H651 -> 4.5088 | I39: ='Set a analizar'!I651 -> 0 | ... Q39: ='Set a analizar'!Q651 -> 0 | S39: As_min | T39: =MIN(T37:T38) -> 3.75 | U39: cm^2
B40: ='Set a analizar'!B652 -> -1 | C40: ='Set a analizar'!C652 -> B15 | D40: ='Set a analizar'!D652 -> 15 | E40: ='Set a analizar'!E652 -> SC | F40: ='Set a analizar'!F652 -> LinStatic | G40: ='Set a analizar'!G652 -> 0 | H40: ='Set a analizar'!H652 -> 4.5088 | I40: ='Set a analizar'!I652 -> 0 | ... Q40: ='Set a analizar'!Q652 -> 0 | S40: rho_min | T40: =T39/(T12*100*T14*100) -> 0.0033333333 | W40: Se requiere armadura?
B41: ='Set a analizar'!B653 -> -1 | C41: ='Set a analizar'!C653 -> B15 | D41: ='Set a analizar'!D653 -> 15 | E41: ='Set a analizar'!E653 -> SC | F41: ='Set a analizar'!F653 -> LinStatic | G41: ='Set a analizar'!G653 -> 0 | H41: ='Set a analizar'!H653 -> 4.9836 | I41: ='Set a analizar'!I653 -> 0 | ... Q41: ='Set a analizar'!Q653 -> 0 | W41: 0.9*V_c/2 | X41: =0.75*X37/2 -> 42.429385
B42: ='Set a analizar'!B654 -> -1 | C42: ='Set a analizar'!C654 -> B15 | D42: ='Set a analizar'!D654 -> 15 | E42: ='Set a analizar'!E654 -> SC | F42: ='Set a analizar'!F654 -> LinStatic | G42: ='Set a analizar'!G654 -> 0 | H42: ='Set a analizar'!H654 -> 5.4584 | I42: ='Set a analizar'!I654 -> 0 | ... Q42: ='Set a analizar'!Q654 -> 0 | S42: Enfierradura máxima | W42: V_u>0.9*V_c/2 | X42: =IF(X36<X41,"No se requiere armadura","Se requiere armadura") -> Se requiere armadura
B43: ='Set a analizar'!B655 -> -1 | C43: ='Set a analizar'!C655 -> B15 | D43: ='Set a analizar'!D655 -> 15 | E43: ='Set a analizar'!E655 -> SC | F43: ='Set a analizar'!F655 -> LinStatic | G43: ='Set a analizar'!G655 -> 0 | H43: ='Set a analizar'!H655 -> 5.4584 | I43: ='Set a analizar'!I655 -> 0 | ... Q43: ='Set a analizar'!Q655 -> 0 | S43: c_max | T43: =0.375*T14 -> 0.16875 | U43: m
B44: ='Set a analizar'!B656 -> -1 | C44: ='Set a analizar'!C656 -> B15 | D44: ='Set a analizar'!D656 -> 15 | E44: ='Set a analizar'!E656 -> SC | F44: ='Set a analizar'!F656 -> LinStatic | G44: ='Set a analizar'!G656 -> 0 | H44: ='Set a analizar'!H656 -> 5.8582 | I44: ='Set a analizar'!I656 -> 0 | ... Q44: ='Set a analizar'!Q656 -> 0 | S44: beta_1 | T44: =IF(AB5<=28,AC5,IF(AB5>=55,AC6,AC7)) -> 0.8 | W44: V_s | X44: =(X36-0.75*X37)/0.75 -> 54.166486 | Y44: kN
B45: ='Set a analizar'!B657 -> -1 | C45: ='Set a analizar'!C657 -> B15 | D45: ='Set a analizar'!D657 -> 15 | E45: ='Set a analizar'!E657 -> SC | F45: ='Set a analizar'!F657 -> LinStatic | G45: ='Set a analizar'!G657 -> 0 | H45: ='Set a analizar'!H657 -> 6.2581 | I45: ='Set a analizar'!I657 -> 0 | ... Q45: ='Set a analizar'!Q657 -> 0 | S45: a_max | T45: =T43*T44 -> 0.135 | U45: m
B46: ='Set a analizar'!B658 -> -1 | C46: ='Set a analizar'!C658 -> B15 | D46: ='Set a analizar'!D658 -> 15 | E46: ='Set a analizar'!E658 -> SX | F46: ='Set a analizar'!F658 -> LinRespSpec | G46: ='Set a analizar'!G658 -> Max | H46: ='Set a analizar'!H658 -> 0.15 | I46: ='Set a analizar'!I658 -> 0 | ... Q46: ='Set a analizar'!Q658 -> 0 | S46: As_max | T46: =(0.85*T18*T12*T45)/T23 -> 0.002390625 | U46: cm^2 | W46: Espaciamiento (s_max)
B47: ='Set a analizar'!B659 -> -1 | C47: ='Set a analizar'!C659 -> B15 | D47: ='Set a analizar'!D659 -> 15 | E47: ='Set a analizar'!E659 -> SX | F47: ='Set a analizar'!F659 -> LinRespSpec | G47: ='Set a analizar'!G659 -> Max | H47: ='Set a analizar'!H659 -> 0.49 | I47: ='Set a analizar'!I659 -> 0 | ... Q47: ='Set a analizar'!Q659 -> 0 | S47: rho_max | T47: =T46/(T12*T14) -> 0.02125 | W47: 0.33*f'c^0.5*b*d | X47: =0.33*SQRT(T18)*T12*T14*1000 -> 219.63446 | Y47: kN
B48: ='Set a analizar'!B660 -> -1 | C48: ='Set a analizar'!C660 -> B15 | D48: ='Set a analizar'!D660 -> 15 | E48: ='Set a analizar'!E660 -> SX | F48: ='Set a analizar'!F660 -> LinRespSpec | G48: ='Set a analizar'!G660 -> Max | H48: ='Set a analizar'!H660 -> 0.83 | I48: ='Set a analizar'!I660 -> 0 | ... Q48: ='Set a analizar'!Q660 -> 0 | W48: Espaciamiento_max | X48: =IF(X44<X47,MIN(T14/2,0.6),(MIN(T14/4,0.3))) -> 0.225 | Y48: m
B49: ='Set a analizar'!B661 -> -1 | C49: ='Set a analizar'!C661 -> B15 | D49: ='Set a analizar'!D661 -> 15 | E49: ='Set a analizar'!E661 -> SX | F49: ='Set a analizar'!F661 -> LinRespSpec | G49: ='Set a analizar'!G661 -> Max | H49: ='Set a analizar'!H661 -> 0.83 | I49: ='Set a analizar'!I661 -> 0 | ... Q49: ='Set a analizar'!Q661 -> 0 | S49: Area de acero | W49: Espaciamiento | X49: =X48 -> 0.225 | Y49: m
B50: ='Set a analizar'!B662 -> -1 | C50: ='Set a analizar'!C662 -> B15 | D50: ='Set a analizar'!D662 -> 15 | E50: ='Set a analizar'!E662 -> SX | F50: ='Set a analizar'!F662 -> LinRespSpec | G50: ='Set a analizar'!G662 -> Max | H50: ='Set a analizar'!H662 -> 1.2449 | I50: ='Set a analizar'!I662 -> 0 | ... Q50: ='Set a analizar'!Q662 -> 0 | S50: A_s | T50: =AB26 -> 1520.5308 | U50: mm^2
B51: ='Set a analizar'!B663 -> -1 | C51: ='Set a analizar'!C663 -> B15 | D51: ='Set a analizar'!D663 -> 15 | E51: ='Set a analizar'!E663 -> SX | F51: ='Set a analizar'!F663 -> LinRespSpec | G51: ='Set a analizar'!G663 -> Max | H51: ='Set a analizar'!H663 -> 1.6599 | I51: ='Set a analizar'!I663 -> 0 | ... Q51: ='Set a analizar'!Q663 -> 0 | S51: A_s | T51: =T50/1000000 -> 0.0015205308 | U51: m^2 | W51: Area requerida
B52: ='Set a analizar'!B664 -> -1 | C52: ='Set a analizar'!C664 -> B15 | D52: ='Set a analizar'!D664 -> 15 | E52: ='Set a analizar'!E664 -> SX | F52: ='Set a analizar'!F664 -> LinRespSpec | G52: ='Set a analizar'!G664 -> Max | H52: ='Set a analizar'!H664 -> 1.6599 | I52: ='Set a analizar'!I664 -> 0 | ... Q52: ='Set a analizar'!Q664 -> 0 | W52: A_s_req | X52: =X49*X44/(T23*T14)*1000 -> 64.483912 | Y52: mm^2
B53: ='Set a analizar'!B665 -> -1 | C53: ='Set a analizar'!C665 -> B15 | D53: ='Set a analizar'!D665 -> 15 | E53: ='Set a analizar'!E665 -> SX | F53: ='Set a analizar'!F665 -> LinRespSpec | G53: ='Set a analizar'!G665 -> Max | H53: ='Set a analizar'!H665 -> 2.1347 | I53: ='Set a analizar'!I665 -> 0 | ... Q53: ='Set a analizar'!Q665 -> 0 | W53: Av | X53: =AG26*2 -> 100.53096 | Y53: mm^2
B54: ='Set a analizar'!B666 -> -1 | C54: ='Set a analizar'!C666 -> B15 | D54: ='Set a analizar'!D666 -> 15 | E54: ='Set a analizar'!E666 -> SX | F54: ='Set a analizar'!F666 -> LinRespSpec | G54: ='Set a analizar'!G666 -> Max | H54: ='Set a analizar'!H666 -> 2.6095 | I54: ='Set a analizar'!I666 -> 0 | ... Q54: ='Set a analizar'!Q666 -> 0 | S54: Verificación de fluencia
B55: ='Set a analizar'!B667 -> -1 | C55: ='Set a analizar'!C667 -> B15 | D55: ='Set a analizar'!D667 -> 15 | E55: ='Set a analizar'!E667 -> SX | F55: ='Set a analizar'!F667 -> LinRespSpec | G55: ='Set a analizar'!G667 -> Max | H55: ='Set a analizar'!H667 -> 2.6095 | I55: ='Set a analizar'!I667 -> 0 | ... Q55: ='Set a analizar'!Q667 -> 0 | S55: a | T55: =(T51*T23)/(0.85*T18*T12) -> 0.085865271 | U55: m | W55: A_v_min | X55: =MAX((0.062*SQRT(T18)*T12*X49)/T23,(0.35*T12*X49/T23))*1000*1000 -> 49.124591 | Y55: mm^2
B56: ='Set a analizar'!B668 -> -1 | C56: ='Set a analizar'!C668 -> B15 | D56: ='Set a analizar'!D668 -> 15 | E56: ='Set a analizar'!E668 -> SX | F56: ='Set a analizar'!F668 -> LinRespSpec | G56: ='Set a analizar'!G668 -> Max | H56: ='Set a analizar'!H668 -> 3.0844 | I56: ='Set a analizar'!I668 -> 0 | ... Q56: ='Set a analizar'!Q668 -> 0 | S56: c | T56: =T55/T44 -> 0.10733159 | U56: m | W56: =IF(X53>X55,"cumple","no cumple") -> cumple
B57: ='Set a analizar'!B669 -> -1 | C57: ='Set a analizar'!C669 -> B15 | D57: ='Set a analizar'!D669 -> 15 | E57: ='Set a analizar'!E669 -> SX | F57: ='Set a analizar'!F669 -> LinRespSpec | G57: ='Set a analizar'!G669 -> Max | H57: ='Set a analizar'!H669 -> 3.5592 | I57: ='Set a analizar'!I669 -> 0 | ... Q57: ='Set a analizar'!Q669 -> 0 | S57: e_s | T57: =(T14-T56)/T56*T25 -> 0.0095778442 | U57: =IF(T57>T26,"Está en fluencia","no está en fluencia") -> Está en fluencia
B58: ='Set a analizar'!B670 -> -1 | C58: ='Set a analizar'!C670 -> B15 | D58: ='Set a analizar'!D670 -> 15 | E58: ='Set a analizar'!E670 -> SX | F58: ='Set a analizar'!F670 -> LinRespSpec | G58: ='Set a analizar'!G670 -> Max | H58: ='Set a analizar'!H670 -> 3.5592 | I58: ='Set a analizar'!I670 -> 0 | ... Q58: ='Set a analizar'!Q670 -> 0 | W58: Verificacion
B59: ='Set a analizar'!B671 -> -1 | C59: ='Set a analizar'!C671 -> B15 | D59: ='Set a analizar'!D671 -> 15 | E59: ='Set a analizar'!E671 -> SX | F59: ='Set a analizar'!F671 -> LinRespSpec | G59: ='Set a analizar'!G671 -> Max | H59: ='Set a analizar'!H671 -> 4.034 | I59: ='Set a analizar'!I671 -> 0 | ... Q59: ='Set a analizar'!Q671 -> 0 | W59: Vs | X59: =X53*T23*T14/X49/1000 -> 84.446011 | Y59: kN
B60: ='Set a analizar'!B672 -> -1 | C60: ='Set a analizar'!C672 -> B15 | D60: ='Set a analizar'!D672 -> 15 | E60: ='Set a analizar'!E672 -> SX | F60: ='Set a analizar'!F672 -> LinRespSpec | G60: ='Set a analizar'!G672 -> Max | H60: ='Set a analizar'!H672 -> 4.5088 | I60: ='Set a analizar'!I672 -> 0 | ... Q60: ='Set a analizar'!Q672 -> 0 | S60: Verificación de resistencia
B61: ='Set a analizar'!B673 -> -1 | C61: ='Set a analizar'!C673 -> B15 | D61: ='Set a analizar'!D673 -> 15 | E61: ='Set a analizar'!E673 -> SX | F61: ='Set a analizar'!F673 -> LinRespSpec | G61: ='Set a analizar'!G673 -> Max | H61: ='Set a analizar'!H673 -> 4.5088 | I61: ='Set a analizar'!I673 -> 0 | ... Q61: ='Set a analizar'!Q673 -> 0 | S61: Mn | T61: =T51*T23*(T14-(T55/2))*1000 -> 259.96256 | U61: kNm | W61: V_n | X61: =X59+X37 -> 197.59104 | Y61: kN
B62: ='Set a analizar'!B674 -> -1 | C62: ='Set a analizar'!C674 -> B15 | D62: ='Set a analizar'!D674 -> 15 | E62: ='Set a analizar'!E674 -> SX | F62: ='Set a analizar'!F674 -> LinRespSpec | G62: ='Set a analizar'!G674 -> Max | H62: ='Set a analizar'!H674 -> 4.9836 | I62: ='Set a analizar'!I674 -> 0 | ... Q62: ='Set a analizar'!Q674 -> 0 | S62: Mn*phi | T62: =0.9*T61 -> 233.96631 | U62: kNm | W62: phi*V_n | X62: =X61*0.75 -> 148.19328
B63: ='Set a analizar'!B675 -> -1 | C63: ='Set a analizar'!C675 -> B15 | D63: ='Set a analizar'!D675 -> 15 | E63: ='Set a analizar'!E675 -> SX | F63: ='Set a analizar'!F675 -> LinRespSpec | G63: ='Set a analizar'!G675 -> Max | H63: ='Set a analizar'!H675 -> 5.4584 | I63: ='Set a analizar'!I675 -> 0 | ... Q63: ='Set a analizar'!Q675 -> 0 | S63: M_req | T63: =T5*-9.81 -> 190.52099 | U63: tonf*m
B64: ='Set a analizar'!B676 -> -1 | C64: ='Set a analizar'!C676 -> B15 | D64: ='Set a analizar'!D676 -> 15 | E64: ='Set a analizar'!E676 -> SX | F64: ='Set a analizar'!F676 -> LinRespSpec | G64: ='Set a analizar'!G676 -> Max | H64: ='Set a analizar'!H676 -> 5.4584 | I64: ='Set a analizar'!I676 -> 0 | ... Q64: ='Set a analizar'!Q676 -> 0 | S64: =IF(T63<T62,"Cumple","no cumple") -> Cumple | W64: =IF(0.75*X61>X36,"estamos listos","subele") -> estamos listos
B65: ='Set a analizar'!B677 -> -1 | C65: ='Set a analizar'!C677 -> B15 | D65: ='Set a analizar'!D677 -> 15 | E65: ='Set a analizar'!E677 -> SX | F65: ='Set a analizar'!F677 -> LinRespSpec | G65: ='Set a analizar'!G677 -> Max | H65: ='Set a analizar'!H677 -> 5.8582 | I65: ='Set a analizar'!I677 -> 0 | ... Q65: ='Set a analizar'!Q677 -> 0
B66: ='Set a analizar'!B678 -> -1 | C66: ='Set a analizar'!C678 -> B15 | D66: ='Set a analizar'!D678 -> 15 | E66: ='Set a analizar'!E678 -> SX | F66: ='Set a analizar'!F678 -> LinRespSpec | G66: ='Set a analizar'!G678 -> Max | H66: ='Set a analizar'!H678 -> 6.2581 | I66: ='Set a analizar'!I678 -> 0 | ... Q66: ='Set a analizar'!Q678 -> 0
B67: ='Set a analizar'!B679 -> -1 | C67: ='Set a analizar'!C679 -> B15 | D67: ='Set a analizar'!D679 -> 15 | E67: ='Set a analizar'!E679 -> SY | F67: ='Set a analizar'!F679 -> LinRespSpec | G67: ='Set a analizar'!G679 -> Max | H67: ='Set a analizar'!H679 -> 0.15 | I67: ='Set a analizar'!I679 -> 0 | ... Q67: ='Set a analizar'!Q679 -> 0
B68: ='Set a analizar'!B680 -> -1 | C68: ='Set a analizar'!C680 -> B15 | D68: ='Set a analizar'!D680 -> 15 | E68: ='Set a analizar'!E680 -> SY | F68: ='Set a analizar'!F680 -> LinRespSpec | G68: ='Set a analizar'!G680 -> Max | H68: ='Set a analizar'!H680 -> 0.49 | I68: ='Set a analizar'!I680 -> 0 | ... Q68: ='Set a analizar'!Q680 -> 0
B69: ='Set a analizar'!B681 -> -1 | C69: ='Set a analizar'!C681 -> B15 | D69: ='Set a analizar'!D681 -> 15 | E69: ='Set a analizar'!E681 -> SY | F69: ='Set a analizar'!F681 -> LinRespSpec | G69: ='Set a analizar'!G681 -> Max | H69: ='Set a analizar'!H681 -> 0.83 | I69: ='Set a analizar'!I681 -> 0 | ... Q69: ='Set a analizar'!Q681 -> 0
B70: ='Set a analizar'!B682 -> -1 | C70: ='Set a analizar'!C682 -> B15 | D70: ='Set a analizar'!D682 -> 15 | E70: ='Set a analizar'!E682 -> SY | F70: ='Set a analizar'!F682 -> LinRespSpec | G70: ='Set a analizar'!G682 -> Max | H70: ='Set a analizar'!H682 -> 0.83 | I70: ='Set a analizar'!I682 -> 0 | ... Q70: ='Set a analizar'!Q682 -> 0
B71: ='Set a analizar'!B683 -> -1 | C71: ='Set a analizar'!C683 -> B15 | D71: ='Set a analizar'!D683 -> 15 | E71: ='Set a analizar'!E683 -> SY | F71: ='Set a analizar'!F683 -> LinRespSpec | G71: ='Set a analizar'!G683 -> Max | H71: ='Set a analizar'!H683 -> 1.2449 | I71: ='Set a analizar'!I683 -> 0 | ... Q71: ='Set a analizar'!Q683 -> 0
B72: ='Set a analizar'!B684 -> -1 | C72: ='Set a analizar'!C684 -> B15 | D72: ='Set a analizar'!D684 -> 15 | E72: ='Set a analizar'!E684 -> SY | F72: ='Set a analizar'!F684 -> LinRespSpec | G72: ='Set a analizar'!G684 -> Max | H72: ='Set a analizar'!H684 -> 1.6599 | I72: ='Set a analizar'!I684 -> 0 | ... Q72: ='Set a analizar'!Q684 -> 0
B73: ='Set a analizar'!B685 -> -1 | C73: ='Set a analizar'!C685 -> B15 | D73: ='Set a analizar'!D685 -> 15 | E73: ='Set a analizar'!E685 -> SY | F73: ='Set a analizar'!F685 -> LinRespSpec | G73: ='Set a analizar'!G685 -> Max | H73: ='Set a analizar'!H685 -> 1.6599 | I73: ='Set a analizar'!I685 -> 0 | ... Q73: ='Set a analizar'!Q685 -> 0
B74: ='Set a analizar'!B686 -> -1 | C74: ='Set a analizar'!C686 -> B15 | D74: ='Set a analizar'!D686 -> 15 | E74: ='Set a analizar'!E686 -> SY | F74: ='Set a analizar'!F686 -> LinRespSpec | G74: ='Set a analizar'!G686 -> Max | H74: ='Set a analizar'!H686 -> 2.1347 | I74: ='Set a analizar'!I686 -> 0 | ... Q74: ='Set a analizar'!Q686 -> 0
B75: ='Set a analizar'!B687 -> -1 | C75: ='Set a analizar'!C687 -> B15 | D75: ='Set a analizar'!D687 -> 15 | E75: ='Set a analizar'!E687 -> SY | F75: ='Set a analizar'!F687 -> LinRespSpec | G75: ='Set a analizar'!G687 -> Max | H75: ='Set a analizar'!H687 -> 2.6095 | I75: ='Set a analizar'!I687 -> 0 | ... Q75: ='Set a analizar'!Q687 -> 0
B76: ='Set a analizar'!B688 -> -1 | C76: ='Set a analizar'!C688 -> B15 | D76: ='Set a analizar'!D688 -> 15 | E76: ='Set a analizar'!E688 -> SY | F76: ='Set a analizar'!F688 -> LinRespSpec | G76: ='Set a analizar'!G688 -> Max | H76: ='Set a analizar'!H688 -> 2.6095 | I76: ='Set a analizar'!I688 -> 0 | ... Q76: ='Set a analizar'!Q688 -> 0
... B359: ='Set a analizar'!B971 -> -1 | C359: ='Set a analizar'!C971 -> B15 | D359: ='Set a analizar'!D971 -> 15 | E359: ='Set a analizar'!E971 -> PPSC | F359: ='Set a analizar'!F971 -> Combination | G359: ='Set a analizar'!G971 -> 0 | H359: ='Set a analizar'!H971 -> 5.8582 | I359: ='Set a analizar'!I971 -> 0 | ... Q359: ='Set a analizar'!Q971 -> 0

Sheet B16
B2: Story | C2: Beam | D2: Unique Name | E2: Output Case | F2: Case Type | G2: Step Type | H2: Station | I2: P | J2: V2 | K2: V3 | L2: T | M2: M2 | N2: M3 | O2: Element | P2: Elem Station | Q2: Location
H3: m | I3: tonf | J3: tonf | K3: tonf | L3: tonf-m | M3: tonf-m | N3: tonf-m | P3: m
B4: ='Set a analizar'!B973 -> -1 | C4: ='Set a analizar'!C973 -> B16 | D4: ='Set a analizar'!D973 -> 16 | E4: ='Set a analizar'!E973 -> PP | F4: ='Set a analizar'!F973 -> LinStatic | G4: ='Set a analizar'!G973 -> 0 | H4: ='Set a analizar'!H973 -> 0.15 | I4: ='Set a analizar'!I973 -> 0 | ... Q4: ='Set a analizar'!Q973 -> 0 | S4: Mmax | T4: =MAX(N4:N309) -> 18.1265 | U4: tonfm
B5: ='Set a analizar'!B974 -> -1 | C5: ='Set a analizar'!C974 -> B16 | D5: ='Set a analizar'!D974 -> 16 | E5: ='Set a analizar'!E974 -> PP | F5: ='Set a analizar'!F974 -> LinStatic | G5: ='Set a analizar'!G974 -> 0 | H5: ='Set a analizar'!H974 -> 0.5255 | I5: ='Set a analizar'!I974 -> 0 | ... Q5: ='Set a analizar'!Q974 -> 0 | S5: Mmin | T5: =MIN(N4:N309) -> -24.2641 | U5: tonfm | AA5: fc | AB5: =T18 -> 35 | AC5: 0.85
B6: ='Set a analizar'!B975 -> -1 | C6: ='Set a analizar'!C975 -> B16 | D6: ='Set a analizar'!D975 -> 16 | E6: ='Set a analizar'!E975 -> PP | F6: ='Set a analizar'!F975 -> LinStatic | G6: ='Set a analizar'!G975 -> 0 | H6: ='Set a analizar'!H975 -> 0.9009 | I6: ='Set a analizar'!I975 -> 0 | ... Q6: ='Set a analizar'!Q975 -> 0 | AC6: 0.65
B7: ='Set a analizar'!B976 -> -1 | C7: ='Set a analizar'!C976 -> B16 | D7: ='Set a analizar'!D976 -> 16 | E7: ='Set a analizar'!E976 -> PP | F7: ='Set a analizar'!F976 -> LinStatic | G7: ='Set a analizar'!G976 -> 0 | H7: ='Set a analizar'!H976 -> 0.9009 | I7: ='Set a analizar'!I976 -> 0 | ... Q7: ='Set a analizar'!Q976 -> 0 | S7: Vmax | T7: =MAX(J4:J309) -> 9.5796 | U7: tonf | AC7: =0.85-(0.05*(AB5-28)/7) -> 0.8
B8: ='Set a analizar'!B977 -> -1 | C8: ='Set a analizar'!C977 -> B16 | D8: ='Set a analizar'!D977 -> 16 | E8: ='Set a analizar'!E977 -> PP | F8: ='Set a analizar'!F977 -> LinStatic | G8: ='Set a analizar'!G977 -> 0 | H8: ='Set a analizar'!H977 -> 1.3514 | I8: ='Set a analizar'!I977 -> 0 | ... Q8: ='Set a analizar'!Q977 -> 0 | S8: Vmin | T8: =MIN(J4:J309) -> -17.6096 | U8: tonf
B9: ='Set a analizar'!B978 -> -1 | C9: ='Set a analizar'!C978 -> B16 | D9: ='Set a analizar'!D978 -> 16 | E9: ='Set a analizar'!E978 -> PP | F9: ='Set a analizar'!F978 -> LinStatic | G9: ='Set a analizar'!G978 -> 0 | H9: ='Set a analizar'!H978 -> 1.8019 | I9: ='Set a analizar'!I978 -> 0 | ... Q9: ='Set a analizar'!Q978 -> 0 | Y9: Flexión | AD9: Corte
B10: ='Set a analizar'!B979 -> -1 | C10: ='Set a analizar'!C979 -> B16 | D10: ='Set a analizar'!D979 -> 16 | E10: ='Set a analizar'!E979 -> PP | F10: ='Set a analizar'!F979 -> LinStatic | G10: ='Set a analizar'!G979 -> 0 | H10: ='Set a analizar'!H979 -> 1.8019 | I10: ='Set a analizar'!I979 -> 0 | ... Q10: ='Set a analizar'!Q979 -> 0 | S10: Geometría del perfil | Y10: Diámetro | Z10: Área | AA10: Unidades | AB10: Área total | AD10: Diámetro | AE10: Área | AF10: Unidades | AG10: Área total
B11: ='Set a analizar'!B980 -> -1 | C11: ='Set a analizar'!C980 -> B16 | D11: ='Set a analizar'!D980 -> 16 | E11: ='Set a analizar'!E980 -> PP | F11: ='Set a analizar'!F980 -> LinStatic | G11: ='Set a analizar'!G980 -> 0 | H11: ='Set a analizar'!H980 -> 2.2697 | I11: ='Set a analizar'!I980 -> 0 | ... Q11: ='Set a analizar'!Q980 -> 0 | S11: h | T11: 0.5 | U11: m | Y11: mm | Z11: mm^2 | AB11: mm^2 | AD11: mm | AE11: mm^2 | AG11: mm^2
B12: ='Set a analizar'!B981 -> -1 | C12: ='Set a analizar'!C981 -> B16 | D12: ='Set a analizar'!D981 -> 16 | E12: ='Set a analizar'!E981 -> PP | F12: ='Set a analizar'!F981 -> LinStatic | G12: ='Set a analizar'!G981 -> 0 | H12: ='Set a analizar'!H981 -> 2.7376 | I12: ='Set a analizar'!I981 -> 0 | ... Q12: ='Set a analizar'!Q981 -> 0 | S12: b | T12: 0.25 | U12: m | Y12: 8 | Z12: =PI()*(Y12/2)^2 -> 50.265482 | AB12: =AA12*Z12 -> 0 | AD12: 8 | AE12: =PI()*(AD12/2)^2 -> 50.265482 | AF12: 0 | AG12: =AF12*AE12 -> 0
B13: ='Set a analizar'!B982 -> -1 | C13: ='Set a analizar'!C982 -> B16 | D13: ='Set a analizar'!D982 -> 16 | E13: ='Set a analizar'!E982 -> PP | F13: ='Set a analizar'!F982 -> LinStatic | G13: ='Set a analizar'!G982 -> 0 | H13: ='Set a analizar'!H982 -> 2.7376 | I13: ='Set a analizar'!I982 -> 0 | ... Q13: ='Set a analizar'!Q982 -> 0 | S13: rec | T13: 5 | U13: cm | Y13: 10 | Z13: =PI()*(Y13/2)^2 -> 78.539816 | AB13: =AA13*Z13 -> 0 | AD13: 10 | AE13: =PI()*(AD13/2)^2 -> 78.539816 | AF13: 1 | AG13: =AF13*AE13 -> 78.539816
B14: ='Set a analizar'!B983 -> -1 | C14: ='Set a analizar'!C983 -> B16 | D14: ='Set a analizar'!D983 -> 16 | E14: ='Set a analizar'!E983 -> PP | F14: ='Set a analizar'!F983 -> LinStatic | G14: ='Set a analizar'!G983 -> 0 | H14: ='Set a analizar'!H983 -> 3.2054 | I14: ='Set a analizar'!I983 -> 0 | ... Q14: ='Set a analizar'!Q983 -> 0 | S14: d | T14: =T11-T13/100 -> 0.45 | U14: m | Y14: 12 | Z14: =PI()*(Y14/2)^2 -> 113.09734 | AB14: =AA14*Z14 -> 0 | AD14: 12 | AE14: =PI()*(AD14/2)^2 -> 113.09734 | AG14: =AF14*AE14 -> 0
B15: ='Set a analizar'!B984 -> -1 | C15: ='Set a analizar'!C984 -> B16 | D15: ='Set a analizar'!D984 -> 16 | E15: ='Set a analizar'!E984 -> PP | F15: ='Set a analizar'!F984 -> LinStatic | G15: ='Set a analizar'!G984 -> 0 | H15: ='Set a analizar'!H984 -> 3.6733 | I15: ='Set a analizar'!I984 -> 0 | ... Q15: ='Set a analizar'!Q984 -> 0 | Y15: 16 | Z15: =PI()*(Y15/2)^2 -> 201.06193 | AB15: =AA15*Z15 -> 0 | AD15: 16 | AE15: =PI()*(AD15/2)^2 -> 201.06193 | AG15: =AF15*AE15 -> 0
B16: ='Set a analizar'!B985 -> -1 | C16: ='Set a analizar'!C985 -> B16 | D16: ='Set a analizar'!D985 -> 16 | E16: ='Set a analizar'!E985 -> PP | F16: ='Set a analizar'!F985 -> LinStatic | G16: ='Set a analizar'!G985 -> 0 | H16: ='Set a analizar'!H985 -> 3.6733 | I16: ='Set a analizar'!I985 -> 0 | ... Q16: ='Set a analizar'!Q985 -> 0 | S16: Características | Y16: 18 | Z16: =PI()*(Y16/2)^2 -> 254.469 | AA16: 0 | AB16: =AA16*Z16 -> 0 | AD16: 18 | AE16: =PI()*(AD16/2)^2 -> 254.469 | AF16: 0 | AG16: =AF16*AE16 -> 0
B17: ='Set a analizar'!B986 -> -1 | C17: ='Set a analizar'!C986 -> B16 | D17: ='Set a analizar'!D986 -> 16 | E17: ='Set a analizar'!E986 -> PP | F17: ='Set a analizar'!F986 -> LinStatic | G17: ='Set a analizar'!G986 -> 0 | H17: ='Set a analizar'!H986 -> 4.1411 | I17: ='Set a analizar'!I986 -> 0 | ... Q17: ='Set a analizar'!Q986 -> 0 | Y17: 22 | Z17: =PI()*(Y17/2)^2 -> 380.13271 | AA17: 0 | AB17: =AA17*Z17 -> 0 | AD17: 22 | AE17: =PI()*(AD17/2)^2 -> 380.13271 | AF17: 0 | AG17: =AF17*AE17 -> 0
B18: ='Set a analizar'!B987 -> -1 | C18: ='Set a analizar'!C987 -> B16 | D18: ='Set a analizar'!D987 -> 16 | E18: ='Set a analizar'!E987 -> PP | F18: ='Set a analizar'!F987 -> LinStatic | G18: ='Set a analizar'!G987 -> 0 | H18: ='Set a analizar'!H987 -> 4.609 | I18: ='Set a analizar'!I987 -> 0 | ... Q18: ='Set a analizar'!Q987 -> 0 | S18: f'c | T18: 35 | U18: Mpa | Y18: 25 | Z18: =PI()*(Y18/2)^2 -> 490.87385 | AA18: 4 | AB18: =AA18*Z18 -> 1963.4954 | AD18: 25 | AE18: =PI()*(AD18/2)^2 -> 490.87385 | AG18: =AF18*AE18 -> 0
B19: ='Set a analizar'!B988 -> -1 | C19: ='Set a analizar'!C988 -> B16 | D19: ='Set a analizar'!D988 -> 16 | E19: ='Set a analizar'!E988 -> PP | F19: ='Set a analizar'!F988 -> LinStatic | G19: ='Set a analizar'!G988 -> 0 | H19: ='Set a analizar'!H988 -> 4.609 | I19: ='Set a analizar'!I988 -> 0 | ... Q19: ='Set a analizar'!Q988 -> 0 | S19: E | T19: =4700*(SQRT(T18))/1000 -> 27.805575 | U19: Gpa | Y19: 28 | Z19: =PI()*(Y19/2)^2 -> 615.75216 | AB19: =AA19*Z19 -> 0 | AD19: 28 | AE19: =PI()*(AD19/2)^2 -> 615.75216 | AG19: =AF19*AE19 -> 0
B20: ='Set a analizar'!B989 -> -1 | C20: ='Set a analizar'!C989 -> B16 | D20: ='Set a analizar'!D989 -> 16 | E20: ='Set a analizar'!E989 -> PP | F20: ='Set a analizar'!F989 -> LinStatic | G20: ='Set a analizar'!G989 -> 0 | H20: ='Set a analizar'!H989 -> 5.0769 | I20: ='Set a analizar'!I989 -> 0 | ... Q20: ='Set a analizar'!Q989 -> 0 | S20: f'c | T20: =T18*9.81*10 -> 3433.5 | U20: tonf/m^2 | Y20: 32 | Z20: =PI()*(Y20/2)^2 -> 804.24772 | AB20: =AA20*Z20 -> 0 | AD20: 32 | AE20: =PI()*(AD20/2)^2 -> 804.24772 | AG20: =AF20*AE20 -> 0
B21: ='Set a analizar'!B990 -> -1 | C21: ='Set a analizar'!C990 -> B16 | D21: ='Set a analizar'!D990 -> 16 | E21: ='Set a analizar'!E990 -> PP | F21: ='Set a analizar'!F990 -> LinStatic | G21: ='Set a analizar'!G990 -> 0 | H21: ='Set a analizar'!H990 -> 5.5447 | I21: ='Set a analizar'!I990 -> 0 | ... Q21: ='Set a analizar'!Q990 -> 0 | S21: E | T21: =151*((T20/10)^0.5)/1000*(1000*1000) -> 2797985.6 | U21: tonf/m^2 | Y21: 36 | Z21: =PI()*(Y21/2)^2 -> 1017.876 | AB21: =AA21*Z21 -> 0 | AD21: 36 | AE21: =PI()*(AD21/2)^2 -> 1017.876 | AG21: =AF21*AE21 -> 0
B22: ='Set a analizar'!B991 -> -1 | C22: ='Set a analizar'!C991 -> B16 | D22: ='Set a analizar'!D991 -> 16 | E22: ='Set a analizar'!E991 -> PP | F22: ='Set a analizar'!F991 -> LinStatic | G22: ='Set a analizar'!G991 -> 0 | H22: ='Set a analizar'!H991 -> 5.5447 | I22: ='Set a analizar'!I991 -> 0 | ... Q22: ='Set a analizar'!Q991 -> 0 | S22: I | T22: =((T11^3)*(T12))/12 -> 0.0026041667 | U22: m^4 | Y22: 40 | Z22: =PI()*(Y22/2)^2 -> 1256.6371 | AB22: =AA22*Z22 -> 0 | AD22: 40 | AE22: =PI()*(AD22/2)^2 -> 1256.6371 | AG22: =AF22*AE22 -> 0
B23: ='Set a analizar'!B992 -> -1 | C23: ='Set a analizar'!C992 -> B16 | D23: ='Set a analizar'!D992 -> 16 | E23: ='Set a analizar'!E992 -> PP | F23: ='Set a analizar'!F992 -> LinStatic | G23: ='Set a analizar'!G992 -> 0 | H23: ='Set a analizar'!H992 -> 6.0126 | I23: ='Set a analizar'!I992 -> 0 | ... Q23: ='Set a analizar'!Q992 -> 0 | S23: fy | T23: 420 | U23: MPa
B24: ='Set a analizar'!B993 -> -1 | C24: ='Set a analizar'!C993 -> B16 | D24: ='Set a analizar'!D993 -> 16 | E24: ='Set a analizar'!E993 -> PP | F24: ='Set a analizar'!F993 -> LinStatic | G24: ='Set a analizar'!G993 -> 0 | H24: ='Set a analizar'!H993 -> 6.4804 | I24: ='Set a analizar'!I993 -> 0 | ... Q24: ='Set a analizar'!Q993 -> 0 | S24: fy | T24: =T23*98.1 -> 41202 | U24: tonf/m^2 | Y24: Área máxima | AB24: =T46*1000*1000 -> 2390.625 | AC24: mm^2
B25: ='Set a analizar'!B994 -> -1 | C25: ='Set a analizar'!C994 -> B16 | D25: ='Set a analizar'!D994 -> 16 | E25: ='Set a analizar'!E994 -> PP | F25: ='Set a analizar'!F994 -> LinStatic | G25: ='Set a analizar'!G994 -> 0 | H25: ='Set a analizar'!H994 -> 6.4804 | I25: ='Set a analizar'!I994 -> 0 | ... Q25: ='Set a analizar'!Q994 -> 0 | S25: e_c | T25: 0.003 | Y25: Área mínima | AB25: =T39*10*10 -> 375 | AC25: mm^2
B26: ='Set a analizar'!B995 -> -1 | C26: ='Set a analizar'!C995 -> B16 | D26: ='Set a analizar'!D995 -> 16 | E26: ='Set a analizar'!E995 -> PP | F26: ='Set a analizar'!F995 -> LinStatic | G26: ='Set a analizar'!G995 -> 0 | H26: ='Set a analizar'!H995 -> 6.9483 | I26: ='Set a analizar'!I995 -> 0 | ... Q26: ='Set a analizar'!Q995 -> 0 | S26: e_y | T26: 0.002 | Y26: Área | AB26: =SUM(AB12:AB22) -> 1963.4954 | AD26: Área | AG26: =SUM(AG12:AG22) -> 78.539816
B27: ='Set a analizar'!B996 -> -1 | C27: ='Set a analizar'!C996 -> B16 | D27: ='Set a analizar'!D996 -> 16 | E27: ='Set a analizar'!E996 -> PP | F27: ='Set a analizar'!F996 -> LinStatic | G27: ='Set a analizar'!G996 -> 0 | H27: ='Set a analizar'!H996 -> 7.4161 | I27: ='Set a analizar'!I996 -> 0 | ... Q27: ='Set a analizar'!Q996 -> 0 | S27: A_g | T27: =T11*T12 -> 0.125 | U27: m^2 | Y27: check | AB27: =IF(AND(AB25<AB26,AB26<AB24),"Estas bien","tay fuera") -> Estas bien
B28: ='Set a analizar'!B997 -> -1 | C28: ='Set a analizar'!C997 -> B16 | D28: ='Set a analizar'!D997 -> 16 | E28: ='Set a analizar'!E997 -> PP | F28: ='Set a analizar'!F997 -> LinStatic | G28: ='Set a analizar'!G997 -> 0 | H28: ='Set a analizar'!H997 -> 7.4161 | I28: ='Set a analizar'!I997 -> 0 | ... Q28: ='Set a analizar'!Q997 -> 0
B29: ='Set a analizar'!B998 -> -1 | C29: ='Set a analizar'!C998 -> B16 | D29: ='Set a analizar'!D998 -> 16 | E29: ='Set a analizar'!E998 -> PP | F29: ='Set a analizar'!F998 -> LinStatic | G29: ='Set a analizar'!G998 -> 0 | H29: ='Set a analizar'!H998 -> 7.884 | I29: ='Set a analizar'!I998 -> 0 | ... Q29: ='Set a analizar'!Q998 -> 0
B30: ='Set a analizar'!B999 -> -1 | C30: ='Set a analizar'!C999 -> B16 | D30: ='Set a analizar'!D999 -> 16 | E30: ='Set a analizar'!E999 -> PP | F30: ='Set a analizar'!F999 -> LinStatic | G30: ='Set a analizar'!G999 -> 0 | H30: ='Set a analizar'!H999 -> 8.3519 | I30: ='Set a analizar'!I999 -> 0 | ... Q30: ='Set a analizar'!Q999 -> 0 | S30: Cálculo de flexión | W30: Cálculo de corte
B31: ='Set a analizar'!B1000 -> -1 | C31: ='Set a analizar'!C1000 -> B16 | D31: ='Set a analizar'!D1000 -> 16 | E31: ='Set a analizar'!E1000 -> SC | F31: ='Set a analizar'!F1000 -> LinStatic | G31: ='Set a analizar'!G1000 -> 0 | H31: ='Set a analizar'!H1000 -> 0.15 | I31: ='Set a analizar'!I1000 -> 0 | ... Q31: ='Set a analizar'!Q1000 -> 0
B32: ='Set a analizar'!B1001 -> -1 | C32: ='Set a analizar'!C1001 -> B16 | D32: ='Set a analizar'!D1001 -> 16 | E32: ='Set a analizar'!E1001 -> SC | F32: ='Set a analizar'!F1001 -> LinStatic | G32: ='Set a analizar'!G1001 -> 0 | H32: ='Set a analizar'!H1001 -> 0.5255 | I32: ='Set a analizar'!I1001 -> 0 | ... Q32: ='Set a analizar'!Q1001 -> 0
B33: ='Set a analizar'!B1002 -> -1 | C33: ='Set a analizar'!C1002 -> B16 | D33: ='Set a analizar'!D1002 -> 16 | E33: ='Set a analizar'!E1002 -> SC | F33: ='Set a analizar'!F1002 -> LinStatic | G33: ='Set a analizar'!G1002 -> 0 | H33: ='Set a analizar'!H1002 -> 0.9009 | I33: ='Set a analizar'!I1002 -> 0 | ... Q33: ='Set a analizar'!Q1002 -> 0
B34: ='Set a analizar'!B1003 -> -1 | C34: ='Set a analizar'!C1003 -> B16 | D34: ='Set a analizar'!D1003 -> 16 | E34: ='Set a analizar'!E1003 -> SC | F34: ='Set a analizar'!F1003 -> LinStatic | G34: ='Set a analizar'!G1003 -> 0 | H34: ='Set a analizar'!H1003 -> 0.9009 | I34: ='Set a analizar'!I1003 -> 0 | ... Q34: ='Set a analizar'!Q1003 -> 0
B35: ='Set a analizar'!B1004 -> -1 | C35: ='Set a analizar'!C1004 -> B16 | D35: ='Set a analizar'!D1004 -> 16 | E35: ='Set a analizar'!E1004 -> SC | F35: ='Set a analizar'!F1004 -> LinStatic | G35: ='Set a analizar'!G1004 -> 0 | H35: ='Set a analizar'!H1004 -> 1.3514 | I35: ='Set a analizar'!I1004 -> 0 | ... Q35: ='Set a analizar'!Q1004 -> 0 | S35: Parámetros importantes | W35: Resistencia del hormigón al corte
B36: ='Set a analizar'!B1005 -> -1 | C36: ='Set a analizar'!C1005 -> B16 | D36: ='Set a analizar'!D1005 -> 16 | E36: ='Set a analizar'!E1005 -> SC | F36: ='Set a analizar'!F1005 -> LinStatic | G36: ='Set a analizar'!G1005 -> 0 | H36: ='Set a analizar'!H1005 -> 1.8019 | I36: ='Set a analizar'!I1005 -> 0 | ... Q36: ='Set a analizar'!Q1005 -> 0 | S36: Enfierradura mínima | W36: V_u | X36: =T8*-9.81 -> 172.75018 | Y36: kN
B37: ='Set a analizar'!B1006 -> -1 | C37: ='Set a analizar'!C1006 -> B16 | D37: ='Set a analizar'!D1006 -> 16 | E37: ='Set a analizar'!E1006 -> SC | F37: ='Set a analizar'!F1006 -> LinStatic | G37: ='Set a analizar'!G1006 -> 0 | H37: ='Set a analizar'!H1006 -> 1.8019 | I37: ='Set a analizar'!I1006 -> 0 | ... Q37: ='Set a analizar'!Q1006 -> 0 | S37: As_min1 | T37: =(0.25*SQRT(T18))/T23*T11*T12*100*100 -> 4.4018451 | U37: cm^2 | W37: V_c | X37: =0.17*1*SQRT(T18)*T12*T14*1000*1000/1000 -> 113.14503 | Y37: kN
B38: ='Set a analizar'!B1007 -> -1 | C38: ='Set a analizar'!C1007 -> B16 | D38: ='Set a analizar'!D1007 -> 16 | E38: ='Set a analizar'!E1007 -> SC | F38: ='Set a analizar'!F1007 -> LinStatic | G38: ='Set a analizar'!G1007 -> 0 | H38: ='Set a analizar'!H1007 -> 2.2697 | I38: ='Set a analizar'!I1007 -> 0 | ... Q38: ='Set a analizar'!Q1007 -> 0 | S38: As_min2 | T38: =1.4*T14*T12/T23*100*100 -> 3.75 | U38: cm^2 | W38: Factor | X38: =0.75*(X37+0.66*SQRT(T18)*T12*T14*1000) -> 414.31046 | Y38: kN
B39: ='Set a analizar'!B1008 -> -1 | C39: ='Set a analizar'!C1008 -> B16 | D39: ='Set a analizar'!D1008 -> 16 | E39: ='Set a analizar'!E1008 -> SC | F39: ='Set a analizar'!F1008 -> LinStatic | G39: ='Set a analizar'!G1008 -> 0 | H39: ='Set a analizar'!H1008 -> 2.7376 | I39: ='Set a analizar'!I1008 -> 0 | ... Q39: ='Set a analizar'!Q1008 -> 0 | S39: As_min | T39: =MIN(T37:T38) -> 3.75 | U39: cm^2
B40: ='Set a analizar'!B1009 -> -1 | C40: ='Set a analizar'!C1009 -> B16 | D40: ='Set a analizar'!D1009 -> 16 | E40: ='Set a analizar'!E1009 -> SC | F40: ='Set a analizar'!F1009 -> LinStatic | G40: ='Set a analizar'!G1009 -> 0 | H40: ='Set a analizar'!H1009 -> 2.7376 | I40: ='Set a analizar'!I1009 -> 0 | ... Q40: ='Set a analizar'!Q1009 -> 0 | S40: rho_min | T40: =T39/(T12*100*T14*100) -> 0.0033333333 | W40: Se requiere armadura?
B41: ='Set a analizar'!B1010 -> -1 | C41: ='Set a analizar'!C1010 -> B16 | D41: ='Set a analizar'!D1010 -> 16 | E41: ='Set a analizar'!E1010 -> SC | F41: ='Set a analizar'!F1010 -> LinStatic | G41: ='Set a analizar'!G1010 -> 0 | H41: ='Set a analizar'!H1010 -> 3.2054 | I41: ='Set a analizar'!I1010 -> 0 | ... Q41: ='Set a analizar'!Q1010 -> 0 | W41: 0.9*V_c/2 | X41: =0.75*X37/2 -> 42.429385
B42: ='Set a analizar'!B1011 -> -1 | C42: ='Set a analizar'!C1011 -> B16 | D42: ='Set a analizar'!D1011 -> 16 | E42: ='Set a analizar'!E1011 -> SC | F42: ='Set a analizar'!F1011 -> LinStatic | G42: ='Set a analizar'!G1011 -> 0 | H42: ='Set a analizar'!H1011 -> 3.6733 | I42: ='Set a analizar'!I1011 -> 0 | ... Q42: ='Set a analizar'!Q1011 -> 0 | S42: Enfierradura máxima | W42: V_u>0.9*V_c/2 | X42: =IF(X36<X41,"No se requiere armadura","Se requiere armadura") -> Se requiere armadura
B43: ='Set a analizar'!B1012 -> -1 | C43: ='Set a analizar'!C1012 -> B16 | D43: ='Set a analizar'!D1012 -> 16 | E43: ='Set a analizar'!E1012 -> SC | F43: ='Set a analizar'!F1012 -> LinStatic | G43: ='Set a analizar'!G1012 -> 0 | H43: ='Set a analizar'!H1012 -> 3.6733 | I43: ='Set a analizar'!I1012 -> 0 | ... Q43: ='Set a analizar'!Q1012 -> 0 | S43: c_max | T43: =0.375*T14 -> 0.16875 | U43: m
B44: ='Set a analizar'!B1013 -> -1 | C44: ='Set a analizar'!C1013 -> B16 | D44: ='Set a analizar'!D1013 -> 16 | E44: ='Set a analizar'!E1013 -> SC | F44: ='Set a analizar'!F1013 -> LinStatic | G44: ='Set a analizar'!G1013 -> 0 | H44: ='Set a analizar'!H1013 -> 4.1411 | I44: ='Set a analizar'!I1013 -> 0 | ... Q44: ='Set a analizar'!Q1013 -> 0 | S44: beta_1 | T44: =IF(AB5<=28,AC5,IF(AB5>=55,AC6,AC7)) -> 0.8 | W44: V_s | X44: =(X36-0.75*X37)/0.75 -> 117.18854 | Y44: kN
B45: ='Set a analizar'!B1014 -> -1 | C45: ='Set a analizar'!C1014 -> B16 | D45: ='Set a analizar'!D1014 -> 16 | E45: ='Set a analizar'!E1014 -> SC | F45: ='Set a analizar'!F1014 -> LinStatic | G45: ='Set a analizar'!G1014 -> 0 | H45: ='Set a analizar'!H1014 -> 4.609 | I45: ='Set a analizar'!I1014 -> 0 | ... Q45: ='Set a analizar'!Q1014 -> 0 | S45: a_max | T45: =T43*T44 -> 0.135 | U45: m
B46: ='Set a analizar'!B1015 -> -1 | C46: ='Set a analizar'!C1015 -> B16 | D46: ='Set a analizar'!D1015 -> 16 | E46: ='Set a analizar'!E1015 -> SC | F46: ='Set a analizar'!F1015 -> LinStatic | G46: ='Set a analizar'!G1015 -> 0 | H46: ='Set a analizar'!H1015 -> 4.609 | I46: ='Set a analizar'!I1015 -> 0 | ... Q46: ='Set a analizar'!Q1015 -> 0 | S46: As_max | T46: =(0.85*T18*T12*T45)/T23 -> 0.002390625 | U46: cm^2 | W46: Espaciamiento (s_max)
B47: ='Set a analizar'!B1016 -> -1 | C47: ='Set a analizar'!C1016 -> B16 | D47: ='Set a analizar'!D1016 -> 16 | E47: ='Set a analizar'!E1016 -> SC | F47: ='Set a analizar'!F1016 -> LinStatic | G47: ='Set a analizar'!G1016 -> 0 | H47: ='Set a analizar'!H1016 -> 5.0769 | I47: ='Set a analizar'!I1016 -> 0 | ... Q47: ='Set a analizar'!Q1016 -> 0 | S47: rho_max | T47: =T46/(T12*T14) -> 0.02125 | W47: 0.33*f'c^0.5*b*d | X47: =0.33*SQRT(T18)*T12*T14*1000 -> 219.63446 | Y47: kN
B48: ='Set a analizar'!B1017 -> -1 | C48: ='Set a analizar'!C1017 -> B16 | D48: ='Set a analizar'!D1017 -> 16 | E48: ='Set a analizar'!E1017 -> SC | F48: ='Set a analizar'!F1017 -> LinStatic | G48: ='Set a analizar'!G1017 -> 0 | H48: ='Set a analizar'!H1017 -> 5.5447 | I48: ='Set a analizar'!I1017 -> 0 | ... Q48: ='Set a analizar'!Q1017 -> 0 | W48: Espaciamiento_max | X48: =IF(X44<X47,MIN(T14/2,0.6),(MIN(T14/4,0.3))) -> 0.225 | Y48: m
B49: ='Set a analizar'!B1018 -> -1 | C49: ='Set a analizar'!C1018 -> B16 | D49: ='Set a analizar'!D1018 -> 16 | E49: ='Set a analizar'!E1018 -> SC | F49: ='Set a analizar'!F1018 -> LinStatic | G49: ='Set a analizar'!G1018 -> 0 | H49: ='Set a analizar'!H1018 -> 5.5447 | I49: ='Set a analizar'!I1018 -> 0 | ... Q49: ='Set a analizar'!Q1018 -> 0 | S49: Area de acero | W49: Espaciamiento | X49: =X48 -> 0.225 | Y49: m
B50: ='Set a analizar'!B1019 -> -1 | C50: ='Set a analizar'!C1019 -> B16 | D50: ='Set a analizar'!D1019 -> 16 | E50: ='Set a analizar'!E1019 -> SC | F50: ='Set a analizar'!F1019 -> LinStatic | G50: ='Set a analizar'!G1019 -> 0 | H50: ='Set a analizar'!H1019 -> 6.0126 | I50: ='Set a analizar'!I1019 -> 0 | ... Q50: ='Set a analizar'!Q1019 -> 0 | S50: A_s | T50: =AB26 -> 1963.4954 | U50: mm^2
B51: ='Set a analizar'!B1020 -> -1 | C51: ='Set a analizar'!C1020 -> B16 | D51: ='Set a analizar'!D1020 -> 16 | E51: ='Set a analizar'!E1020 -> SC | F51: ='Set a analizar'!F1020 -> LinStatic | G51: ='Set a analizar'!G1020 -> 0 | H51: ='Set a analizar'!H1020 -> 6.4804 | I51: ='Set a analizar'!I1020 -> 0 | ... Q51: ='Set a analizar'!Q1020 -> 0 | S51: A_s | T51: =T50/1000000 -> 0.0019634954 | U51: m^2 | W51: Area requerida
B52: ='Set a analizar'!B1021 -> -1 | C52: ='Set a analizar'!C1021 -> B16 | D52: ='Set a analizar'!D1021 -> 16 | E52: ='Set a analizar'!E1021 -> SC | F52: ='Set a analizar'!F1021 -> LinStatic | G52: ='Set a analizar'!G1021 -> 0 | H52: ='Set a analizar'!H1021 -> 6.4804 | I52: ='Set a analizar'!I1021 -> 0 | ... Q52: ='Set a analizar'!Q1021 -> 0 | W52: A_s_req | X52: =X49*X44/(T23*T14)*1000 -> 139.51017 | Y52: mm^2
B53: ='Set a analizar'!B1022 -> -1 | C53: ='Set a analizar'!C1022 -> B16 | D53: ='Set a analizar'!D1022 -> 16 | E53: ='Set a analizar'!E1022 -> SC | F53: ='Set a analizar'!F1022 -> LinStatic | G53: ='Set a analizar'!G1022 -> 0 | H53: ='Set a analizar'!H1022 -> 6.9483 | I53: ='Set a analizar'!I1022 -> 0 | ... Q53: ='Set a analizar'!Q1022 -> 0 | W53: Av | X53: =AG26*2 -> 157.07963 | Y53: mm^2
B54: ='Set a analizar'!B1023 -> -1 | C54: ='Set a analizar'!C1023 -> B16 | D54: ='Set a analizar'!D1023 -> 16 | E54: ='Set a analizar'!E1023 -> SC | F54: ='Set a analizar'!F1023 -> LinStatic | G54: ='Set a analizar'!G1023 -> 0 | H54: ='Set a analizar'!H1023 -> 7.4161 | I54: ='Set a analizar'!I1023 -> 0 | ... Q54: ='Set a analizar'!Q1023 -> 0 | S54: Verificación de fluencia
B55: ='Set a analizar'!B1024 -> -1 | C55: ='Set a analizar'!C1024 -> B16 | D55: ='Set a analizar'!D1024 -> 16 | E55: ='Set a analizar'!E1024 -> SC | F55: ='Set a analizar'!F1024 -> LinStatic | G55: ='Set a analizar'!G1024 -> 0 | H55: ='Set a analizar'!H1024 -> 7.4161 | I55: ='Set a analizar'!I1024 -> 0 | ... Q55: ='Set a analizar'!Q1024 -> 0 | S55: a | T55: =(T51*T23)/(0.85*T18*T12) -> 0.11087974 | U55: m | W55: A_v_min | X55: =MAX((0.062*SQRT(T18)*T12*X49)/T23,(0.35*T12*X49/T23))*1000*1000 -> 49.124591 | Y55: mm^2
B56: ='Set a analizar'!B1025 -> -1 | C56: ='Set a analizar'!C1025 -> B16 | D56: ='Set a analizar'!D1025 -> 16 | E56: ='Set a analizar'!E1025 -> SC | F56: ='Set a analizar'!F1025 -> LinStatic | G56: ='Set a analizar'!G1025 -> 0 | H56: ='Set a analizar'!H1025 -> 7.884 | I56: ='Set a analizar'!I1025 -> 0 | ... Q56: ='Set a analizar'!Q1025 -> 0 | S56: c | T56: =T55/T44 -> 0.13859968 | U56: m | W56: =IF(X53>X55,"cumple","no cumple") -> cumple
B57: ='Set a analizar'!B1026 -> -1 | C57: ='Set a analizar'!C1026 -> B16 | D57: ='Set a analizar'!D1026 -> 16 | E57: ='Set a analizar'!E1026 -> SC | F57: ='Set a analizar'!F1026 -> LinStatic | G57: ='Set a analizar'!G1026 -> 0 | H57: ='Set a analizar'!H1026 -> 8.3519 | I57: ='Set a analizar'!I1026 -> 0 | ... Q57: ='Set a analizar'!Q1026 -> 0 | S57: e_s | T57: =(T14-T56)/T56*T25 -> 0.0067402825 | U57: =IF(T57>T26,"Está en fluencia","no está en fluencia") -> Está en fluencia
B58: ='Set a analizar'!B1027 -> -1 | C58: ='Set a analizar'!C1027 -> B16 | D58: ='Set a analizar'!D1027 -> 16 | E58: ='Set a analizar'!E1027 -> SX | F58: ='Set a analizar'!F1027 -> LinRespSpec | G58: ='Set a analizar'!G1027 -> Max | H58: ='Set a analizar'!H1027 -> 0.15 | I58: ='Set a analizar'!I1027 -> 0 | ... Q58: ='Set a analizar'!Q1027 -> 0 | W58: Verificacion
B59: ='Set a analizar'!B1028 -> -1 | C59: ='Set a analizar'!C1028 -> B16 | D59: ='Set a analizar'!D1028 -> 16 | E59: ='Set a analizar'!E1028 -> SX | F59: ='Set a analizar'!F1028 -> LinRespSpec | G59: ='Set a analizar'!G1028 -> Max | H59: ='Set a analizar'!H1028 -> 0.5255 | I59: ='Set a analizar'!I1028 -> 0 | ... Q59: ='Set a analizar'!Q1028 -> 0 | W59: Vs | X59: =X53*T23*T14/X49/1000 -> 131.94689 | Y59: kN
B60: ='Set a analizar'!B1029 -> -1 | C60: ='Set a analizar'!C1029 -> B16 | D60: ='Set a analizar'!D1029 -> 16 | E60: ='Set a analizar'!E1029 -> SX | F60: ='Set a analizar'!F1029 -> LinRespSpec | G60: ='Set a analizar'!G1029 -> Max | H60: ='Set a analizar'!H1029 -> 0.9009 | I60: ='Set a analizar'!I1029 -> 0 | ... Q60: ='Set a analizar'!Q1029 -> 0 | S60: Verificación de resistencia
B61: ='Set a analizar'!B1030 -> -1 | C61: ='Set a analizar'!C1030 -> B16 | D61: ='Set a analizar'!D1030 -> 16 | E61: ='Set a analizar'!E1030 -> SX | F61: ='Set a analizar'!F1030 -> LinRespSpec | G61: ='Set a analizar'!G1030 -> Max | H61: ='Set a analizar'!H1030 -> 0.9009 | I61: ='Set a analizar'!I1030 -> 0 | ... Q61: ='Set a analizar'!Q1030 -> 0 | S61: Mn | T61: =T51*T23*(T14-(T55/2))*1000 -> 325.38114 | U61: kNm | W61: V_n | X61: =X59+X37 -> 245.09192 | Y61: kN
B62: ='Set a analizar'!B1031 -> -1 | C62: ='Set a analizar'!C1031 -> B16 | D62: ='Set a analizar'!D1031 -> 16 | E62: ='Set a analizar'!E1031 -> SX | F62: ='Set a analizar'!F1031 -> LinRespSpec | G62: ='Set a analizar'!G1031 -> Max | H62: ='Set a analizar'!H1031 -> 1.3514 | I62: ='Set a analizar'!I1031 -> 0 | ... Q62: ='Set a analizar'!Q1031 -> 0 | S62: Mn*phi | T62: =0.9*T61 -> 292.84303 | U62: kNm | W62: phi*V_n | X62: =X61*0.75 -> 183.81894
B63: ='Set a analizar'!B1032 -> -1 | C63: ='Set a analizar'!C1032 -> B16 | D63: ='Set a analizar'!D1032 -> 16 | E63: ='Set a analizar'!E1032 -> SX | F63: ='Set a analizar'!F1032 -> LinRespSpec | G63: ='Set a analizar'!G1032 -> Max | H63: ='Set a analizar'!H1032 -> 1.8019 | I63: ='Set a analizar'!I1032 -> 0 | ... Q63: ='Set a analizar'!Q1032 -> 0 | S63: M_req | T63: =T5*-9.81 -> 238.03082 | U63: tonf*m
B64: ='Set a analizar'!B1033 -> -1 | C64: ='Set a analizar'!C1033 -> B16 | D64: ='Set a analizar'!D1033 -> 16 | E64: ='Set a analizar'!E1033 -> SX | F64: ='Set a analizar'!F1033 -> LinRespSpec | G64: ='Set a analizar'!G1033 -> Max | H64: ='Set a analizar'!H1033 -> 1.8019 | I64: ='Set a analizar'!I1033 -> 0 | ... Q64: ='Set a analizar'!Q1033 -> 0 | S64: =IF(T63<T62,"Cumple","no cumple") -> Cumple | W64: =IF(0.75*X61>X36,"estamos listos","subele") -> estamos listos
B65: ='Set a analizar'!B1034 -> -1 | C65: ='Set a analizar'!C1034 -> B16 | D65: ='Set a analizar'!D1034 -> 16 | E65: ='Set a analizar'!E1034 -> SX | F65: ='Set a analizar'!F1034 -> LinRespSpec | G65: ='Set a analizar'!G1034 -> Max | H65: ='Set a analizar'!H1034 -> 2.2697 | I65: ='Set a analizar'!I1034 -> 0 | ... Q65: ='Set a analizar'!Q1034 -> 0
B66: ='Set a analizar'!B1035 -> -1 | C66: ='Set a analizar'!C1035 -> B16 | D66: ='Set a analizar'!D1035 -> 16 | E66: ='Set a analizar'!E1035 -> SX | F66: ='Set a analizar'!F1035 -> LinRespSpec | G66: ='Set a analizar'!G1035 -> Max | H66: ='Set a analizar'!H1035 -> 2.7376 | I66: ='Set a analizar'!I1035 -> 0 | ... Q66: ='Set a analizar'!Q1035 -> 0 | S66: Espacio disponible en la viga
B67: ='Set a analizar'!B1036 -> -1 | C67: ='Set a analizar'!C1036 -> B16 | D67: ='Set a analizar'!D1036 -> 16 | E67: ='Set a analizar'!E1036 -> SX | F67: ='Set a analizar'!F1036 -> LinRespSpec | G67: ='Set a analizar'!G1036 -> Max | H67: ='Set a analizar'!H1036 -> 2.7376 | I67: ='Set a analizar'!I1036 -> 0 | ... Q67: ='Set a analizar'!Q1036 -> 0 | S67: Espacio | T67: =T12-2*T13/100 -> 0.15 | U67: m
B68: ='Set a analizar'!B1037 -> -1 | C68: ='Set a analizar'!C1037 -> B16 | D68: ='Set a analizar'!D1037 -> 16 | E68: ='Set a analizar'!E1037 -> SX | F68: ='Set a analizar'!F1037 -> LinRespSpec | G68: ='Set a analizar'!G1037 -> Max | H68: ='Set a analizar'!H1037 -> 3.2054 | I68: ='Set a analizar'!I1037 -> 0 | ... Q68: ='Set a analizar'!Q1037 -> 0 | S68: Este caso hay 4 barras--> 3 espacios
B69: ='Set a analizar'!B1038 -> -1 | C69: ='Set a analizar'!C1038 -> B16 | D69: ='Set a analizar'!D1038 -> 16 | E69: ='Set a analizar'!E1038 -> SX | F69: ='Set a analizar'!F1038 -> LinRespSpec | G69: ='Set a analizar'!G1038 -> Max | H69: ='Set a analizar'!H1038 -> 3.6733 | I69: ='Set a analizar'!I1038 -> 0 | ... Q69: ='Set a analizar'!Q1038 -> 0 | S69: s_barra-barra | T69: =T67/3 -> 0.05 | U69: m
B70: ='Set a analizar'!B1039 -> -1 | C70: ='Set a analizar'!C1039 -> B16 | D70: ='Set a analizar'!D1039 -> 16 | E70: ='Set a analizar'!E1039 -> SX | F70: ='Set a analizar'!F1039 -> LinRespSpec | G70: ='Set a analizar'!G1039 -> Max | H70: ='Set a analizar'!H1039 -> 3.6733 | I70: ='Set a analizar'!I1039 -> 0 | ... Q70: ='Set a analizar'!Q1039 -> 0 | S70: s_libre | T70: =T69*1000-25 -> 25 | U70: mm
B71: ='Set a analizar'!B1040 -> -1 | C71: ='Set a analizar'!C1040 -> B16 | D71: ='Set a analizar'!D1040 -> 16 | E71: ='Set a analizar'!E1040 -> SX | F71: ='Set a analizar'!F1040 -> LinRespSpec | G71: ='Set a analizar'!G1040 -> Max | H71: ='Set a analizar'!H1040 -> 4.1411 | I71: ='Set a analizar'!I1040 -> 0 | ... Q71: ='Set a analizar'!Q1040 -> 0
B72: ='Set a analizar'!B1041 -> -1 | C72: ='Set a analizar'!C1041 -> B16 | D72: ='Set a analizar'!D1041 -> 16 | E72: ='Set a analizar'!E1041 -> SX | F72: ='Set a analizar'!F1041 -> LinRespSpec | G72: ='Set a analizar'!G1041 -> Max | H72: ='Set a analizar'!H1041 -> 4.609 | I72: ='Set a analizar'!I1041 -> 0 | ... Q72: ='Set a analizar'!Q1041 -> 0
B73: ='Set a analizar'!B1042 -> -1 | C73: ='Set a analizar'!C1042 -> B16 | D73: ='Set a analizar'!D1042 -> 16 | E73: ='Set a analizar'!E1042 -> SX | F73: ='Set a analizar'!F1042 -> LinRespSpec | G73: ='Set a analizar'!G1042 -> Max | H73: ='Set a analizar'!H1042 -> 4.609 | I73: ='Set a analizar'!I1042 -> 0 | ... Q73: ='Set a analizar'!Q1042 -> 0
B74: ='Set a analizar'!B1043 -> -1 | C74: ='Set a analizar'!C1043 -> B16 | D74: ='Set a analizar'!D1043 -> 16 | E74: ='Set a analizar'!E1043 -> SX | F74: ='Set a analizar'!F1043 -> LinRespSpec | G74: ='Set a analizar'!G1043 -> Max | H74: ='Set a analizar'!H1043 -> 5.0769 | I74: ='Set a analizar'!I1043 -> 0 | ... Q74: ='Set a analizar'!Q1043 -> 0
B75: ='Set a analizar'!B1044 -> -1 | C75: ='Set a analizar'!C1044 -> B16 | D75: ='Set a analizar'!D1044 -> 16 | E75: ='Set a analizar'!E1044 -> SX | F75: ='Set a analizar'!F1044 -> LinRespSpec | G75: ='Set a analizar'!G1044 -> Max | H75: ='Set a analizar'!H1044 -> 5.5447 | I75: ='Set a analizar'!I1044 -> 0 | ... Q75: ='Set a analizar'!Q1044 -> 0
B76: ='Set a analizar'!B1045 -> -1 | C76: ='Set a analizar'!C1045 -> B16 | D76: ='Set a analizar'!D1045 -> 16 | E76: ='Set a analizar'!E1045 -> SX | F76: ='Set a analizar'!F1045 -> LinRespSpec | G76: ='Set a analizar'!G1045 -> Max | H76: ='Set a analizar'!H1045 -> 5.5447 | I76: ='Set a analizar'!I1045 -> 0 | ... Q76: ='Set a analizar'!Q1045 -> 0
B77: ='Set a analizar'!B1046 -> -1 | C77: ='Set a analizar'!C1046 -> B16 | D77: ='Set a analizar'!D1046 -> 16 | E77: ='Set a analizar'!E1046 -> SX | F77: ='Set a analizar'!F1046 -> LinRespSpec | G77: ='Set a analizar'!G1046 -> Max | H77: ='Set a analizar'!H1046 -> 6.0126 | I77: ='Set a analizar'!I1046 -> 0 | ... Q77: ='Set a analizar'!Q1046 -> 0 | S77: Cumple con la normativa
B78: ='Set a analizar'!B1047 -> -1 | C78: ='Set a analizar'!C1047 -> B16 | D78: ='Set a analizar'!D1047 -> 16 | E78: ='Set a analizar'!E1047 -> SX | F78: ='Set a analizar'!F1047 -> LinRespSpec | G78: ='Set a analizar'!G1047 -> Max | H78: ='Set a analizar'!H1047 -> 6.4804 | I78: ='Set a analizar'!I1047 -> 0 | ... Q78: ='Set a analizar'!Q1047 -> 0
B79: ='Set a analizar'!B1048 -> -1 | C79: ='Set a analizar'!C1048 -> B16 | D79: ='Set a analizar'!D1048 -> 16 | E79: ='Set a analizar'!E1048 -> SX | F79: ='Set a analizar'!F1048 -> LinRespSpec | G79: ='Set a analizar'!G1048 -> Max | H79: ='Set a analizar'!H1048 -> 6.4804 | I79: ='Set a analizar'!I1048 -> 0 | ... Q79: ='Set a analizar'!Q1048 -> 0
B80: ='Set a analizar'!B1049 -> -1 | C80: ='Set a analizar'!C1049 -> B16 | D80: ='Set a analizar'!D1049 -> 16 | E80: ='Set a analizar'!E1049 -> SX | F80: ='Set a analizar'!F1049 -> LinRespSpec | G80: ='Set a analizar'!G1049 -> Max | H80: ='Set a analizar'!H1049 -> 6.9483 | I80: ='Set a analizar'!I1049 -> 0 | ... Q80: ='Set a analizar'!Q1049 -> 0
B81: ='Set a analizar'!B1050 -> -1 | C81: ='Set a analizar'!C1050 -> B16 | D81: ='Set a analizar'!D1050 -> 16 | E81: ='Set a analizar'!E1050 -> SX | F81: ='Set a analizar'!F1050 -> LinRespSpec | G81: ='Set a analizar'!G1050 -> Max | H81: ='Set a analizar'!H1050 -> 7.4161 | I81: ='Set a analizar'!I1050 -> 0 | ... Q81: ='Set a analizar'!Q1050 -> 0
B82: ='Set a analizar'!B1051 -> -1 | C82: ='Set a analizar'!C1051 -> B16 | D82: ='Set a analizar'!D1051 -> 16 | E82: ='Set a analizar'!E1051 -> SX | F82: ='Set a analizar'!F1051 -> LinRespSpec | G82: ='Set a analizar'!G1051 -> Max | H82: ='Set a analizar'!H1051 -> 7.4161 | I82: ='Set a analizar'!I1051 -> 0 | ... Q82: ='Set a analizar'!Q1051 -> 0
B83: ='Set a analizar'!B1052 -> -1 | C83: ='Set a analizar'!C1052 -> B16 | D83: ='Set a analizar'!D1052 -> 16 | E83: ='Set a analizar'!E1052 -> SX | F83: ='Set a analizar'!F1052 -> LinRespSpec | G83: ='Set a analizar'!G1052 -> Max | H83: ='Set a analizar'!H1052 -> 7.884 | I83: ='Set a analizar'!I1052 -> 0 | ... Q83: ='Set a analizar'!Q1052 -> 0
B84: ='Set a analizar'!B1053 -> -1 | C84: ='Set a analizar'!C1053 -> B16 | D84: ='Set a analizar'!D1053 -> 16 | E84: ='Set a analizar'!E1053 -> SX | F84: ='Set a analizar'!F1053 -> LinRespSpec | G84: ='Set a analizar'!G1053 -> Max | H84: ='Set a analizar'!H1053 -> 8.3519 | I84: ='Set a analizar'!I1053 -> 0 | ... Q84: ='Set a analizar'!Q1053 -> 0
B85: ='Set a analizar'!B1054 -> -1 | C85: ='Set a analizar'!C1054 -> B16 | D85: ='Set a analizar'!D1054 -> 16 | E85: ='Set a analizar'!E1054 -> SY | F85: ='Set a analizar'!F1054 -> LinRespSpec | G85: ='Set a analizar'!G1054 -> Max | H85: ='Set a analizar'!H1054 -> 0.15 | I85: ='Set a analizar'!I1054 -> 0 | ... Q85: ='Set a analizar'!Q1054 -> 0
B86: ='Set a analizar'!B1055 -> -1 | C86: ='Set a analizar'!C1055 -> B16 | D86: ='Set a analizar'!D1055 -> 16 | E86: ='Set a analizar'!E1055 -> SY | F86: ='Set a analizar'!F1055 -> LinRespSpec | G86: ='Set a analizar'!G1055 -> Max | H86: ='Set a analizar'!H1055 -> 0.5255 | I86: ='Set a analizar'!I1055 -> 0 | ... Q86: ='Set a analizar'!Q1055 -> 0
B87: ='Set a analizar'!B1056 -> -1 | C87: ='Set a analizar'!C1056 -> B16 | D87: ='Set a analizar'!D1056 -> 16 | E87: ='Set a analizar'!E1056 -> SY | F87: ='Set a analizar'!F1056 -> LinRespSpec | G87: ='Set a analizar'!G1056 -> Max | H87: ='Set a analizar'!H1056 -> 0.9009 | I87: ='Set a analizar'!I1056 -> 0 | ... Q87: ='Set a analizar'!Q1056 -> 0
B88: ='Set a analizar'!B1057 -> -1 | C88: ='Set a analizar'!C1057 -> B16 | D88: ='Set a analizar'!D1057 -> 16 | E88: ='Set a analizar'!E1057 -> SY | F88: ='Set a analizar'!F1057 -> LinRespSpec | G88: ='Set a analizar'!G1057 -> Max | H88: ='Set a analizar'!H1057 -> 0.9009 | I88: ='Set a analizar'!I1057 -> 0 | ... Q88: ='Set a analizar'!Q1057 -> 0
B89: ='Set a analizar'!B1058 -> -1 | C89: ='Set a analizar'!C1058 -> B16 | D89: ='Set a analizar'!D1058 -> 16 | E89: ='Set a analizar'!E1058 -> SY | F89: ='Set a analizar'!F1058 -> LinRespSpec | G89: ='Set a analizar'!G1058 -> Max | H89: ='Set a analizar'!H1058 -> 1.3514 | I89: ='Set a analizar'!I1058 -> 0 | ... Q89: ='Set a analizar'!Q1058 -> 0
... B462: ='Set a analizar'!B1431 -> -1 | C462: ='Set a analizar'!C1431 -> B16 | D462: ='Set a analizar'!D1431 -> 16 | E462: ='Set a analizar'!E1431 -> PPSC | F462: ='Set a analizar'!F1431 -> Combination | G462: ='Set a analizar'!G1431 -> 0 | H462: ='Set a analizar'!H1431 -> 8.3519 | I462: ='Set a analizar'!I1431 -> 0 | ... Q462: ='Set a analizar'!Q1431 -> 0

Sheet Verificaciónde deformaciones
B2: Geometría del perfil | G2: Verificación de altura mínima
B3: h | C3: 0.5 | D3: m
B4: b | C4: 0.25 | D4: m
B5: rec | C5: 5 | D5: cm
B6: d | C6: =C3-C5/100 -> 0.45 | D6: m
B8: Características
B9: L1 | C9: 5.49 | D9: m
B10: L2 | C10: 5.95 | D10: m
B11: L3 | C11: 6.41 | D11: m | G11: Nos ponemos en cada caso
B12: L4 | C12: 8.35 | D12: m | G12: L1 (con un ext cont) | I12: =C9/18.5 -> 0.29675676 | J12: Bien
B13: f'c | C13: 35 | D13: Mpa | G13: L2 (ambos ext cont) | I13: =C10/21 -> 0.28333333 | J13: Bien
B14: E | C14: =4700*(SQRT(C13))/1000 -> 27.805575 | D14: Gpa | G14: L3 (ambos ext cont) | I14: =C11/21 -> 0.3052381 | J14: Bien
B15: f'c | C15: =C13*9.81*10 -> 3433.5 | D15: tonf/m^2 | G15: L4 (con un ext cont) | I15: =C12/18.5 -> 0.45135135 | J15: Bien
B16: E | C16: =151*((C15/10)^0.5)/1000*(1000*1000) -> 2797985.6 | D16: tonf/m^2
B17: I | C17: =((C3^3)*(C4))/12 -> 0.0026041667 | D17: m^4
B18: fy | C18: 420 | D18: MPa
B19: fy | C19: =C18*98.1 -> 41202 | D19: tonf/m^2
B20: E_s | C20: 200 | D20: GPa
B21: e_c | C21: 0.003
B22: e_y | C22: 0.002
B23: A_g | C23: =C3*C4 -> 0.125 | D23: m^2

Sheet Cagas tributarias
C1: ancho | D1: Largo | E1: Factor | F1: Área [m^2] | G1: Volumen [m^3] | H1: PP [kgf] | I1: SC [kgf] | J1: PP | K1: SC | L1: Peso hormigón | N1: 2500 | O1: [kgf/m^3]
B2: Losa_1 | C2: 4.8 | D2: 5.3 | E2: =D2/C2 -> 1.1041667 | F2: =C2*D2 -> 25.44 | G2: =F2*0.15 -> 3.816 | H2: =G2*$N$1+F2*$N$2 -> 12084 | I2: =F2*$N$3 -> 12720 | J2: =($N$1*0.15+$N$2)*2 -> 950 | K2: =$N$3*2 -> 1000 | L2: PP | N2: 100 | O2: [kgf/m^2]
B3: Losa_2 | C3: 4.8 | D3: 5.75 | E3: =D3/C3 -> 1.1979167 | F3: =C3*D3 -> 27.6 | G3: =F3*0.15 -> 4.14 | H3: =G3*$N$1+F3*$N$2 -> 13110 | I3: =F3*$N$3 -> 13800 | J3: =($N$1*0.15+$N$2)*2 -> 950 | K3: =$N$3*2 -> 1000 | L3: SC | N3: 500 | O3: [kgf/m^2]
B4: Losa_3 | C4: 4.8 | D4: 6.24 | E4: =D4/C4 -> 1.3 | F4: =C4*D4 -> 29.952 | G4: =F4*0.15 -> 4.4928 | H4: =G4*$N$1+F4*$N$2 -> 14227.2 | I4: =F4*$N$3 -> 14976 | J4: =($N$1*0.15+$N$2)*2 -> 950 | K4: =$N$3*2 -> 1000
B5: Losa_4 | C5: 4.8 | D5: 8.15 | E5: =D5/C5 -> 1.6979167 | F5: =C5*D5 -> 39.12 | G5: =F5*0.15 -> 5.868 | H5: =G5*$N$1+F5*$N$2 -> 18582 | I5: =F5*$N$3 -> 19560 | J5: =($N$1*0.15+$N$2)*2 -> 950 | K5: =$N$3*2 -> 1000
B7: Para ver las carga que se ejercen sobre la viga método 45°
C8: PP [kgf/m] | D8: PP [tonf/m] | E8: SC[kgf/m] | F8: SC[tonf/m]
B9: w_largo_1 | C9: =J2*C2/2*(1-(1/3)*(C2/D2)^2) -> 1656.6323 | D9: =C9/1000 -> 1.6566323 | E9: =K2*C2/2*(1-(1/3)*(C2/D2)^2) -> 1743.8234 | F9: =E9/1000 -> 1.7438234
B10: w_largo_2 | C10: =J3*C3/2*(1-(1/3)*(C3/D3)^2) -> 1750.3849 | D10: =C10/1000 -> 1.7503849 | E10: =K3*C3/2*(1-(1/3)*(C3/D3)^2) -> 1842.5104 | F10: =E10/1000 -> 1.8425104
B11: w_largo_3 | C11: =J4*C4/2*(1-(1/3)*(C4/D4)^2) -> 1830.2959 | D11: =C11/1000 -> 1.8302959 | E11: =K4*C4/2*(1-(1/3)*(C4/D4)^2) -> 1926.6272 | F11: =E11/1000 -> 1.9266272
B12: w_largo_4 | C12: =J5*C5/2*(1-(1/3)*(C5/D5)^2) -> 2016.3785 | D12: =C12/1000 -> 2.0163785 | E12: =K5*C5/2*(1-(1/3)*(C5/D5)^2) -> 2122.5037 | F12: =E12/1000 -> 2.1225037
B15: Acá esta considerado el peso de la viga, losas, sobrecargas y PP
