Workbook

Sheet Parámetros
A1: ESPECTRO DE DISEÑIO ELÁSTICO (R*=1)
E2: Tabla 6.1 Valor del coeficiente I | I2: Tabla 6.2 Valor de acc eff (A0)
A3: Parámetros del suelo | E3: Categoría del edificio | G3: I | I3: Zona sísmica | K3: A0
A4: Tipo de suelo | C4: A | E4: I | G4: 0.6 | I4: 1 | K4: 0.2
A5: Categoría de edificio | C5: II | E5: II | G5: 1 | I5: 2 | K5: 0.3
A6: Zona sísmica | C6: 3 | E6: III | G6: 1.2 | I6: 3 | K6: 0.4
E7: IV | G7: 1.2
A8: S | B8: =INDEX($E$11:$J$15,MATCH($C$4,$E$11:$E$15,0),2) -> 0.9 | C8: -
A9: T0 | B9: =INDEX($E$11:$J$15,MATCH($C$4,$E$11:$E$15,0),3) -> 0.15 | C9: s | E9: Tabla 6.3 Valor de los parámetros que dependen del tipo de suelo
A10: T' | B10: =INDEX($E$11:$J$15,MATCH($C$4,$E$11:$E$15,0),4) -> 0.2 | C10: s | E10: Tipo suelo | F10: s | G10: T_0(s) | H10: T'(s) | I10: n | J10: p
A11: n | B11: =INDEX($E$11:$J$15,MATCH($C$4,$E$11:$E$15,0),5) -> 1 | C11: - | E11: A | F11: 0.9 | G11: 0.15 | H11: 0.2 | I11: 1 | J11: 2
A12: p | B12: =INDEX($E$11:$J$15,MATCH($C$4,$E$11:$E$15,0),6) -> 2 | C12: - | E12: B | F12: 1 | G12: 0.3 | H12: 0.35 | I12: 1.33 | J12: 1.5
A13: A0 | B13: =INDEX(I4:K6,MATCH(C6,I4:I6,0),3) -> 0.4 | C13: g | E13: C | F13: 1.05 | G13: 0.4 | H13: 0.45 | I13: 1.4 | J13: 1.6
A14: I | B14: =INDEX(E4:G7,MATCH(C5,E4:E7,0),3) -> 1 | C14: - | E14: D | F14: 1.2 | G14: 0.75 | H14: 0.85 | I14: 1.8 | J14: 1
A15: R | B15: 1 | C15: - | E15: E | F15: 1.3 | G15: 1.2 | H15: 1.35 | I15: 1.8 | J15: 1
A16: g | B16: 9.81
E18: R_X** | F18: R_Y**
E19: ='Corte basal'!M44 -> 0.47848456 | F19: ='Corte basal'!M45 -> 0.39455705
A20: T | B20: alpha | C20: Sa | D20: Sa (g) | E20: Sa_x* | F20: Sa_y*
A21: 0 | B21: =(1+4.5*(A21/$B$9)^$B$12)/(1+(A21/$B$9)^3) -> 1 | C21: =($B$8*$B$13*B21)/($B$15/$B$14) -> 0.36 | D21: =C21*$B$16 -> 3.5316 | E21: =D21*$E$19 -> 1.6898161 | F21: =D21*$F$19 -> 1.3934177
A22: =A21+0.01 -> 0.01 | B22: =(1+4.5*(A22/$B$9)^$B$12)/(1+(A22/$B$9)^3) -> 1.0196979 | C22: =($B$8*$B$13*B22)/($B$15/$B$14) -> 0.36709123 | D22: =C22*$B$16 -> 3.601165 | E22: =D22*$E$19 -> 1.7231018 | F22: =D22*$F$19 -> 1.4208651
A23: =A22+0.01 -> 0.02 | B23: =(1+4.5*(A23/$B$9)^$B$12)/(1+(A23/$B$9)^3) -> 1.0774461 | C23: =($B$8*$B$13*B23)/($B$15/$B$14) -> 0.38788058 | D23: =C23*$B$16 -> 3.8051085 | E23: =D23*$E$19 -> 1.8206856 | F23: =D23*$F$19 -> 1.5013324
A24: =A23+0.01 -> 0.03 | B24: =(1+4.5*(A24/$B$9)^$B$12)/(1+(A24/$B$9)^3) -> 1.1706349 | C24: =($B$8*$B$13*B24)/($B$15/$B$14) -> 0.42142857 | D24: =C24*$B$16 -> 4.1342143 | E24: =D24*$E$19 -> 1.9781577 | F24: =D24*$F$19 -> 1.6311834
A25: =A24+0.01 -> 0.04 | B25: =(1+4.5*(A25/$B$9)^$B$12)/(1+(A25/$B$9)^3) -> 1.2954347 | C25: =($B$8*$B$13*B25)/($B$15/$B$14) -> 0.4663565 | D25: =C25*$B$16 -> 4.5749573 | E25: =D25*$E$19 -> 2.1890464 | F25: =D25*$F$19 -> 1.8050817
A26: =A25+0.01 -> 0.05 | B26: =(1+4.5*(A26/$B$9)^$B$12)/(1+(A26/$B$9)^3) -> 1.4464286 | C26: =($B$8*$B$13*B26)/($B$15/$B$14) -> 0.52071429 | D26: =C26*$B$16 -> 5.1082071 | E26: =D26*$E$19 -> 2.4441982 | F26: =D26*$F$19 -> 2.0154792
A27: =A26+0.01 -> 0.06 | B27: =(1+4.5*(A27/$B$9)^$B$12)/(1+(A27/$B$9)^3) -> 1.6165414 | C27: =($B$8*$B$13*B27)/($B$15/$B$14) -> 0.58195489 | D27: =C27*$B$16 -> 5.7089774 | E27: =D27*$E$19 -> 2.7316575 | F27: =D27*$F$19 -> 2.2525173
A28: =A27+0.01 -> 0.07 | B28: =(1+4.5*(A28/$B$9)^$B$12)/(1+(A28/$B$9)^3) -> 1.7973373 | C28: =($B$8*$B$13*B28)/($B$15/$B$14) -> 0.64704142 | D28: =C28*$B$16 -> 6.3474763 | E28: =D28*$E$19 -> 3.0371694 | F28: =D28*$F$19 -> 2.5044416
A29: =A28+0.01 -> 0.08 | B29: =(1+4.5*(A29/$B$9)^$B$12)/(1+(A29/$B$9)^3) -> 1.9796758 | C29: =($B$8*$B$13*B29)/($B$15/$B$14) -> 0.7126833 | D29: =C29*$B$16 -> 6.9914232 | E29: =D29*$E$19 -> 3.345288 | F29: =D29*$F$19 -> 2.7585153
A30: =A29+0.01 -> 0.09 | B30: =(1+4.5*(A30/$B$9)^$B$12)/(1+(A30/$B$9)^3) -> 2.1546053 | C30: =($B$8*$B$13*B30)/($B$15/$B$14) -> 0.77565789 | D30: =C30*$B$16 -> 7.6092039 | E30: =D30*$E$19 -> 3.6408866 | F30: =D30*$F$19 -> 3.0022651
A31: =A30+0.01 -> 0.1 | B31: =(1+4.5*(A31/$B$9)^$B$12)/(1+(A31/$B$9)^3) -> 2.3142857 | C31: =($B$8*$B$13*B31)/($B$15/$B$14) -> 0.83314286 | D31: =C31*$B$16 -> 8.1731314 | E31: =D31*$E$19 -> 3.9107172 | F31: =D31*$F$19 -> 3.2247667
A32: =A31+0.01 -> 0.11 | B32: =(1+4.5*(A32/$B$9)^$B$12)/(1+(A32/$B$9)^3) -> 2.4527199 | C32: =($B$8*$B$13*B32)/($B$15/$B$14) -> 0.88297918 | D32: =C32*$B$16 -> 8.6620257 | E32: =D32*$E$19 -> 4.1446455 | F32: =D32*$F$19 -> 3.4176634
A33: =A32+0.01 -> 0.12 | B33: =(1+4.5*(A33/$B$9)^$B$12)/(1+(A33/$B$9)^3) -> 2.5661376 | C33: =($B$8*$B$13*B33)/($B$15/$B$14) -> 0.92380952 | D33: =C33*$B$16 -> 9.0625714 | E33: =D33*$E$19 -> 4.3363005 | F33: =D33*$F$19 -> 3.5757015
... A521: =A520+0.01 -> 5 | B521: =(1+4.5*(A521/$B$9)^$B$12)/(1+(A521/$B$9)^3) -> 0.13502335 | C521: =($B$8*$B$13*B521)/($B$15/$B$14) -> 0.048608408 | D521: =C521*$B$16 -> 0.47684848 | E521: =D521*$E$19 -> 0.22816463 | F521: =D521*$F$19 -> 0.18814393

Sheet Estimacion_periodo
A2: Peso sísmcio promedio por piso tipo | E2: 1 | F2: T/m^2
A3: Peso sísmcio promedio por piso subterráneo | E3: 1.2 | F3: T/m^2
A5: Número de pisos tipo | C5: 21
A6: Número de subterraneo | C6: 1
A8: Área subterráneo | C8: 1141.4 | D8: m^2
A9: Área piso tipo | C9: 352.2 | D9: m^2
A12: Peso sísmico por piso | C12: =E2*C9 -> 352.2 | D12: T
A13: Peso sísmico subterráneo | C13: =E3*C8 -> 1369.68 | D13: T
A15: Peso sísmico edificio | C15: =C8*C6+C5*C9 -> 8537.6 | D15: T
A17: Aplicando la fórmula de T=N/20 | D17: =C5/20 -> 1.05 | E17: s
A19: Como se vio en el ramo, H/T = (50, 70)
A20: Altura de cada piso | C20: =1.68+0.74 -> 2.42 | D20: m
A21: Altura del edificio | C21: =C20*(C5-2)+4.7+0.6+3.5 -> 54.78 | D21: m | E21: Verificar si es desde el nivel del suelo o la parte más profunda del edificio ( pozo ascensor)
A22: H/T | C22: =C21/D17 -> 52.171429 | D22: Cumple
A24: Corte basal Q= CIP | C24: =0.1*C15*1 -> 853.76 | D24: Tonf

Sheet Factor R
T2: Tabla 6.3 Valor de los parámetros que dependen del tipo de suelo
T3: Tipo suelo | U3: s | V3: T_0(s) | W3: T'(s) | X3: n | Y3: p
T4: A | U4: 0.9 | V4: 0.15 | W4: 0.2 | X4: 1 | Y4: 2
T5: B | U5: 1 | V5: 0.3 | W5: 0.35 | X5: 1.33 | Y5: 1.5
T6: C | U6: 1.05 | V6: 0.4 | W6: 0.45 | X6: 1.4 | Y6: 1.6
T7: D | U7: 1.2 | V7: 0.75 | W7: 0.85 | X7: 1.8 | Y7: 1
T8: E | U8: 1.3 | V8: 1.2 | W8: 1.35 | X8: 1.8 | Y8: 1
B17: item | C17: valor | U17: Cum Mass X | V17: Cum Mass Y
B18: R0 | C18: 11 | U18: tonf-s²/m | V18: tonf-s²/m
B19: T0 | C19: =Parámetros!B9 -> 0.15 | U19: 10.37439 | V19: 10.37439
U20: 37.73671 | V20: 37.73671
U21: 37.71763 | V21: 37.71763
B22: MODO | C22: Periodo [s] | D22: Dirección | U22: 39.85497 | V22: 39.85497
B23: 1 | C23: 1.14 | D23: UX | U23: 37.98903 | V23: 37.98903
B24: 2 | C24: 0.853 | D24: UY | U24: 36.94378 | V24: 36.94378
U25: 37.98903 | V25: 37.98903
B26: Rx* | C26: =1+((C23)/(0.1*C19+(C23/C18))) -> 10.609195 | D26: 1/Rx* | E26: =1/C26 -> 0.094257855 | U26: 36.94378 | V26: 36.94378
B27: Ry* | C27: =1+((C24)/(0.1*C19+(C24/C18))) -> 10.217092 | D27: 1/Ry* | E27: =1/C27 -> 0.097875204 | U27: 37.98903 | V27: 37.98903
U28: 37.98903 | V28: 37.98903
B29: PP | C29: 8218 | D29: tonf | U29: 37.98903 | V29: 37.98903
B30: SC | C30: 2093 | D30: tonf | U30: 37.98903 | V30: 37.98903
U31: 37.98903 | V31: 37.98903
B32: P | C32: =U43 -> 8139.4481 | D32: tonf | U32: 37.98903 | V32: 37.98903
U33: 37.98903 | V33: 37.98903
U34: 37.98903 | V34: 37.98903
U35: 37.98903 | V35: 37.98903
U36: 37.98903 | V36: 37.98903
U37: 37.98903 | V37: 37.98903
U38: 37.98903 | V38: 37.98903
U39: 37.98903 | V39: 37.98903
U40: 37.98903 | V40: 37.98903
U41: 22.31355 | V41: 22.31355
T42: Masa sísmica | U42: =SUM(U19:U41) -> 829.70929 | V42: =SUM(V19:V41) -> 829.70929
T43: Peso sísmico | U43: =U42*9.81 -> 8139.4481 | V43: =V42*9.81 -> 8139.4481

Sheet Corte basal
J2: S | K2: =Parámetros!B8 -> 0.9
J3: T0 | K3: =Parámetros!B9 -> 0.15
J4: T' | K4: =Parámetros!B10 -> 0.2
J5: n | K5: =Parámetros!B11 -> 1
J6: p | K6: =Parámetros!B12 -> 2
J7: A0 | K7: =Parámetros!B13 -> 0.4
J8: I | K8: =Parámetros!B14 -> 1
J9: R | K9: =Parámetros!B15 -> 1
J10: g | K10: =Parámetros!B16 -> 9.81
J13: MODO | K13: Periodo [s] | L13: Dirección
J14: 1 | K14: ='Factor R'!C23 -> 1.14 | L14: UX
J15: 2 | K15: ='Factor R'!C24 -> 0.853 | L15: UY
J17: Rx* | K17: ='Factor R'!C26 -> 10.609195 | L17: 1/Rx* | M17: =1/K17 -> 0.094257855
J18: Ry* | K18: ='Factor R'!C27 -> 10.217092 | L18: 1/Ry* | M18: =1/K18 -> 0.097875204
J21: C x(6.2.3.1) | K21: =((2.75*K2*K7)/(K17)*(K4/K14)^K5) -> 0.016371101
J22: C y(6.2.3.1) | K22: =((2.75*K2*K7)/(K18)*(K4/K15)^K5) -> 0.022718981
J24: C_MAX (Tabla6.4) | K24: 0.1
J25: C_min | K25: =K8*K2*K7/6 -> 0.06
J27: P | K27: ='Factor R'!C32 -> 8139.4481 | L27: tonf
J29: IA0 P/6 | K29: =K8*K7/6 -> 0.066666667 | L29: tonf | M29: Mínimo
J30: 0.35*SIA0P | K30: =0.35*K2*K7*K8*K27 -> 1025.5705 | L30: tonf | M30: Máximo
J32: CIP_x | K32: =K24*K8*K27 -> 813.94481 | L32: tonf | M32: =IF(AND($K$29<K32,$K$30>K32),"Está dentro del rango","No cumple") -> Está dentro del rango
J33: CIP_y | K33: =K24*K8*K27 -> 813.94481 | L33: tonf | M33: =IF(AND($K$29<K33,$K$30>K33),"Está dentro del rango","No cumple") -> Está dentro del rango
J35: norma
J36: Q_xn | K36: =K24*K8*K27 -> 813.94481 | L36: ton f
J37: Q_yn | K37: =K24*K8*K27 -> 813.94481 | L37: ton f
J39: primera iteración
J40: Qx_1 | K40: 160.341 | L40: ton f
J41: Qy_1 | K41: 201.91 | L41: ton f
J43: Calculamos R**
J44: Rx** | K44: =(K40/K36)*K17 -> 2.0899316 | L44: 1/Rx** | M44: =1/K44 -> 0.47848456
J45: Ry** | K45: =(K41/K37)*K18 -> 2.5344877 | L45: 1/Ry** | M45: =1/K45 -> 0.39455705
J47: Segunda iteranción
J48: Q_x2 | K48: 766.055 | L48: ton f
J49: Qy_2 | K49: 765.988 | L49: ton f
