Workbook

Sheet Resultados
A1: Resumen consolidado V2 / M3 / P por Muro, Pier y Caso
A2: Sección | B2: Pier | C2: Output Case | D2: V2 max | E2: V2 min | F2: M3 max | G2: M3 min | H2: P max | I2: P min
D3: tonf | E3: tonf | F3: tonf-m | G3: tonf-m | H3: tonf | I3: tonf
A4: MURO PERIMETRAL | B4: P1 | C4: PP | D4: =_xlfn.MAXIFS('MURO PERIMETRAL'!$I$4:$I$173,'MURO PERIMETRAL'!$C$4:$C$173,$B4,'MURO PERIMETRAL'!$D$4:$D$173,$C4) -> 90.758 | E4: =_xlfn.MINIFS('MURO PERIMETRAL'!$I$4:$I$173,'MURO PERIMETRAL'!$C$4:$C$173,$B4,'MURO PERIMETRAL'!$D$4:$D$173,$C4) -> 90.758 | F4: =_xlfn.MAXIFS('MURO PERIMETRAL'!$M$4:$M$173,'MURO PERIMETRAL'!$C$4:$C$173,$B4,'MURO PERIMETRAL'!$D$4:$D$173,$C4) -> 310.252 | G4: =_xlfn.MINIFS('MURO PERIMETRAL'!$M$4:$M$173,'MURO PERIMETRAL'!$C$4:$C$173,$B4,'MURO PERIMETRAL'!$D$4:$D$173,$C4) -> 74.2811 | H4: =_xlfn.MAXIFS('MURO PERIMETRAL'!$H$4:$H$173,'MURO PERIMETRAL'!$C$4:$C$173,$B4,'MURO PERIMETRAL'!$D$4:$D$173,$C4) -> -41.5256 | I4: =_xlfn.MINIFS('MURO PERIMETRAL'!$H$4:$H$173,'MURO PERIMETRAL'!$C$4:$C$173,$B4,'MURO PERIMETRAL'!$D$4:$D$173,$C4) -> -103.2006
A5: MURO PERIMETRAL | B5: P1 | C5: SC | D5: =_xlfn.MAXIFS('MURO PERIMETRAL'!$I$4:$I$173,'MURO PERIMETRAL'!$C$4:$C$173,$B5,'MURO PERIMETRAL'!$D$4:$D$173,$C5) -> 80.9317 | E5: =_xlfn.MINIFS('MURO PERIMETRAL'!$I$4:$I$173,'MURO PERIMETRAL'!$C$4:$C$173,$B5,'MURO PERIMETRAL'!$D$4:$D$173,$C5) -> 80.9317 | F5: =_xlfn.MAXIFS('MURO PERIMETRAL'!$M$4:$M$173,'MURO PERIMETRAL'!$C$4:$C$173,$B5,'MURO PERIMETRAL'!$D$4:$D$173,$C5) -> 294.5399 | G5: =_xlfn.MINIFS('MURO PERIMETRAL'!$M$4:$M$173,'MURO PERIMETRAL'!$C$4:$C$173,$B5,'MURO PERIMETRAL'!$D$4:$D$173,$C5) -> 84.1175 | H5: =_xlfn.MAXIFS('MURO PERIMETRAL'!$H$4:$H$173,'MURO PERIMETRAL'!$C$4:$C$173,$B5,'MURO PERIMETRAL'!$D$4:$D$173,$C5) -> -39.1494 | I5: =_xlfn.MINIFS('MURO PERIMETRAL'!$H$4:$H$173,'MURO PERIMETRAL'!$C$4:$C$173,$B5,'MURO PERIMETRAL'!$D$4:$D$173,$C5) -> -39.1494
A6: MURO PERIMETRAL | B6: P1 | C6: SX | D6: =_xlfn.MAXIFS('MURO PERIMETRAL'!$I$4:$I$173,'MURO PERIMETRAL'!$C$4:$C$173,$B6,'MURO PERIMETRAL'!$D$4:$D$173,$C6) -> 105.4009 | E6: =_xlfn.MINIFS('MURO PERIMETRAL'!$I$4:$I$173,'MURO PERIMETRAL'!$C$4:$C$173,$B6,'MURO PERIMETRAL'!$D$4:$D$173,$C6) -> 105.4009 | F6: =_xlfn.MAXIFS('MURO PERIMETRAL'!$M$4:$M$173,'MURO PERIMETRAL'!$C$4:$C$173,$B6,'MURO PERIMETRAL'!$D$4:$D$173,$C6) -> 294.3905 | G6: =_xlfn.MINIFS('MURO PERIMETRAL'!$M$4:$M$173,'MURO PERIMETRAL'!$C$4:$C$173,$B6,'MURO PERIMETRAL'!$D$4:$D$173,$C6) -> 87.9462 | H6: =_xlfn.MAXIFS('MURO PERIMETRAL'!$H$4:$H$173,'MURO PERIMETRAL'!$C$4:$C$173,$B6,'MURO PERIMETRAL'!$D$4:$D$173,$C6) -> 5.0862 | I6: =_xlfn.MINIFS('MURO PERIMETRAL'!$H$4:$H$173,'MURO PERIMETRAL'!$C$4:$C$173,$B6,'MURO PERIMETRAL'!$D$4:$D$173,$C6) -> 5.0862
A7: MURO PERIMETRAL | B7: P1 | C7: SY | D7: =_xlfn.MAXIFS('MURO PERIMETRAL'!$I$4:$I$173,'MURO PERIMETRAL'!$C$4:$C$173,$B7,'MURO PERIMETRAL'!$D$4:$D$173,$C7) -> 210.3668 | E7: =_xlfn.MINIFS('MURO PERIMETRAL'!$I$4:$I$173,'MURO PERIMETRAL'!$C$4:$C$173,$B7,'MURO PERIMETRAL'!$D$4:$D$173,$C7) -> 210.3668 | F7: =_xlfn.MAXIFS('MURO PERIMETRAL'!$M$4:$M$173,'MURO PERIMETRAL'!$C$4:$C$173,$B7,'MURO PERIMETRAL'!$D$4:$D$173,$C7) -> 403.9666 | G7: =_xlfn.MINIFS('MURO PERIMETRAL'!$M$4:$M$173,'MURO PERIMETRAL'!$C$4:$C$173,$B7,'MURO PERIMETRAL'!$D$4:$D$173,$C7) -> 143.8221 | H7: =_xlfn.MAXIFS('MURO PERIMETRAL'!$H$4:$H$173,'MURO PERIMETRAL'!$C$4:$C$173,$B7,'MURO PERIMETRAL'!$D$4:$D$173,$C7) -> 5.5207 | I7: =_xlfn.MINIFS('MURO PERIMETRAL'!$H$4:$H$173,'MURO PERIMETRAL'!$C$4:$C$173,$B7,'MURO PERIMETRAL'!$D$4:$D$173,$C7) -> 5.5207
A8: MURO PERIMETRAL | B8: PN | C8: PP | D8: =_xlfn.MAXIFS('MURO PERIMETRAL'!$I$4:$I$173,'MURO PERIMETRAL'!$C$4:$C$173,$B8,'MURO PERIMETRAL'!$D$4:$D$173,$C8) -> -21.5459 | E8: =_xlfn.MINIFS('MURO PERIMETRAL'!$I$4:$I$173,'MURO PERIMETRAL'!$C$4:$C$173,$B8,'MURO PERIMETRAL'!$D$4:$D$173,$C8) -> -21.5459 | F8: =_xlfn.MAXIFS('MURO PERIMETRAL'!$M$4:$M$173,'MURO PERIMETRAL'!$C$4:$C$173,$B8,'MURO PERIMETRAL'!$D$4:$D$173,$C8) -> 27.3762 | G8: =_xlfn.MINIFS('MURO PERIMETRAL'!$M$4:$M$173,'MURO PERIMETRAL'!$C$4:$C$173,$B8,'MURO PERIMETRAL'!$D$4:$D$173,$C8) -> -28.6432 | H8: =_xlfn.MAXIFS('MURO PERIMETRAL'!$H$4:$H$173,'MURO PERIMETRAL'!$C$4:$C$173,$B8,'MURO PERIMETRAL'!$D$4:$D$173,$C8) -> -36.7532 | I8: =_xlfn.MINIFS('MURO PERIMETRAL'!$H$4:$H$173,'MURO PERIMETRAL'!$C$4:$C$173,$B8,'MURO PERIMETRAL'!$D$4:$D$173,$C8) -> -70.8132
A9: MURO PERIMETRAL | B9: PN | C9: SC | D9: =_xlfn.MAXIFS('MURO PERIMETRAL'!$I$4:$I$173,'MURO PERIMETRAL'!$C$4:$C$173,$B9,'MURO PERIMETRAL'!$D$4:$D$173,$C9) -> -23.4705 | E9: =_xlfn.MINIFS('MURO PERIMETRAL'!$I$4:$I$173,'MURO PERIMETRAL'!$C$4:$C$173,$B9,'MURO PERIMETRAL'!$D$4:$D$173,$C9) -> -23.4705 | F9: =_xlfn.MAXIFS('MURO PERIMETRAL'!$M$4:$M$173,'MURO PERIMETRAL'!$C$4:$C$173,$B9,'MURO PERIMETRAL'!$D$4:$D$173,$C9) -> 28.6637 | G9: =_xlfn.MINIFS('MURO PERIMETRAL'!$M$4:$M$173,'MURO PERIMETRAL'!$C$4:$C$173,$B9,'MURO PERIMETRAL'!$D$4:$D$173,$C9) -> -32.3595 | H9: =_xlfn.MAXIFS('MURO PERIMETRAL'!$H$4:$H$173,'MURO PERIMETRAL'!$C$4:$C$173,$B9,'MURO PERIMETRAL'!$D$4:$D$173,$C9) -> -35.1075 | I9: =_xlfn.MINIFS('MURO PERIMETRAL'!$H$4:$H$173,'MURO PERIMETRAL'!$C$4:$C$173,$B9,'MURO PERIMETRAL'!$D$4:$D$173,$C9) -> -35.1075
A10: MURO PERIMETRAL | B10: PN | C10: SX | D10: =_xlfn.MAXIFS('MURO PERIMETRAL'!$I$4:$I$173,'MURO PERIMETRAL'!$C$4:$C$173,$B10,'MURO PERIMETRAL'!$D$4:$D$173,$C10) -> 156.9326 | E10: =_xlfn.MINIFS('MURO PERIMETRAL'!$I$4:$I$173,'MURO PERIMETRAL'!$C$4:$C$173,$B10,'MURO PERIMETRAL'!$D$4:$D$173,$C10) -> 156.9326 | F10: =_xlfn.MAXIFS('MURO PERIMETRAL'!$M$4:$M$173,'MURO PERIMETRAL'!$C$4:$C$173,$B10,'MURO PERIMETRAL'!$D$4:$D$173,$C10) -> 273.4855 | G10: =_xlfn.MINIFS('MURO PERIMETRAL'!$M$4:$M$173,'MURO PERIMETRAL'!$C$4:$C$173,$B10,'MURO PERIMETRAL'!$D$4:$D$173,$C10) -> 134.7712 | H10: =_xlfn.MAXIFS('MURO PERIMETRAL'!$H$4:$H$173,'MURO PERIMETRAL'!$C$4:$C$173,$B10,'MURO PERIMETRAL'!$D$4:$D$173,$C10) -> 3.1064 | I10: =_xlfn.MINIFS('MURO PERIMETRAL'!$H$4:$H$173,'MURO PERIMETRAL'!$C$4:$C$173,$B10,'MURO PERIMETRAL'!$D$4:$D$173,$C10) -> 3.1064
A11: MURO PERIMETRAL | B11: PN | C11: SY | D11: =_xlfn.MAXIFS('MURO PERIMETRAL'!$I$4:$I$173,'MURO PERIMETRAL'!$C$4:$C$173,$B11,'MURO PERIMETRAL'!$D$4:$D$173,$C11) -> 34.6338 | E11: =_xlfn.MINIFS('MURO PERIMETRAL'!$I$4:$I$173,'MURO PERIMETRAL'!$C$4:$C$173,$B11,'MURO PERIMETRAL'!$D$4:$D$173,$C11) -> 34.6338 | F11: =_xlfn.MAXIFS('MURO PERIMETRAL'!$M$4:$M$173,'MURO PERIMETRAL'!$C$4:$C$173,$B11,'MURO PERIMETRAL'!$D$4:$D$173,$C11) -> 68.2735 | G11: =_xlfn.MINIFS('MURO PERIMETRAL'!$M$4:$M$173,'MURO PERIMETRAL'!$C$4:$C$173,$B11,'MURO PERIMETRAL'!$D$4:$D$173,$C11) -> 34.489 | H11: =_xlfn.MAXIFS('MURO PERIMETRAL'!$H$4:$H$173,'MURO PERIMETRAL'!$C$4:$C$173,$B11,'MURO PERIMETRAL'!$D$4:$D$173,$C11) -> 12.2056 | I11: =_xlfn.MINIFS('MURO PERIMETRAL'!$H$4:$H$173,'MURO PERIMETRAL'!$C$4:$C$173,$B11,'MURO PERIMETRAL'!$D$4:$D$173,$C11) -> 12.2056
A12: MURO PERIMETRAL | B12: P13 | C12: PP | D12: =_xlfn.MAXIFS('MURO PERIMETRAL'!$I$4:$I$173,'MURO PERIMETRAL'!$C$4:$C$173,$B12,'MURO PERIMETRAL'!$D$4:$D$173,$C12) -> -19.9414 | E12: =_xlfn.MINIFS('MURO PERIMETRAL'!$I$4:$I$173,'MURO PERIMETRAL'!$C$4:$C$173,$B12,'MURO PERIMETRAL'!$D$4:$D$173,$C12) -> -19.9414 | F12: =_xlfn.MAXIFS('MURO PERIMETRAL'!$M$4:$M$173,'MURO PERIMETRAL'!$C$4:$C$173,$B12,'MURO PERIMETRAL'!$D$4:$D$173,$C12) -> 52.6255 | G12: =_xlfn.MINIFS('MURO PERIMETRAL'!$M$4:$M$173,'MURO PERIMETRAL'!$C$4:$C$173,$B12,'MURO PERIMETRAL'!$D$4:$D$173,$C12) -> 0.7779 | H12: =_xlfn.MAXIFS('MURO PERIMETRAL'!$H$4:$H$173,'MURO PERIMETRAL'!$C$4:$C$173,$B12,'MURO PERIMETRAL'!$D$4:$D$173,$C12) -> -39.3749 | I12: =_xlfn.MINIFS('MURO PERIMETRAL'!$H$4:$H$173,'MURO PERIMETRAL'!$C$4:$C$173,$B12,'MURO PERIMETRAL'!$D$4:$D$173,$C12) -> -78.6609
A13: MURO PERIMETRAL | B13: P13 | C13: SC | D13: =_xlfn.MAXIFS('MURO PERIMETRAL'!$I$4:$I$173,'MURO PERIMETRAL'!$C$4:$C$173,$B13,'MURO PERIMETRAL'!$D$4:$D$173,$C13) -> -11.4693 | E13: =_xlfn.MINIFS('MURO PERIMETRAL'!$I$4:$I$173,'MURO PERIMETRAL'!$C$4:$C$173,$B13,'MURO PERIMETRAL'!$D$4:$D$173,$C13) -> -11.4693 | F13: =_xlfn.MAXIFS('MURO PERIMETRAL'!$M$4:$M$173,'MURO PERIMETRAL'!$C$4:$C$173,$B13,'MURO PERIMETRAL'!$D$4:$D$173,$C13) -> 36.2713 | G13: =_xlfn.MINIFS('MURO PERIMETRAL'!$M$4:$M$173,'MURO PERIMETRAL'!$C$4:$C$173,$B13,'MURO PERIMETRAL'!$D$4:$D$173,$C13) -> 6.4511 | H13: =_xlfn.MAXIFS('MURO PERIMETRAL'!$H$4:$H$173,'MURO PERIMETRAL'!$C$4:$C$173,$B13,'MURO PERIMETRAL'!$D$4:$D$173,$C13) -> -38.2734 | I13: =_xlfn.MINIFS('MURO PERIMETRAL'!$H$4:$H$173,'MURO PERIMETRAL'!$C$4:$C$173,$B13,'MURO PERIMETRAL'!$D$4:$D$173,$C13) -> -38.2734
A14: MURO PERIMETRAL | B14: P13 | C14: SX | D14: =_xlfn.MAXIFS('MURO PERIMETRAL'!$I$4:$I$173,'MURO PERIMETRAL'!$C$4:$C$173,$B14,'MURO PERIMETRAL'!$D$4:$D$173,$C14) -> 77.8666 | E14: =_xlfn.MINIFS('MURO PERIMETRAL'!$I$4:$I$173,'MURO PERIMETRAL'!$C$4:$C$173,$B14,'MURO PERIMETRAL'!$D$4:$D$173,$C14) -> 77.8666 | F14: =_xlfn.MAXIFS('MURO PERIMETRAL'!$M$4:$M$173,'MURO PERIMETRAL'!$C$4:$C$173,$B14,'MURO PERIMETRAL'!$D$4:$D$173,$C14) -> 147.5598 | G14: =_xlfn.MINIFS('MURO PERIMETRAL'!$M$4:$M$173,'MURO PERIMETRAL'!$C$4:$C$173,$B14,'MURO PERIMETRAL'!$D$4:$D$173,$C14) -> 57.8965 | H14: =_xlfn.MAXIFS('MURO PERIMETRAL'!$H$4:$H$173,'MURO PERIMETRAL'!$C$4:$C$173,$B14,'MURO PERIMETRAL'!$D$4:$D$173,$C14) -> 21.565 | I14: =_xlfn.MINIFS('MURO PERIMETRAL'!$H$4:$H$173,'MURO PERIMETRAL'!$C$4:$C$173,$B14,'MURO PERIMETRAL'!$D$4:$D$173,$C14) -> 21.565
A15: MURO PERIMETRAL | B15: P13 | C15: SY | D15: =_xlfn.MAXIFS('MURO PERIMETRAL'!$I$4:$I$173,'MURO PERIMETRAL'!$C$4:$C$173,$B15,'MURO PERIMETRAL'!$D$4:$D$173,$C15) -> 190.2291 | E15: =_xlfn.MINIFS('MURO PERIMETRAL'!$I$4:$I$173,'MURO PERIMETRAL'!$C$4:$C$173,$B15,'MURO PERIMETRAL'!$D$4:$D$173,$C15) -> 190.2291 | F15: =_xlfn.MAXIFS('MURO PERIMETRAL'!$M$4:$M$173,'MURO PERIMETRAL'!$C$4:$C$173,$B15,'MURO PERIMETRAL'!$D$4:$D$173,$C15) -> 401.1794 | G15: =_xlfn.MINIFS('MURO PERIMETRAL'!$M$4:$M$173,'MURO PERIMETRAL'!$C$4:$C$173,$B15,'MURO PERIMETRAL'!$D$4:$D$173,$C15) -> 93.4796 | H15: =_xlfn.MAXIFS('MURO PERIMETRAL'!$H$4:$H$173,'MURO PERIMETRAL'!$C$4:$C$173,$B15,'MURO PERIMETRAL'!$D$4:$D$173,$C15) -> 7.682 | I15: =_xlfn.MINIFS('MURO PERIMETRAL'!$H$4:$H$173,'MURO PERIMETRAL'!$C$4:$C$173,$B15,'MURO PERIMETRAL'!$D$4:$D$173,$C15) -> 7.682
... A23: MURO PERIMETRAL | B23: P12 | C23: SY | D23: =_xlfn.MAXIFS('MURO PERIMETRAL'!$I$4:$I$173,'MURO PERIMETRAL'!$C$4:$C$173,$B23,'MURO PERIMETRAL'!$D$4:$D$173,$C23) -> 58.8195 | E23: =_xlfn.MINIFS('MURO PERIMETRAL'!$I$4:$I$173,'MURO PERIMETRAL'!$C$4:$C$173,$B23,'MURO PERIMETRAL'!$D$4:$D$173,$C23) -> 58.8195 | F23: =_xlfn.MAXIFS('MURO PERIMETRAL'!$M$4:$M$173,'MURO PERIMETRAL'!$C$4:$C$173,$B23,'MURO PERIMETRAL'!$D$4:$D$173,$C23) -> 125.3613 | G23: =_xlfn.MINIFS('MURO PERIMETRAL'!$M$4:$M$173,'MURO PERIMETRAL'!$C$4:$C$173,$B23,'MURO PERIMETRAL'!$D$4:$D$173,$C23) -> 33.6955 | H23: =_xlfn.MAXIFS('MURO PERIMETRAL'!$H$4:$H$173,'MURO PERIMETRAL'!$C$4:$C$173,$B23,'MURO PERIMETRAL'!$D$4:$D$173,$C23) -> 2.8078 | I23: =_xlfn.MINIFS('MURO PERIMETRAL'!$H$4:$H$173,'MURO PERIMETRAL'!$C$4:$C$173,$B23,'MURO PERIMETRAL'!$D$4:$D$173,$C23) -> 2.8078
A24: 2 | B24: P3-L-J | C24: PP | D24: =_xlfn.MAXIFS('2'!$I$4:$I$70,'2'!$C$4:$C$70,$B24,'2'!$D$4:$D$70,$C24) -> -3.3482 | E24: =_xlfn.MINIFS('2'!$I$4:$I$70,'2'!$C$4:$C$70,$B24,'2'!$D$4:$D$70,$C24) -> -3.3482 | F24: =_xlfn.MAXIFS('2'!$M$4:$M$70,'2'!$C$4:$C$70,$B24,'2'!$D$4:$D$70,$C24) -> -1.3797 | G24: =_xlfn.MINIFS('2'!$M$4:$M$70,'2'!$C$4:$C$70,$B24,'2'!$D$4:$D$70,$C24) -> -10.0851 | H24: =_xlfn.MAXIFS('2'!$H$4:$H$70,'2'!$C$4:$C$70,$B24,'2'!$D$4:$D$70,$C24) -> -312.6755 | I24: =_xlfn.MINIFS('2'!$H$4:$H$70,'2'!$C$4:$C$70,$B24,'2'!$D$4:$D$70,$C24) -> -318.8505
A25: 2 | B25: P3-L-J | C25: SC | D25: =_xlfn.MAXIFS('2'!$I$4:$I$70,'2'!$C$4:$C$70,$B25,'2'!$D$4:$D$70,$C25) -> -5.8105 | E25: =_xlfn.MINIFS('2'!$I$4:$I$70,'2'!$C$4:$C$70,$B25,'2'!$D$4:$D$70,$C25) -> -5.8105 | F25: =_xlfn.MAXIFS('2'!$M$4:$M$70,'2'!$C$4:$C$70,$B25,'2'!$D$4:$D$70,$C25) -> 7.1279 | G25: =_xlfn.MINIFS('2'!$M$4:$M$70,'2'!$C$4:$C$70,$B25,'2'!$D$4:$D$70,$C25) -> -7.9795 | H25: =_xlfn.MAXIFS('2'!$H$4:$H$70,'2'!$C$4:$C$70,$B25,'2'!$D$4:$D$70,$C25) -> -77.0185 | I25: =_xlfn.MINIFS('2'!$H$4:$H$70,'2'!$C$4:$C$70,$B25,'2'!$D$4:$D$70,$C25) -> -77.0185
A26: 2 | B26: P3-L-J | C26: SX | D26: =_xlfn.MAXIFS('2'!$I$4:$I$70,'2'!$C$4:$C$70,$B26,'2'!$D$4:$D$70,$C26) -> 19.2948 | E26: =_xlfn.MINIFS('2'!$I$4:$I$70,'2'!$C$4:$C$70,$B26,'2'!$D$4:$D$70,$C26) -> 19.2948 | F26: =_xlfn.MAXIFS('2'!$M$4:$M$70,'2'!$C$4:$C$70,$B26,'2'!$D$4:$D$70,$C26) -> 72.2021 | G26: =_xlfn.MINIFS('2'!$M$4:$M$70,'2'!$C$4:$C$70,$B26,'2'!$D$4:$D$70,$C26) -> 32.249 | H26: =_xlfn.MAXIFS('2'!$H$4:$H$70,'2'!$C$4:$C$70,$B26,'2'!$D$4:$D$70,$C26) -> 181.0766 | I26: =_xlfn.MINIFS('2'!$H$4:$H$70,'2'!$C$4:$C$70,$B26,'2'!$D$4:$D$70,$C26) -> 181.0766
A27: 2 | B27: P3-L-J | C27: SY | D27: =_xlfn.MAXIFS('2'!$I$4:$I$70,'2'!$C$4:$C$70,$B27,'2'!$D$4:$D$70,$C27) -> 10.468 | E27: =_xlfn.MINIFS('2'!$I$4:$I$70,'2'!$C$4:$C$70,$B27,'2'!$D$4:$D$70,$C27) -> 10.468 | F27: =_xlfn.MAXIFS('2'!$M$4:$M$70,'2'!$C$4:$C$70,$B27,'2'!$D$4:$D$70,$C27) -> 97.0486 | G27: =_xlfn.MINIFS('2'!$M$4:$M$70,'2'!$C$4:$C$70,$B27,'2'!$D$4:$D$70,$C27) -> 79.7643 | H27: =_xlfn.MAXIFS('2'!$H$4:$H$70,'2'!$C$4:$C$70,$B27,'2'!$D$4:$D$70,$C27) -> 156.9889 | I27: =_xlfn.MINIFS('2'!$H$4:$H$70,'2'!$C$4:$C$70,$B27,'2'!$D$4:$D$70,$C27) -> 156.9889
A28: 2 | B28: P3-L | C28: PP | D28: =_xlfn.MAXIFS('2'!$I$4:$I$70,'2'!$C$4:$C$70,$B28,'2'!$D$4:$D$70,$C28) -> 0.6774 | E28: =_xlfn.MINIFS('2'!$I$4:$I$70,'2'!$C$4:$C$70,$B28,'2'!$D$4:$D$70,$C28) -> 0.6774 | F28: =_xlfn.MAXIFS('2'!$M$4:$M$70,'2'!$C$4:$C$70,$B28,'2'!$D$4:$D$70,$C28) -> 0.4567 | G28: =_xlfn.MINIFS('2'!$M$4:$M$70,'2'!$C$4:$C$70,$B28,'2'!$D$4:$D$70,$C28) -> -1.3045 | H28: =_xlfn.MAXIFS('2'!$H$4:$H$70,'2'!$C$4:$C$70,$B28,'2'!$D$4:$D$70,$C28) -> -100.2474 | I28: =_xlfn.MINIFS('2'!$H$4:$H$70,'2'!$C$4:$C$70,$B28,'2'!$D$4:$D$70,$C28) -> -102.3315
A29: 2 | B29: P3-L | C29: SC | D29: =_xlfn.MAXIFS('2'!$I$4:$I$70,'2'!$C$4:$C$70,$B29,'2'!$D$4:$D$70,$C29) -> 1.0106 | E29: =_xlfn.MINIFS('2'!$I$4:$I$70,'2'!$C$4:$C$70,$B29,'2'!$D$4:$D$70,$C29) -> 1.0106 | F29: =_xlfn.MAXIFS('2'!$M$4:$M$70,'2'!$C$4:$C$70,$B29,'2'!$D$4:$D$70,$C29) -> 0.9079 | G29: =_xlfn.MINIFS('2'!$M$4:$M$70,'2'!$C$4:$C$70,$B29,'2'!$D$4:$D$70,$C29) -> -1.7198 | H29: =_xlfn.MAXIFS('2'!$H$4:$H$70,'2'!$C$4:$C$70,$B29,'2'!$D$4:$D$70,$C29) -> -23.7904 | I29: =_xlfn.MINIFS('2'!$H$4:$H$70,'2'!$C$4:$C$70,$B29,'2'!$D$4:$D$70,$C29) -> -23.7904
A30: 2 | B30: P3-L | C30: SX | D30: =_xlfn.MAXIFS('2'!$I$4:$I$70,'2'!$C$4:$C$70,$B30,'2'!$D$4:$D$70,$C30) -> 9.656 | E30: =_xlfn.MINIFS('2'!$I$4:$I$70,'2'!$C$4:$C$70,$B30,'2'!$D$4:$D$70,$C30) -> 9.656 | F30: =_xlfn.MAXIFS('2'!$M$4:$M$70,'2'!$C$4:$C$70,$B30,'2'!$D$4:$D$70,$C30) -> 16.5241 | G30: =_xlfn.MINIFS('2'!$M$4:$M$70,'2'!$C$4:$C$70,$B30,'2'!$D$4:$D$70,$C30) -> 10.5132 | H30: =_xlfn.MAXIFS('2'!$H$4:$H$70,'2'!$C$4:$C$70,$B30,'2'!$D$4:$D$70,$C30) -> 75.8029 | I30: =_xlfn.MINIFS('2'!$H$4:$H$70,'2'!$C$4:$C$70,$B30,'2'!$D$4:$D$70,$C30) -> 75.8029
A31: 2 | B31: P3-L | C31: SY | D31: =_xlfn.MAXIFS('2'!$I$4:$I$70,'2'!$C$4:$C$70,$B31,'2'!$D$4:$D$70,$C31) -> 5.4243 | E31: =_xlfn.MINIFS('2'!$I$4:$I$70,'2'!$C$4:$C$70,$B31,'2'!$D$4:$D$70,$C31) -> 5.4243 | F31: =_xlfn.MAXIFS('2'!$M$4:$M$70,'2'!$C$4:$C$70,$B31,'2'!$D$4:$D$70,$C31) -> 8.6388 | G31: =_xlfn.MINIFS('2'!$M$4:$M$70,'2'!$C$4:$C$70,$B31,'2'!$D$4:$D$70,$C31) -> 5.4658 | H31: =_xlfn.MAXIFS('2'!$H$4:$H$70,'2'!$C$4:$C$70,$B31,'2'!$D$4:$D$70,$C31) -> 99.2074 | I31: =_xlfn.MINIFS('2'!$H$4:$H$70,'2'!$C$4:$C$70,$B31,'2'!$D$4:$D$70,$C31) -> 99.2074
A32: 3 | B32: PL-J-11 | C32: PP | D32: =_xlfn.MAXIFS('3'!$I$4:$I$70,'3'!$C$4:$C$70,$B32,'3'!$D$4:$D$70,$C32) -> 6.4747 | E32: =_xlfn.MINIFS('3'!$I$4:$I$70,'3'!$C$4:$C$70,$B32,'3'!$D$4:$D$70,$C32) -> 6.4747 | F32: =_xlfn.MAXIFS('3'!$M$4:$M$70,'3'!$C$4:$C$70,$B32,'3'!$D$4:$D$70,$C32) -> -23.139 | G32: =_xlfn.MINIFS('3'!$M$4:$M$70,'3'!$C$4:$C$70,$B32,'3'!$D$4:$D$70,$C32) -> -39.9734 | H32: =_xlfn.MAXIFS('3'!$H$4:$H$70,'3'!$C$4:$C$70,$B32,'3'!$D$4:$D$70,$C32) -> -257.3633 | I32: =_xlfn.MINIFS('3'!$H$4:$H$70,'3'!$C$4:$C$70,$B32,'3'!$D$4:$D$70,$C32) -> -265.342
A33: 3 | B33: PL-J-11 | C33: SC | D33: =_xlfn.MAXIFS('3'!$I$4:$I$70,'3'!$C$4:$C$70,$B33,'3'!$D$4:$D$70,$C33) -> -2.9462 | E33: =_xlfn.MINIFS('3'!$I$4:$I$70,'3'!$C$4:$C$70,$B33,'3'!$D$4:$D$70,$C33) -> -2.9462 | F33: =_xlfn.MAXIFS('3'!$M$4:$M$70,'3'!$C$4:$C$70,$B33,'3'!$D$4:$D$70,$C33) -> 2.2466 | G33: =_xlfn.MINIFS('3'!$M$4:$M$70,'3'!$C$4:$C$70,$B33,'3'!$D$4:$D$70,$C33) -> -5.4135 | H33: =_xlfn.MAXIFS('3'!$H$4:$H$70,'3'!$C$4:$C$70,$B33,'3'!$D$4:$D$70,$C33) -> -71.5135 | I33: =_xlfn.MINIFS('3'!$H$4:$H$70,'3'!$C$4:$C$70,$B33,'3'!$D$4:$D$70,$C33) -> -71.5135
A34: 3 | B34: PL-J-11 | C34: SX | D34: =_xlfn.MAXIFS('3'!$I$4:$I$70,'3'!$C$4:$C$70,$B34,'3'!$D$4:$D$70,$C34) -> 25.696 | E34: =_xlfn.MINIFS('3'!$I$4:$I$70,'3'!$C$4:$C$70,$B34,'3'!$D$4:$D$70,$C34) -> 25.696 | F34: =_xlfn.MAXIFS('3'!$M$4:$M$70,'3'!$C$4:$C$70,$B34,'3'!$D$4:$D$70,$C34) -> 121.6389 | G34: =_xlfn.MINIFS('3'!$M$4:$M$70,'3'!$C$4:$C$70,$B34,'3'!$D$4:$D$70,$C34) -> 56.1781 | H34: =_xlfn.MAXIFS('3'!$H$4:$H$70,'3'!$C$4:$C$70,$B34,'3'!$D$4:$D$70,$C34) -> 238.636 | I34: =_xlfn.MINIFS('3'!$H$4:$H$70,'3'!$C$4:$C$70,$B34,'3'!$D$4:$D$70,$C34) -> 238.636
A35: 3 | B35: PL-J-11 | C35: SY | D35: =_xlfn.MAXIFS('3'!$I$4:$I$70,'3'!$C$4:$C$70,$B35,'3'!$D$4:$D$70,$C35) -> 23.8413 | E35: =_xlfn.MINIFS('3'!$I$4:$I$70,'3'!$C$4:$C$70,$B35,'3'!$D$4:$D$70,$C35) -> 23.8413 | F35: =_xlfn.MAXIFS('3'!$M$4:$M$70,'3'!$C$4:$C$70,$B35,'3'!$D$4:$D$70,$C35) -> 257.3116 | G35: =_xlfn.MINIFS('3'!$M$4:$M$70,'3'!$C$4:$C$70,$B35,'3'!$D$4:$D$70,$C35) -> 198.5956 | H35: =_xlfn.MAXIFS('3'!$H$4:$H$70,'3'!$C$4:$C$70,$B35,'3'!$D$4:$D$70,$C35) -> 189.4435 | I35: =_xlfn.MINIFS('3'!$H$4:$H$70,'3'!$C$4:$C$70,$B35,'3'!$D$4:$D$70,$C35) -> 189.4435
A36: 3 | B36: PJ2 | C36: PP | D36: =_xlfn.MAXIFS('3'!$I$4:$I$70,'3'!$C$4:$C$70,$B36,'3'!$D$4:$D$70,$C36) -> -27.2143 | E36: =_xlfn.MINIFS('3'!$I$4:$I$70,'3'!$C$4:$C$70,$B36,'3'!$D$4:$D$70,$C36) -> -27.2143 | F36: =_xlfn.MAXIFS('3'!$M$4:$M$70,'3'!$C$4:$C$70,$B36,'3'!$D$4:$D$70,$C36) -> 121.2713 | G36: =_xlfn.MINIFS('3'!$M$4:$M$70,'3'!$C$4:$C$70,$B36,'3'!$D$4:$D$70,$C36) -> 50.5142 | H36: =_xlfn.MAXIFS('3'!$H$4:$H$70,'3'!$C$4:$C$70,$B36,'3'!$D$4:$D$70,$C36) -> -145.9956 | I36: =_xlfn.MINIFS('3'!$H$4:$H$70,'3'!$C$4:$C$70,$B36,'3'!$D$4:$D$70,$C36) -> -154.2831
A37: 3 | B37: PJ2 | C37: SC | D37: =_xlfn.MAXIFS('3'!$I$4:$I$70,'3'!$C$4:$C$70,$B37,'3'!$D$4:$D$70,$C37) -> -8.6232 | E37: =_xlfn.MINIFS('3'!$I$4:$I$70,'3'!$C$4:$C$70,$B37,'3'!$D$4:$D$70,$C37) -> -8.6232 | F37: =_xlfn.MAXIFS('3'!$M$4:$M$70,'3'!$C$4:$C$70,$B37,'3'!$D$4:$D$70,$C37) -> 31.4717 | G37: =_xlfn.MINIFS('3'!$M$4:$M$70,'3'!$C$4:$C$70,$B37,'3'!$D$4:$D$70,$C37) -> 9.0514 | H37: =_xlfn.MAXIFS('3'!$H$4:$H$70,'3'!$C$4:$C$70,$B37,'3'!$D$4:$D$70,$C37) -> -38.2528 | I37: =_xlfn.MINIFS('3'!$H$4:$H$70,'3'!$C$4:$C$70,$B37,'3'!$D$4:$D$70,$C37) -> -38.2528
A38: 3 | B38: PJ2 | C38: SX | D38: =_xlfn.MAXIFS('3'!$I$4:$I$70,'3'!$C$4:$C$70,$B38,'3'!$D$4:$D$70,$C38) -> 28.7636 | E38: =_xlfn.MINIFS('3'!$I$4:$I$70,'3'!$C$4:$C$70,$B38,'3'!$D$4:$D$70,$C38) -> 28.7636 | F38: =_xlfn.MAXIFS('3'!$M$4:$M$70,'3'!$C$4:$C$70,$B38,'3'!$D$4:$D$70,$C38) -> 243.2748 | G38: =_xlfn.MINIFS('3'!$M$4:$M$70,'3'!$C$4:$C$70,$B38,'3'!$D$4:$D$70,$C38) -> 239.3701 | H38: =_xlfn.MAXIFS('3'!$H$4:$H$70,'3'!$C$4:$C$70,$B38,'3'!$D$4:$D$70,$C38) -> 60.7217 | I38: =_xlfn.MINIFS('3'!$H$4:$H$70,'3'!$C$4:$C$70,$B38,'3'!$D$4:$D$70,$C38) -> 60.7217
A39: 3 | B39: PJ2 | C39: SY | D39: =_xlfn.MAXIFS('3'!$I$4:$I$70,'3'!$C$4:$C$70,$B39,'3'!$D$4:$D$70,$C39) -> 13.9832 | E39: =_xlfn.MINIFS('3'!$I$4:$I$70,'3'!$C$4:$C$70,$B39,'3'!$D$4:$D$70,$C39) -> 13.9832 | F39: =_xlfn.MAXIFS('3'!$M$4:$M$70,'3'!$C$4:$C$70,$B39,'3'!$D$4:$D$70,$C39) -> 73.7625 | G39: =_xlfn.MINIFS('3'!$M$4:$M$70,'3'!$C$4:$C$70,$B39,'3'!$D$4:$D$70,$C39) -> 39.5224 | H39: =_xlfn.MAXIFS('3'!$H$4:$H$70,'3'!$C$4:$C$70,$B39,'3'!$D$4:$D$70,$C39) -> 78.393 | I39: =_xlfn.MINIFS('3'!$H$4:$H$70,'3'!$C$4:$C$70,$B39,'3'!$D$4:$D$70,$C39) -> 78.393
A40: 4 | B40: PL-6 | C40: PP | D40: =_xlfn.MAXIFS('4'!$I$4:$I$36,'4'!$C$4:$C$36,$B40,'4'!$D$4:$D$36,$C40) -> -2.7276 | E40: =_xlfn.MINIFS('4'!$I$4:$I$36,'4'!$C$4:$C$36,$B40,'4'!$D$4:$D$36,$C40) -> -2.7276 | F40: =_xlfn.MAXIFS('4'!$M$4:$M$36,'4'!$C$4:$C$36,$B40,'4'!$D$4:$D$36,$C40) -> -57.0829 | G40: =_xlfn.MINIFS('4'!$M$4:$M$36,'4'!$C$4:$C$36,$B40,'4'!$D$4:$D$36,$C40) -> -64.1746 | H40: =_xlfn.MAXIFS('4'!$H$4:$H$36,'4'!$C$4:$C$36,$B40,'4'!$D$4:$D$36,$C40) -> -676.2804 | I40: =_xlfn.MINIFS('4'!$H$4:$H$36,'4'!$C$4:$C$36,$B40,'4'!$D$4:$D$36,$C40) -> -688.1064
A41: 4 | B41: PL-6 | C41: SC | D41: =_xlfn.MAXIFS('4'!$I$4:$I$36,'4'!$C$4:$C$36,$B41,'4'!$D$4:$D$36,$C41) -> -8.4778 | E41: =_xlfn.MINIFS('4'!$I$4:$I$36,'4'!$C$4:$C$36,$B41,'4'!$D$4:$D$36,$C41) -> -8.4778 | F41: =_xlfn.MAXIFS('4'!$M$4:$M$36,'4'!$C$4:$C$36,$B41,'4'!$D$4:$D$36,$C41) -> 2.789 | G41: =_xlfn.MINIFS('4'!$M$4:$M$36,'4'!$C$4:$C$36,$B41,'4'!$D$4:$D$36,$C41) -> -19.2533 | H41: =_xlfn.MAXIFS('4'!$H$4:$H$36,'4'!$C$4:$C$36,$B41,'4'!$D$4:$D$36,$C41) -> -168.2075 | I41: =_xlfn.MINIFS('4'!$H$4:$H$36,'4'!$C$4:$C$36,$B41,'4'!$D$4:$D$36,$C41) -> -168.2075
A42: 4 | B42: PL-6 | C42: SX | D42: =_xlfn.MAXIFS('4'!$I$4:$I$36,'4'!$C$4:$C$36,$B42,'4'!$D$4:$D$36,$C42) -> 5.1077 | E42: =_xlfn.MINIFS('4'!$I$4:$I$36,'4'!$C$4:$C$36,$B42,'4'!$D$4:$D$36,$C42) -> 5.1077 | F42: =_xlfn.MAXIFS('4'!$M$4:$M$36,'4'!$C$4:$C$36,$B42,'4'!$D$4:$D$36,$C42) -> 64.9846 | G42: =_xlfn.MINIFS('4'!$M$4:$M$36,'4'!$C$4:$C$36,$B42,'4'!$D$4:$D$36,$C42) -> 62.44 | H42: =_xlfn.MAXIFS('4'!$H$4:$H$36,'4'!$C$4:$C$36,$B42,'4'!$D$4:$D$36,$C42) -> 69.9837 | I42: =_xlfn.MINIFS('4'!$H$4:$H$36,'4'!$C$4:$C$36,$B42,'4'!$D$4:$D$36,$C42) -> 69.9837
A43: 4 | B43: PL-6 | C43: SY | D43: =_xlfn.MAXIFS('4'!$I$4:$I$36,'4'!$C$4:$C$36,$B43,'4'!$D$4:$D$36,$C43) -> 15.6112 | E43: =_xlfn.MINIFS('4'!$I$4:$I$36,'4'!$C$4:$C$36,$B43,'4'!$D$4:$D$36,$C43) -> 15.6112 | F43: =_xlfn.MAXIFS('4'!$M$4:$M$36,'4'!$C$4:$C$36,$B43,'4'!$D$4:$D$36,$C43) -> 624.0337 | G43: =_xlfn.MINIFS('4'!$M$4:$M$36,'4'!$C$4:$C$36,$B43,'4'!$D$4:$D$36,$C43) -> 590.3302 | H43: =_xlfn.MAXIFS('4'!$H$4:$H$36,'4'!$C$4:$C$36,$B43,'4'!$D$4:$D$36,$C43) -> 158.822 | I43: =_xlfn.MINIFS('4'!$H$4:$H$36,'4'!$C$4:$C$36,$B43,'4'!$D$4:$D$36,$C43) -> 158.822
A44: 5 | B44: PJ1 | C44: PP | D44: =_xlfn.MAXIFS('5'!$I$4:$I$36,'5'!$C$4:$C$36,$B44,'5'!$D$4:$D$36,$C44) -> -2.9777 | E44: =_xlfn.MINIFS('5'!$I$4:$I$36,'5'!$C$4:$C$36,$B44,'5'!$D$4:$D$36,$C44) -> -2.9777 | F44: =_xlfn.MAXIFS('5'!$M$4:$M$36,'5'!$C$4:$C$36,$B44,'5'!$D$4:$D$36,$C44) -> 4.5976 | G44: =_xlfn.MINIFS('5'!$M$4:$M$36,'5'!$C$4:$C$36,$B44,'5'!$D$4:$D$36,$C44) -> -3.1445 | H44: =_xlfn.MAXIFS('5'!$H$4:$H$36,'5'!$C$4:$C$36,$B44,'5'!$D$4:$D$36,$C44) -> -129.5146 | I44: =_xlfn.MINIFS('5'!$H$4:$H$36,'5'!$C$4:$C$36,$B44,'5'!$D$4:$D$36,$C44) -> -133.6115
A45: 5 | B45: PJ1 | C45: SC | D45: =_xlfn.MAXIFS('5'!$I$4:$I$36,'5'!$C$4:$C$36,$B45,'5'!$D$4:$D$36,$C45) -> -0.1626 | E45: =_xlfn.MINIFS('5'!$I$4:$I$36,'5'!$C$4:$C$36,$B45,'5'!$D$4:$D$36,$C45) -> -0.1626 | F45: =_xlfn.MAXIFS('5'!$M$4:$M$36,'5'!$C$4:$C$36,$B45,'5'!$D$4:$D$36,$C45) -> -0.4144 | G45: =_xlfn.MINIFS('5'!$M$4:$M$36,'5'!$C$4:$C$36,$B45,'5'!$D$4:$D$36,$C45) -> -0.8371 | H45: =_xlfn.MAXIFS('5'!$H$4:$H$36,'5'!$C$4:$C$36,$B45,'5'!$D$4:$D$36,$C45) -> -33.6911 | I45: =_xlfn.MINIFS('5'!$H$4:$H$36,'5'!$C$4:$C$36,$B45,'5'!$D$4:$D$36,$C45) -> -33.6911
A46: 5 | B46: PJ1 | C46: SX | D46: =_xlfn.MAXIFS('5'!$I$4:$I$36,'5'!$C$4:$C$36,$B46,'5'!$D$4:$D$36,$C46) -> 11.2979 | E46: =_xlfn.MINIFS('5'!$I$4:$I$36,'5'!$C$4:$C$36,$B46,'5'!$D$4:$D$36,$C46) -> 11.2979 | F46: =_xlfn.MAXIFS('5'!$M$4:$M$36,'5'!$C$4:$C$36,$B46,'5'!$D$4:$D$36,$C46) -> 51.9841 | G46: =_xlfn.MINIFS('5'!$M$4:$M$36,'5'!$C$4:$C$36,$B46,'5'!$D$4:$D$36,$C46) -> 31.9049 | H46: =_xlfn.MAXIFS('5'!$H$4:$H$36,'5'!$C$4:$C$36,$B46,'5'!$D$4:$D$36,$C46) -> 62.8994 | I46: =_xlfn.MINIFS('5'!$H$4:$H$36,'5'!$C$4:$C$36,$B46,'5'!$D$4:$D$36,$C46) -> 62.8994
A47: 5 | B47: PJ1 | C47: SY | D47: =_xlfn.MAXIFS('5'!$I$4:$I$36,'5'!$C$4:$C$36,$B47,'5'!$D$4:$D$36,$C47) -> 5.9106 | E47: =_xlfn.MINIFS('5'!$I$4:$I$36,'5'!$C$4:$C$36,$B47,'5'!$D$4:$D$36,$C47) -> 5.9106 | F47: =_xlfn.MAXIFS('5'!$M$4:$M$36,'5'!$C$4:$C$36,$B47,'5'!$D$4:$D$36,$C47) -> 15.52 | G47: =_xlfn.MINIFS('5'!$M$4:$M$36,'5'!$C$4:$C$36,$B47,'5'!$D$4:$D$36,$C47) -> 1.5723 | H47: =_xlfn.MAXIFS('5'!$H$4:$H$36,'5'!$C$4:$C$36,$B47,'5'!$D$4:$D$36,$C47) -> 29.4812 | I47: =_xlfn.MINIFS('5'!$H$4:$H$36,'5'!$C$4:$C$36,$B47,'5'!$D$4:$D$36,$C47) -> 29.4812
A48: 6 | B48: PI | C48: PP | D48: =_xlfn.MAXIFS('6'!$I$4:$I$70,'6'!$C$4:$C$70,$B48,'6'!$D$4:$D$70,$C48) -> 8.0745 | E48: =_xlfn.MINIFS('6'!$I$4:$I$70,'6'!$C$4:$C$70,$B48,'6'!$D$4:$D$70,$C48) -> 8.0745 | F48: =_xlfn.MAXIFS('6'!$M$4:$M$70,'6'!$C$4:$C$70,$B48,'6'!$D$4:$D$70,$C48) -> -33.7795 | G48: =_xlfn.MINIFS('6'!$M$4:$M$70,'6'!$C$4:$C$70,$B48,'6'!$D$4:$D$70,$C48) -> -54.7731 | H48: =_xlfn.MAXIFS('6'!$H$4:$H$70,'6'!$C$4:$C$70,$B48,'6'!$D$4:$D$70,$C48) -> -455.1483 | I48: =_xlfn.MINIFS('6'!$H$4:$H$70,'6'!$C$4:$C$70,$B48,'6'!$D$4:$D$70,$C48) -> -463.5983
A49: 6 | B49: PI | C49: SC | D49: =_xlfn.MAXIFS('6'!$I$4:$I$70,'6'!$C$4:$C$70,$B49,'6'!$D$4:$D$70,$C49) -> 4.4994 | E49: =_xlfn.MINIFS('6'!$I$4:$I$70,'6'!$C$4:$C$70,$B49,'6'!$D$4:$D$70,$C49) -> 4.4994 | F49: =_xlfn.MAXIFS('6'!$M$4:$M$70,'6'!$C$4:$C$70,$B49,'6'!$D$4:$D$70,$C49) -> -13.5384 | G49: =_xlfn.MINIFS('6'!$M$4:$M$70,'6'!$C$4:$C$70,$B49,'6'!$D$4:$D$70,$C49) -> -25.2368 | H49: =_xlfn.MAXIFS('6'!$H$4:$H$70,'6'!$C$4:$C$70,$B49,'6'!$D$4:$D$70,$C49) -> -110.9467 | I49: =_xlfn.MINIFS('6'!$H$4:$H$70,'6'!$C$4:$C$70,$B49,'6'!$D$4:$D$70,$C49) -> -110.9467
A50: 6 | B50: PI | C50: SX | D50: =_xlfn.MAXIFS('6'!$I$4:$I$70,'6'!$C$4:$C$70,$B50,'6'!$D$4:$D$70,$C50) -> 29.2864 | E50: =_xlfn.MINIFS('6'!$I$4:$I$70,'6'!$C$4:$C$70,$B50,'6'!$D$4:$D$70,$C50) -> 29.2864 | F50: =_xlfn.MAXIFS('6'!$M$4:$M$70,'6'!$C$4:$C$70,$B50,'6'!$D$4:$D$70,$C50) -> 396.7809 | G50: =_xlfn.MINIFS('6'!$M$4:$M$70,'6'!$C$4:$C$70,$B50,'6'!$D$4:$D$70,$C50) -> 349.5824 | H50: =_xlfn.MAXIFS('6'!$H$4:$H$70,'6'!$C$4:$C$70,$B50,'6'!$D$4:$D$70,$C50) -> 228.2617 | I50: =_xlfn.MINIFS('6'!$H$4:$H$70,'6'!$C$4:$C$70,$B50,'6'!$D$4:$D$70,$C50) -> 228.2617
A51: 6 | B51: PI | C51: SY | D51: =_xlfn.MAXIFS('6'!$I$4:$I$70,'6'!$C$4:$C$70,$B51,'6'!$D$4:$D$70,$C51) -> 12.0056 | E51: =_xlfn.MINIFS('6'!$I$4:$I$70,'6'!$C$4:$C$70,$B51,'6'!$D$4:$D$70,$C51) -> 12.0056 | F51: =_xlfn.MAXIFS('6'!$M$4:$M$70,'6'!$C$4:$C$70,$B51,'6'!$D$4:$D$70,$C51) -> 80.8486 | G51: =_xlfn.MINIFS('6'!$M$4:$M$70,'6'!$C$4:$C$70,$B51,'6'!$D$4:$D$70,$C51) -> 51.892 | H51: =_xlfn.MAXIFS('6'!$H$4:$H$70,'6'!$C$4:$C$70,$B51,'6'!$D$4:$D$70,$C51) -> 63.9528 | I51: =_xlfn.MINIFS('6'!$H$4:$H$70,'6'!$C$4:$C$70,$B51,'6'!$D$4:$D$70,$C51) -> 63.9528
A52: 6 | B52: P5 | C52: PP | D52: =_xlfn.MAXIFS('6'!$I$4:$I$70,'6'!$C$4:$C$70,$B52,'6'!$D$4:$D$70,$C52) -> -0.7585 | E52: =_xlfn.MINIFS('6'!$I$4:$I$70,'6'!$C$4:$C$70,$B52,'6'!$D$4:$D$70,$C52) -> -0.7585 | F52: =_xlfn.MAXIFS('6'!$M$4:$M$70,'6'!$C$4:$C$70,$B52,'6'!$D$4:$D$70,$C52) -> 18.6741 | G52: =_xlfn.MINIFS('6'!$M$4:$M$70,'6'!$C$4:$C$70,$B52,'6'!$D$4:$D$70,$C52) -> 16.7018 | H52: =_xlfn.MAXIFS('6'!$H$4:$H$70,'6'!$C$4:$C$70,$B52,'6'!$D$4:$D$70,$C52) -> -745.3562 | I52: =_xlfn.MINIFS('6'!$H$4:$H$70,'6'!$C$4:$C$70,$B52,'6'!$D$4:$D$70,$C52) -> -761.5574
A53: 6 | B53: P5 | C53: SC | D53: =_xlfn.MAXIFS('6'!$I$4:$I$70,'6'!$C$4:$C$70,$B53,'6'!$D$4:$D$70,$C53) -> -8.6068 | E53: =_xlfn.MINIFS('6'!$I$4:$I$70,'6'!$C$4:$C$70,$B53,'6'!$D$4:$D$70,$C53) -> -8.6068 | F53: =_xlfn.MAXIFS('6'!$M$4:$M$70,'6'!$C$4:$C$70,$B53,'6'!$D$4:$D$70,$C53) -> 13.8631 | G53: =_xlfn.MINIFS('6'!$M$4:$M$70,'6'!$C$4:$C$70,$B53,'6'!$D$4:$D$70,$C53) -> -8.5147 | H53: =_xlfn.MAXIFS('6'!$H$4:$H$70,'6'!$C$4:$C$70,$B53,'6'!$D$4:$D$70,$C53) -> -172.8576 | I53: =_xlfn.MINIFS('6'!$H$4:$H$70,'6'!$C$4:$C$70,$B53,'6'!$D$4:$D$70,$C53) -> -172.8576
A54: 6 | B54: P5 | C54: SX | D54: =_xlfn.MAXIFS('6'!$I$4:$I$70,'6'!$C$4:$C$70,$B54,'6'!$D$4:$D$70,$C54) -> 6.5387 | E54: =_xlfn.MINIFS('6'!$I$4:$I$70,'6'!$C$4:$C$70,$B54,'6'!$D$4:$D$70,$C54) -> 6.5387 | F54: =_xlfn.MAXIFS('6'!$M$4:$M$70,'6'!$C$4:$C$70,$B54,'6'!$D$4:$D$70,$C54) -> 163.5287 | G54: =_xlfn.MINIFS('6'!$M$4:$M$70,'6'!$C$4:$C$70,$B54,'6'!$D$4:$D$70,$C54) -> 159.3021 | H54: =_xlfn.MAXIFS('6'!$H$4:$H$70,'6'!$C$4:$C$70,$B54,'6'!$D$4:$D$70,$C54) -> 327.9884 | I54: =_xlfn.MINIFS('6'!$H$4:$H$70,'6'!$C$4:$C$70,$B54,'6'!$D$4:$D$70,$C54) -> 327.9884
A55: 6 | B55: P5 | C55: SY | D55: =_xlfn.MAXIFS('6'!$I$4:$I$70,'6'!$C$4:$C$70,$B55,'6'!$D$4:$D$70,$C55) -> 19.6073 | E55: =_xlfn.MINIFS('6'!$I$4:$I$70,'6'!$C$4:$C$70,$B55,'6'!$D$4:$D$70,$C55) -> 19.6073 | F55: =_xlfn.MAXIFS('6'!$M$4:$M$70,'6'!$C$4:$C$70,$B55,'6'!$D$4:$D$70,$C55) -> 122.806 | G55: =_xlfn.MINIFS('6'!$M$4:$M$70,'6'!$C$4:$C$70,$B55,'6'!$D$4:$D$70,$C55) -> 86.7354 | H55: =_xlfn.MAXIFS('6'!$H$4:$H$70,'6'!$C$4:$C$70,$B55,'6'!$D$4:$D$70,$C55) -> 35.7272 | I55: =_xlfn.MINIFS('6'!$H$4:$H$70,'6'!$C$4:$C$70,$B55,'6'!$D$4:$D$70,$C55) -> 35.7272
A56: 7 | B56: PJ | C56: PP | D56: =_xlfn.MAXIFS('7'!$I$4:$I$70,'7'!$C$4:$C$70,$B56,'7'!$D$4:$D$70,$C56) -> -12.2362 | E56: =_xlfn.MINIFS('7'!$I$4:$I$70,'7'!$C$4:$C$70,$B56,'7'!$D$4:$D$70,$C56) -> -12.2362 | F56: =_xlfn.MAXIFS('7'!$M$4:$M$70,'7'!$C$4:$C$70,$B56,'7'!$D$4:$D$70,$C56) -> 56.3987 | G56: =_xlfn.MINIFS('7'!$M$4:$M$70,'7'!$C$4:$C$70,$B56,'7'!$D$4:$D$70,$C56) -> 24.5845 | H56: =_xlfn.MAXIFS('7'!$H$4:$H$70,'7'!$C$4:$C$70,$B56,'7'!$D$4:$D$70,$C56) -> -471.5239 | I56: =_xlfn.MINIFS('7'!$H$4:$H$70,'7'!$C$4:$C$70,$B56,'7'!$D$4:$D$70,$C56) -> -480.5559
A57: 7 | B57: PJ | C57: SC | D57: =_xlfn.MAXIFS('7'!$I$4:$I$70,'7'!$C$4:$C$70,$B57,'7'!$D$4:$D$70,$C57) -> -3.9707 | E57: =_xlfn.MINIFS('7'!$I$4:$I$70,'7'!$C$4:$C$70,$B57,'7'!$D$4:$D$70,$C57) -> -3.9707 | F57: =_xlfn.MAXIFS('7'!$M$4:$M$70,'7'!$C$4:$C$70,$B57,'7'!$D$4:$D$70,$C57) -> 17.1413 | G57: =_xlfn.MINIFS('7'!$M$4:$M$70,'7'!$C$4:$C$70,$B57,'7'!$D$4:$D$70,$C57) -> 6.8174 | H57: =_xlfn.MAXIFS('7'!$H$4:$H$70,'7'!$C$4:$C$70,$B57,'7'!$D$4:$D$70,$C57) -> -110.5691 | I57: =_xlfn.MINIFS('7'!$H$4:$H$70,'7'!$C$4:$C$70,$B57,'7'!$D$4:$D$70,$C57) -> -110.5691
A58: 7 | B58: PJ | C58: SX | D58: =_xlfn.MAXIFS('7'!$I$4:$I$70,'7'!$C$4:$C$70,$B58,'7'!$D$4:$D$70,$C58) -> 30.9407 | E58: =_xlfn.MINIFS('7'!$I$4:$I$70,'7'!$C$4:$C$70,$B58,'7'!$D$4:$D$70,$C58) -> 30.9407 | F58: =_xlfn.MAXIFS('7'!$M$4:$M$70,'7'!$C$4:$C$70,$B58,'7'!$D$4:$D$70,$C58) -> 466.8184 | G58: =_xlfn.MINIFS('7'!$M$4:$M$70,'7'!$C$4:$C$70,$B58,'7'!$D$4:$D$70,$C58) -> 421.2031 | H58: =_xlfn.MAXIFS('7'!$H$4:$H$70,'7'!$C$4:$C$70,$B58,'7'!$D$4:$D$70,$C58) -> 179.7207 | I58: =_xlfn.MINIFS('7'!$H$4:$H$70,'7'!$C$4:$C$70,$B58,'7'!$D$4:$D$70,$C58) -> 179.7207
A59: 7 | B59: PJ | C59: SY | D59: =_xlfn.MAXIFS('7'!$I$4:$I$70,'7'!$C$4:$C$70,$B59,'7'!$D$4:$D$70,$C59) -> 18.0257 | E59: =_xlfn.MINIFS('7'!$I$4:$I$70,'7'!$C$4:$C$70,$B59,'7'!$D$4:$D$70,$C59) -> 18.0257 | F59: =_xlfn.MAXIFS('7'!$M$4:$M$70,'7'!$C$4:$C$70,$B59,'7'!$D$4:$D$70,$C59) -> 139.3225 | G59: =_xlfn.MINIFS('7'!$M$4:$M$70,'7'!$C$4:$C$70,$B59,'7'!$D$4:$D$70,$C59) -> 92.5953 | H59: =_xlfn.MAXIFS('7'!$H$4:$H$70,'7'!$C$4:$C$70,$B59,'7'!$D$4:$D$70,$C59) -> 51.6858 | I59: =_xlfn.MINIFS('7'!$H$4:$H$70,'7'!$C$4:$C$70,$B59,'7'!$D$4:$D$70,$C59) -> 51.6858
A60: 7 | B60: P8-7 | C60: PP | D60: =_xlfn.MAXIFS('7'!$I$4:$I$70,'7'!$C$4:$C$70,$B60,'7'!$D$4:$D$70,$C60) -> -1.4415 | E60: =_xlfn.MINIFS('7'!$I$4:$I$70,'7'!$C$4:$C$70,$B60,'7'!$D$4:$D$70,$C60) -> -1.4415 | F60: =_xlfn.MAXIFS('7'!$M$4:$M$70,'7'!$C$4:$C$70,$B60,'7'!$D$4:$D$70,$C60) -> -3.1642 | G60: =_xlfn.MINIFS('7'!$M$4:$M$70,'7'!$C$4:$C$70,$B60,'7'!$D$4:$D$70,$C60) -> -6.9121 | H60: =_xlfn.MAXIFS('7'!$H$4:$H$70,'7'!$C$4:$C$70,$B60,'7'!$D$4:$D$70,$C60) -> -259.2312 | I60: =_xlfn.MINIFS('7'!$H$4:$H$70,'7'!$C$4:$C$70,$B60,'7'!$D$4:$D$70,$C60) -> -264.5449
A61: 7 | B61: P8-7 | C61: SC | D61: =_xlfn.MAXIFS('7'!$I$4:$I$70,'7'!$C$4:$C$70,$B61,'7'!$D$4:$D$70,$C61) -> -3.0757 | E61: =_xlfn.MINIFS('7'!$I$4:$I$70,'7'!$C$4:$C$70,$B61,'7'!$D$4:$D$70,$C61) -> -3.0757 | F61: =_xlfn.MAXIFS('7'!$M$4:$M$70,'7'!$C$4:$C$70,$B61,'7'!$D$4:$D$70,$C61) -> 2.018 | G61: =_xlfn.MINIFS('7'!$M$4:$M$70,'7'!$C$4:$C$70,$B61,'7'!$D$4:$D$70,$C61) -> -5.9789 | H61: =_xlfn.MAXIFS('7'!$H$4:$H$70,'7'!$C$4:$C$70,$B61,'7'!$D$4:$D$70,$C61) -> -60.2466 | I61: =_xlfn.MINIFS('7'!$H$4:$H$70,'7'!$C$4:$C$70,$B61,'7'!$D$4:$D$70,$C61) -> -60.2466
A62: 7 | B62: P8-7 | C62: SX | D62: =_xlfn.MAXIFS('7'!$I$4:$I$70,'7'!$C$4:$C$70,$B62,'7'!$D$4:$D$70,$C62) -> 1.7436 | E62: =_xlfn.MINIFS('7'!$I$4:$I$70,'7'!$C$4:$C$70,$B62,'7'!$D$4:$D$70,$C62) -> 1.7436 | F62: =_xlfn.MAXIFS('7'!$M$4:$M$70,'7'!$C$4:$C$70,$B62,'7'!$D$4:$D$70,$C62) -> 14.658 | G62: =_xlfn.MINIFS('7'!$M$4:$M$70,'7'!$C$4:$C$70,$B62,'7'!$D$4:$D$70,$C62) -> 11.833 | H62: =_xlfn.MAXIFS('7'!$H$4:$H$70,'7'!$C$4:$C$70,$B62,'7'!$D$4:$D$70,$C62) -> 147.5245 | I62: =_xlfn.MINIFS('7'!$H$4:$H$70,'7'!$C$4:$C$70,$B62,'7'!$D$4:$D$70,$C62) -> 147.5245
A63: 7 | B63: P8-7 | C63: SY | D63: =_xlfn.MAXIFS('7'!$I$4:$I$70,'7'!$C$4:$C$70,$B63,'7'!$D$4:$D$70,$C63) -> 7.001 | E63: =_xlfn.MINIFS('7'!$I$4:$I$70,'7'!$C$4:$C$70,$B63,'7'!$D$4:$D$70,$C63) -> 7.001 | F63: =_xlfn.MAXIFS('7'!$M$4:$M$70,'7'!$C$4:$C$70,$B63,'7'!$D$4:$D$70,$C63) -> 65.2131 | G63: =_xlfn.MINIFS('7'!$M$4:$M$70,'7'!$C$4:$C$70,$B63,'7'!$D$4:$D$70,$C63) -> 48.1195 | H63: =_xlfn.MAXIFS('7'!$H$4:$H$70,'7'!$C$4:$C$70,$B63,'7'!$D$4:$D$70,$C63) -> 46.8816 | I63: =_xlfn.MINIFS('7'!$H$4:$H$70,'7'!$C$4:$C$70,$B63,'7'!$D$4:$D$70,$C63) -> 46.8816
A64: 8 | B64: PH | C64: PP | D64: =_xlfn.MAXIFS('8'!$I$4:$I$138,'8'!$C$4:$C$138,$B64,'8'!$D$4:$D$138,$C64) -> 9.0583 | E64: =_xlfn.MINIFS('8'!$I$4:$I$138,'8'!$C$4:$C$138,$B64,'8'!$D$4:$D$138,$C64) -> 9.0583 | F64: =_xlfn.MAXIFS('8'!$M$4:$M$138,'8'!$C$4:$C$138,$B64,'8'!$D$4:$D$138,$C64) -> -44.1989 | G64: =_xlfn.MINIFS('8'!$M$4:$M$138,'8'!$C$4:$C$138,$B64,'8'!$D$4:$D$138,$C64) -> -67.7505 | H64: =_xlfn.MAXIFS('8'!$H$4:$H$138,'8'!$C$4:$C$138,$B64,'8'!$D$4:$D$138,$C64) -> -224.7137 | I64: =_xlfn.MINIFS('8'!$H$4:$H$138,'8'!$C$4:$C$138,$B64,'8'!$D$4:$D$138,$C64) -> -233.4036
A65: 8 | B65: PH | C65: SC | D65: =_xlfn.MAXIFS('8'!$I$4:$I$138,'8'!$C$4:$C$138,$B65,'8'!$D$4:$D$138,$C65) -> 1.3734 | E65: =_xlfn.MINIFS('8'!$I$4:$I$138,'8'!$C$4:$C$138,$B65,'8'!$D$4:$D$138,$C65) -> 1.3734 | F65: =_xlfn.MAXIFS('8'!$M$4:$M$138,'8'!$C$4:$C$138,$B65,'8'!$D$4:$D$138,$C65) -> -6.6043 | G65: =_xlfn.MINIFS('8'!$M$4:$M$138,'8'!$C$4:$C$138,$B65,'8'!$D$4:$D$138,$C65) -> -10.1751 | H65: =_xlfn.MAXIFS('8'!$H$4:$H$138,'8'!$C$4:$C$138,$B65,'8'!$D$4:$D$138,$C65) -> -54.0355 | I65: =_xlfn.MINIFS('8'!$H$4:$H$138,'8'!$C$4:$C$138,$B65,'8'!$D$4:$D$138,$C65) -> -54.0355
A66: 8 | B66: PH | C66: SX | D66: =_xlfn.MAXIFS('8'!$I$4:$I$138,'8'!$C$4:$C$138,$B66,'8'!$D$4:$D$138,$C66) -> 13.4212 | E66: =_xlfn.MINIFS('8'!$I$4:$I$138,'8'!$C$4:$C$138,$B66,'8'!$D$4:$D$138,$C66) -> 13.4212 | F66: =_xlfn.MAXIFS('8'!$M$4:$M$138,'8'!$C$4:$C$138,$B66,'8'!$D$4:$D$138,$C66) -> 333.3879 | G66: =_xlfn.MINIFS('8'!$M$4:$M$138,'8'!$C$4:$C$138,$B66,'8'!$D$4:$D$138,$C66) -> 322.4458 | H66: =_xlfn.MAXIFS('8'!$H$4:$H$138,'8'!$C$4:$C$138,$B66,'8'!$D$4:$D$138,$C66) -> 47.942 | I66: =_xlfn.MINIFS('8'!$H$4:$H$138,'8'!$C$4:$C$138,$B66,'8'!$D$4:$D$138,$C66) -> 47.942
A67: 8 | B67: PH | C67: SY | D67: =_xlfn.MAXIFS('8'!$I$4:$I$138,'8'!$C$4:$C$138,$B67,'8'!$D$4:$D$138,$C67) -> 6.6257 | E67: =_xlfn.MINIFS('8'!$I$4:$I$138,'8'!$C$4:$C$138,$B67,'8'!$D$4:$D$138,$C67) -> 6.6257 | F67: =_xlfn.MAXIFS('8'!$M$4:$M$138,'8'!$C$4:$C$138,$B67,'8'!$D$4:$D$138,$C67) -> 66.9217 | G67: =_xlfn.MINIFS('8'!$M$4:$M$138,'8'!$C$4:$C$138,$B67,'8'!$D$4:$D$138,$C67) -> 50.1228 | H67: =_xlfn.MAXIFS('8'!$H$4:$H$138,'8'!$C$4:$C$138,$B67,'8'!$D$4:$D$138,$C67) -> 154.7975 | I67: =_xlfn.MINIFS('8'!$H$4:$H$138,'8'!$C$4:$C$138,$B67,'8'!$D$4:$D$138,$C67) -> 154.7975
A68: 8 | B68: PE | C68: PP | D68: =_xlfn.MAXIFS('8'!$I$4:$I$138,'8'!$C$4:$C$138,$B68,'8'!$D$4:$D$138,$C68) -> -0.6705 | E68: =_xlfn.MINIFS('8'!$I$4:$I$138,'8'!$C$4:$C$138,$B68,'8'!$D$4:$D$138,$C68) -> -0.6705 | F68: =_xlfn.MAXIFS('8'!$M$4:$M$138,'8'!$C$4:$C$138,$B68,'8'!$D$4:$D$138,$C68) -> -16.274 | G68: =_xlfn.MINIFS('8'!$M$4:$M$138,'8'!$C$4:$C$138,$B68,'8'!$D$4:$D$138,$C68) -> -18.0173 | H68: =_xlfn.MAXIFS('8'!$H$4:$H$138,'8'!$C$4:$C$138,$B68,'8'!$D$4:$D$138,$C68) -> -379.609 | I68: =_xlfn.MINIFS('8'!$H$4:$H$138,'8'!$C$4:$C$138,$B68,'8'!$D$4:$D$138,$C68) -> -388.2984
A69: 8 | B69: PE | C69: SC | D69: =_xlfn.MAXIFS('8'!$I$4:$I$138,'8'!$C$4:$C$138,$B69,'8'!$D$4:$D$138,$C69) -> 0.9424 | E69: =_xlfn.MINIFS('8'!$I$4:$I$138,'8'!$C$4:$C$138,$B69,'8'!$D$4:$D$138,$C69) -> 0.9424 | F69: =_xlfn.MAXIFS('8'!$M$4:$M$138,'8'!$C$4:$C$138,$B69,'8'!$D$4:$D$138,$C69) -> -2.7081 | G69: =_xlfn.MINIFS('8'!$M$4:$M$138,'8'!$C$4:$C$138,$B69,'8'!$D$4:$D$138,$C69) -> -5.1584 | H69: =_xlfn.MAXIFS('8'!$H$4:$H$138,'8'!$C$4:$C$138,$B69,'8'!$D$4:$D$138,$C69) -> -84.7304 | I69: =_xlfn.MINIFS('8'!$H$4:$H$138,'8'!$C$4:$C$138,$B69,'8'!$D$4:$D$138,$C69) -> -84.7304
A70: 8 | B70: PE | C70: SX | D70: =_xlfn.MAXIFS('8'!$I$4:$I$138,'8'!$C$4:$C$138,$B70,'8'!$D$4:$D$138,$C70) -> 26.0298 | E70: =_xlfn.MINIFS('8'!$I$4:$I$138,'8'!$C$4:$C$138,$B70,'8'!$D$4:$D$138,$C70) -> 26.0298 | F70: =_xlfn.MAXIFS('8'!$M$4:$M$138,'8'!$C$4:$C$138,$B70,'8'!$D$4:$D$138,$C70) -> 446.9651 | G70: =_xlfn.MINIFS('8'!$M$4:$M$138,'8'!$C$4:$C$138,$B70,'8'!$D$4:$D$138,$C70) -> 399.5884 | H70: =_xlfn.MAXIFS('8'!$H$4:$H$138,'8'!$C$4:$C$138,$B70,'8'!$D$4:$D$138,$C70) -> 80.7488 | I70: =_xlfn.MINIFS('8'!$H$4:$H$138,'8'!$C$4:$C$138,$B70,'8'!$D$4:$D$138,$C70) -> 80.7488
A71: 8 | B71: PE | C71: SY | D71: =_xlfn.MAXIFS('8'!$I$4:$I$138,'8'!$C$4:$C$138,$B71,'8'!$D$4:$D$138,$C71) -> 17.0077 | E71: =_xlfn.MINIFS('8'!$I$4:$I$138,'8'!$C$4:$C$138,$B71,'8'!$D$4:$D$138,$C71) -> 17.0077 | F71: =_xlfn.MAXIFS('8'!$M$4:$M$138,'8'!$C$4:$C$138,$B71,'8'!$D$4:$D$138,$C71) -> 67.1933 | G71: =_xlfn.MINIFS('8'!$M$4:$M$138,'8'!$C$4:$C$138,$B71,'8'!$D$4:$D$138,$C71) -> 23.9298 | H71: =_xlfn.MAXIFS('8'!$H$4:$H$138,'8'!$C$4:$C$138,$B71,'8'!$D$4:$D$138,$C71) -> 99.3837 | I71: =_xlfn.MINIFS('8'!$H$4:$H$138,'8'!$C$4:$C$138,$B71,'8'!$D$4:$D$138,$C71) -> 99.3837
A72: 8 | B72: P9 | C72: PP | D72: =_xlfn.MAXIFS('8'!$I$4:$I$138,'8'!$C$4:$C$138,$B72,'8'!$D$4:$D$138,$C72) -> 7.2934 | E72: =_xlfn.MINIFS('8'!$I$4:$I$138,'8'!$C$4:$C$138,$B72,'8'!$D$4:$D$138,$C72) -> 7.2934 | F72: =_xlfn.MAXIFS('8'!$M$4:$M$138,'8'!$C$4:$C$138,$B72,'8'!$D$4:$D$138,$C72) -> -14.6558 | G72: =_xlfn.MINIFS('8'!$M$4:$M$138,'8'!$C$4:$C$138,$B72,'8'!$D$4:$D$138,$C72) -> -33.6187 | H72: =_xlfn.MAXIFS('8'!$H$4:$H$138,'8'!$C$4:$C$138,$B72,'8'!$D$4:$D$138,$C72) -> -206.28 | I72: =_xlfn.MINIFS('8'!$H$4:$H$138,'8'!$C$4:$C$138,$B72,'8'!$D$4:$D$138,$C72) -> -212.2925
A73: 8 | B73: P9 | C73: SC | D73: =_xlfn.MAXIFS('8'!$I$4:$I$138,'8'!$C$4:$C$138,$B73,'8'!$D$4:$D$138,$C73) -> -1.3471 | E73: =_xlfn.MINIFS('8'!$I$4:$I$138,'8'!$C$4:$C$138,$B73,'8'!$D$4:$D$138,$C73) -> -1.3471 | F73: =_xlfn.MAXIFS('8'!$M$4:$M$138,'8'!$C$4:$C$138,$B73,'8'!$D$4:$D$138,$C73) -> -3.7997 | G73: =_xlfn.MINIFS('8'!$M$4:$M$138,'8'!$C$4:$C$138,$B73,'8'!$D$4:$D$138,$C73) -> -7.3022 | H73: =_xlfn.MAXIFS('8'!$H$4:$H$138,'8'!$C$4:$C$138,$B73,'8'!$D$4:$D$138,$C73) -> -46.3759 | I73: =_xlfn.MINIFS('8'!$H$4:$H$138,'8'!$C$4:$C$138,$B73,'8'!$D$4:$D$138,$C73) -> -46.3759
A74: 8 | B74: P9 | C74: SX | D74: =_xlfn.MAXIFS('8'!$I$4:$I$138,'8'!$C$4:$C$138,$B74,'8'!$D$4:$D$138,$C74) -> 7.1408 | E74: =_xlfn.MINIFS('8'!$I$4:$I$138,'8'!$C$4:$C$138,$B74,'8'!$D$4:$D$138,$C74) -> 7.1408 | F74: =_xlfn.MAXIFS('8'!$M$4:$M$138,'8'!$C$4:$C$138,$B74,'8'!$D$4:$D$138,$C74) -> 22.6062 | G74: =_xlfn.MINIFS('8'!$M$4:$M$138,'8'!$C$4:$C$138,$B74,'8'!$D$4:$D$138,$C74) -> 6.0701 | H74: =_xlfn.MAXIFS('8'!$H$4:$H$138,'8'!$C$4:$C$138,$B74,'8'!$D$4:$D$138,$C74) -> 36.3644 | I74: =_xlfn.MINIFS('8'!$H$4:$H$138,'8'!$C$4:$C$138,$B74,'8'!$D$4:$D$138,$C74) -> 36.3644
A75: 8 | B75: P9 | C75: SY | D75: =_xlfn.MAXIFS('8'!$I$4:$I$138,'8'!$C$4:$C$138,$B75,'8'!$D$4:$D$138,$C75) -> 6.4184 | E75: =_xlfn.MINIFS('8'!$I$4:$I$138,'8'!$C$4:$C$138,$B75,'8'!$D$4:$D$138,$C75) -> 6.4184 | F75: =_xlfn.MAXIFS('8'!$M$4:$M$138,'8'!$C$4:$C$138,$B75,'8'!$D$4:$D$138,$C75) -> 69.2698 | G75: =_xlfn.MINIFS('8'!$M$4:$M$138,'8'!$C$4:$C$138,$B75,'8'!$D$4:$D$138,$C75) -> 64.8525 | H75: =_xlfn.MAXIFS('8'!$H$4:$H$138,'8'!$C$4:$C$138,$B75,'8'!$D$4:$D$138,$C75) -> 12.8191 | I75: =_xlfn.MINIFS('8'!$H$4:$H$138,'8'!$C$4:$C$138,$B75,'8'!$D$4:$D$138,$C75) -> 12.8191
... A79: 8 | B79: P11 | C79: SY | D79: =_xlfn.MAXIFS('8'!$I$4:$I$138,'8'!$C$4:$C$138,$B79,'8'!$D$4:$D$138,$C79) -> 27.8599 | E79: =_xlfn.MINIFS('8'!$I$4:$I$138,'8'!$C$4:$C$138,$B79,'8'!$D$4:$D$138,$C79) -> 27.8599 | F79: =_xlfn.MAXIFS('8'!$M$4:$M$138,'8'!$C$4:$C$138,$B79,'8'!$D$4:$D$138,$C79) -> 44.6753 | G79: =_xlfn.MINIFS('8'!$M$4:$M$138,'8'!$C$4:$C$138,$B79,'8'!$D$4:$D$138,$C79) -> 29.7128 | H79: =_xlfn.MAXIFS('8'!$H$4:$H$138,'8'!$C$4:$C$138,$B79,'8'!$D$4:$D$138,$C79) -> 18.4032 | I79: =_xlfn.MINIFS('8'!$H$4:$H$138,'8'!$C$4:$C$138,$B79,'8'!$D$4:$D$138,$C79) -> 18.4032
A80: 9 | B80: PG | C80: PP | D80: =_xlfn.MAXIFS('9'!$I$4:$I$70,'9'!$C$4:$C$70,$B80,'9'!$D$4:$D$70,$C80) -> 11.6826 | E80: =_xlfn.MINIFS('9'!$I$4:$I$70,'9'!$C$4:$C$70,$B80,'9'!$D$4:$D$70,$C80) -> 11.6826 | F80: =_xlfn.MAXIFS('9'!$M$4:$M$70,'9'!$C$4:$C$70,$B80,'9'!$D$4:$D$70,$C80) -> -40.8195 | G80: =_xlfn.MINIFS('9'!$M$4:$M$70,'9'!$C$4:$C$70,$B80,'9'!$D$4:$D$70,$C80) -> -71.1943 | H80: =_xlfn.MAXIFS('9'!$H$4:$H$70,'9'!$C$4:$C$70,$B80,'9'!$D$4:$D$70,$C80) -> -455.2161 | I80: =_xlfn.MINIFS('9'!$H$4:$H$70,'9'!$C$4:$C$70,$B80,'9'!$D$4:$D$70,$C80) -> -463.6661
A81: 9 | B81: PG | C81: SC | D81: =_xlfn.MAXIFS('9'!$I$4:$I$70,'9'!$C$4:$C$70,$B81,'9'!$D$4:$D$70,$C81) -> 6.7498 | E81: =_xlfn.MINIFS('9'!$I$4:$I$70,'9'!$C$4:$C$70,$B81,'9'!$D$4:$D$70,$C81) -> 6.7498 | F81: =_xlfn.MAXIFS('9'!$M$4:$M$70,'9'!$C$4:$C$70,$B81,'9'!$D$4:$D$70,$C81) -> -14.5589 | G81: =_xlfn.MINIFS('9'!$M$4:$M$70,'9'!$C$4:$C$70,$B81,'9'!$D$4:$D$70,$C81) -> -32.1083 | H81: =_xlfn.MAXIFS('9'!$H$4:$H$70,'9'!$C$4:$C$70,$B81,'9'!$D$4:$D$70,$C81) -> -119.3737 | I81: =_xlfn.MINIFS('9'!$H$4:$H$70,'9'!$C$4:$C$70,$B81,'9'!$D$4:$D$70,$C81) -> -119.3737
A82: 9 | B82: PG | C82: SX | D82: =_xlfn.MAXIFS('9'!$I$4:$I$70,'9'!$C$4:$C$70,$B82,'9'!$D$4:$D$70,$C82) -> 14.5946 | E82: =_xlfn.MINIFS('9'!$I$4:$I$70,'9'!$C$4:$C$70,$B82,'9'!$D$4:$D$70,$C82) -> 14.5946 | F82: =_xlfn.MAXIFS('9'!$M$4:$M$70,'9'!$C$4:$C$70,$B82,'9'!$D$4:$D$70,$C82) -> 348.8312 | G82: =_xlfn.MINIFS('9'!$M$4:$M$70,'9'!$C$4:$C$70,$B82,'9'!$D$4:$D$70,$C82) -> 338.6107 | H82: =_xlfn.MAXIFS('9'!$H$4:$H$70,'9'!$C$4:$C$70,$B82,'9'!$D$4:$D$70,$C82) -> 274.9476 | I82: =_xlfn.MINIFS('9'!$H$4:$H$70,'9'!$C$4:$C$70,$B82,'9'!$D$4:$D$70,$C82) -> 274.9476
A83: 9 | B83: PG | C83: SY | D83: =_xlfn.MAXIFS('9'!$I$4:$I$70,'9'!$C$4:$C$70,$B83,'9'!$D$4:$D$70,$C83) -> 3.0297 | E83: =_xlfn.MINIFS('9'!$I$4:$I$70,'9'!$C$4:$C$70,$B83,'9'!$D$4:$D$70,$C83) -> 3.0297 | F83: =_xlfn.MAXIFS('9'!$M$4:$M$70,'9'!$C$4:$C$70,$B83,'9'!$D$4:$D$70,$C83) -> 20.2189 | G83: =_xlfn.MINIFS('9'!$M$4:$M$70,'9'!$C$4:$C$70,$B83,'9'!$D$4:$D$70,$C83) -> 13.9335 | H83: =_xlfn.MAXIFS('9'!$H$4:$H$70,'9'!$C$4:$C$70,$B83,'9'!$D$4:$D$70,$C83) -> 12.9598 | I83: =_xlfn.MINIFS('9'!$H$4:$H$70,'9'!$C$4:$C$70,$B83,'9'!$D$4:$D$70,$C83) -> 12.9598
A84: 9 | B84: P5G | C84: PP | D84: =_xlfn.MAXIFS('9'!$I$4:$I$70,'9'!$C$4:$C$70,$B84,'9'!$D$4:$D$70,$C84) -> -0.0608 | E84: =_xlfn.MINIFS('9'!$I$4:$I$70,'9'!$C$4:$C$70,$B84,'9'!$D$4:$D$70,$C84) -> -0.0608 | F84: =_xlfn.MAXIFS('9'!$M$4:$M$70,'9'!$C$4:$C$70,$B84,'9'!$D$4:$D$70,$C84) -> -31.6075 | G84: =_xlfn.MINIFS('9'!$M$4:$M$70,'9'!$C$4:$C$70,$B84,'9'!$D$4:$D$70,$C84) -> -31.7656 | H84: =_xlfn.MAXIFS('9'!$H$4:$H$70,'9'!$C$4:$C$70,$B84,'9'!$D$4:$D$70,$C84) -> -402.3741 | I84: =_xlfn.MINIFS('9'!$H$4:$H$70,'9'!$C$4:$C$70,$B84,'9'!$D$4:$D$70,$C84) -> -411.2141
A85: 9 | B85: P5G | C85: SC | D85: =_xlfn.MAXIFS('9'!$I$4:$I$70,'9'!$C$4:$C$70,$B85,'9'!$D$4:$D$70,$C85) -> -4.8977 | E85: =_xlfn.MINIFS('9'!$I$4:$I$70,'9'!$C$4:$C$70,$B85,'9'!$D$4:$D$70,$C85) -> -4.8977 | F85: =_xlfn.MAXIFS('9'!$M$4:$M$70,'9'!$C$4:$C$70,$B85,'9'!$D$4:$D$70,$C85) -> -2.4241 | G85: =_xlfn.MINIFS('9'!$M$4:$M$70,'9'!$C$4:$C$70,$B85,'9'!$D$4:$D$70,$C85) -> -15.1581 | H85: =_xlfn.MAXIFS('9'!$H$4:$H$70,'9'!$C$4:$C$70,$B85,'9'!$D$4:$D$70,$C85) -> -96.2955 | I85: =_xlfn.MINIFS('9'!$H$4:$H$70,'9'!$C$4:$C$70,$B85,'9'!$D$4:$D$70,$C85) -> -96.2955
A86: 9 | B86: P5G | C86: SX | D86: =_xlfn.MAXIFS('9'!$I$4:$I$70,'9'!$C$4:$C$70,$B86,'9'!$D$4:$D$70,$C86) -> 4.8775 | E86: =_xlfn.MINIFS('9'!$I$4:$I$70,'9'!$C$4:$C$70,$B86,'9'!$D$4:$D$70,$C86) -> 4.8775 | F86: =_xlfn.MAXIFS('9'!$M$4:$M$70,'9'!$C$4:$C$70,$B86,'9'!$D$4:$D$70,$C86) -> 42.1696 | G86: =_xlfn.MINIFS('9'!$M$4:$M$70,'9'!$C$4:$C$70,$B86,'9'!$D$4:$D$70,$C86) -> 38.2025 | H86: =_xlfn.MAXIFS('9'!$H$4:$H$70,'9'!$C$4:$C$70,$B86,'9'!$D$4:$D$70,$C86) -> 126.7467 | I86: =_xlfn.MINIFS('9'!$H$4:$H$70,'9'!$C$4:$C$70,$B86,'9'!$D$4:$D$70,$C86) -> 126.7467
A87: 9 | B87: P5G | C87: SY | D87: =_xlfn.MAXIFS('9'!$I$4:$I$70,'9'!$C$4:$C$70,$B87,'9'!$D$4:$D$70,$C87) -> 10.631 | E87: =_xlfn.MINIFS('9'!$I$4:$I$70,'9'!$C$4:$C$70,$B87,'9'!$D$4:$D$70,$C87) -> 10.631 | F87: =_xlfn.MAXIFS('9'!$M$4:$M$70,'9'!$C$4:$C$70,$B87,'9'!$D$4:$D$70,$C87) -> 265.1639 | G87: =_xlfn.MINIFS('9'!$M$4:$M$70,'9'!$C$4:$C$70,$B87,'9'!$D$4:$D$70,$C87) -> 241.4052 | H87: =_xlfn.MAXIFS('9'!$H$4:$H$70,'9'!$C$4:$C$70,$B87,'9'!$D$4:$D$70,$C87) -> 13.681 | I87: =_xlfn.MINIFS('9'!$H$4:$H$70,'9'!$C$4:$C$70,$B87,'9'!$D$4:$D$70,$C87) -> 13.681
A88: Col | B88: C1 | C88: PP | D88: =_xlfn.MAXIFS(Col!$J$4:$J$462,Col!$C$4:$C$462,$B88,Col!$E$4:$E$462,$C88) -> 0.2201 | E88: =_xlfn.MINIFS(Col!$J$4:$J$462,Col!$C$4:$C$462,$B88,Col!$E$4:$E$462,$C88) -> 0.2201 | F88: =_xlfn.MAXIFS(Col!$N$4:$N$462,Col!$C$4:$C$462,$B88,Col!$E$4:$E$462,$C88) -> 0.1512 | G88: =_xlfn.MINIFS(Col!$N$4:$N$462,Col!$C$4:$C$462,$B88,Col!$E$4:$E$462,$C88) -> -0.421 | H88: =_xlfn.MAXIFS(Col!$I$4:$I$462,Col!$C$4:$C$462,$B88,Col!$E$4:$E$462,$C88) -> -20.0289 | I88: =_xlfn.MINIFS(Col!$I$4:$I$462,Col!$C$4:$C$462,$B88,Col!$E$4:$E$462,$C88) -> -21.0039
A89: Col | B89: C1 | C89: SC | D89: =_xlfn.MAXIFS(Col!$J$4:$J$462,Col!$C$4:$C$462,$B89,Col!$E$4:$E$462,$C89) -> 0.2006 | E89: =_xlfn.MINIFS(Col!$J$4:$J$462,Col!$C$4:$C$462,$B89,Col!$E$4:$E$462,$C89) -> 0.2006 | F89: =_xlfn.MAXIFS(Col!$N$4:$N$462,Col!$C$4:$C$462,$B89,Col!$E$4:$E$462,$C89) -> 0.1354 | G89: =_xlfn.MINIFS(Col!$N$4:$N$462,Col!$C$4:$C$462,$B89,Col!$E$4:$E$462,$C89) -> -0.3862 | H89: =_xlfn.MAXIFS(Col!$I$4:$I$462,Col!$C$4:$C$462,$B89,Col!$E$4:$E$462,$C89) -> -17.1816 | I89: =_xlfn.MINIFS(Col!$I$4:$I$462,Col!$C$4:$C$462,$B89,Col!$E$4:$E$462,$C89) -> -17.1816
A90: Col | B90: C1 | C90: SX | D90: =_xlfn.MAXIFS(Col!$J$4:$J$462,Col!$C$4:$C$462,$B90,Col!$E$4:$E$462,$C90) -> 0.2966 | E90: =_xlfn.MINIFS(Col!$J$4:$J$462,Col!$C$4:$C$462,$B90,Col!$E$4:$E$462,$C90) -> 0.2966 | F90: =_xlfn.MAXIFS(Col!$N$4:$N$462,Col!$C$4:$C$462,$B90,Col!$E$4:$E$462,$C90) -> 0.4393 | G90: =_xlfn.MINIFS(Col!$N$4:$N$462,Col!$C$4:$C$462,$B90,Col!$E$4:$E$462,$C90) -> 0.0544 | H90: =_xlfn.MAXIFS(Col!$I$4:$I$462,Col!$C$4:$C$462,$B90,Col!$E$4:$E$462,$C90) -> 0.0693 | I90: =_xlfn.MINIFS(Col!$I$4:$I$462,Col!$C$4:$C$462,$B90,Col!$E$4:$E$462,$C90) -> 0.0693
A91: Col | B91: C1 | C91: SY | D91: =_xlfn.MAXIFS(Col!$J$4:$J$462,Col!$C$4:$C$462,$B91,Col!$E$4:$E$462,$C91) -> 0.0759 | E91: =_xlfn.MINIFS(Col!$J$4:$J$462,Col!$C$4:$C$462,$B91,Col!$E$4:$E$462,$C91) -> 0.0759 | F91: =_xlfn.MAXIFS(Col!$N$4:$N$462,Col!$C$4:$C$462,$B91,Col!$E$4:$E$462,$C91) -> 0.1214 | G91: =_xlfn.MINIFS(Col!$N$4:$N$462,Col!$C$4:$C$462,$B91,Col!$E$4:$E$462,$C91) -> 0.0374 | H91: =_xlfn.MAXIFS(Col!$I$4:$I$462,Col!$C$4:$C$462,$B91,Col!$E$4:$E$462,$C91) -> 0.1076 | I91: =_xlfn.MINIFS(Col!$I$4:$I$462,Col!$C$4:$C$462,$B91,Col!$E$4:$E$462,$C91) -> 0.1076
A92: Col | B92: C2 | C92: PP | D92: =_xlfn.MAXIFS(Col!$J$4:$J$462,Col!$C$4:$C$462,$B92,Col!$E$4:$E$462,$C92) -> 0.6881 | E92: =_xlfn.MINIFS(Col!$J$4:$J$462,Col!$C$4:$C$462,$B92,Col!$E$4:$E$462,$C92) -> 0.6881 | F92: =_xlfn.MAXIFS(Col!$N$4:$N$462,Col!$C$4:$C$462,$B92,Col!$E$4:$E$462,$C92) -> 0.5385 | G92: =_xlfn.MINIFS(Col!$N$4:$N$462,Col!$C$4:$C$462,$B92,Col!$E$4:$E$462,$C92) -> -1.2506 | H92: =_xlfn.MAXIFS(Col!$I$4:$I$462,Col!$C$4:$C$462,$B92,Col!$E$4:$E$462,$C92) -> -19.4705 | I92: =_xlfn.MINIFS(Col!$I$4:$I$462,Col!$C$4:$C$462,$B92,Col!$E$4:$E$462,$C92) -> -20.4455
A93: Col | B93: C2 | C93: SC | D93: =_xlfn.MAXIFS(Col!$J$4:$J$462,Col!$C$4:$C$462,$B93,Col!$E$4:$E$462,$C93) -> 0.6427 | E93: =_xlfn.MINIFS(Col!$J$4:$J$462,Col!$C$4:$C$462,$B93,Col!$E$4:$E$462,$C93) -> 0.6427 | F93: =_xlfn.MAXIFS(Col!$N$4:$N$462,Col!$C$4:$C$462,$B93,Col!$E$4:$E$462,$C93) -> 0.5037 | G93: =_xlfn.MINIFS(Col!$N$4:$N$462,Col!$C$4:$C$462,$B93,Col!$E$4:$E$462,$C93) -> -1.1673 | H93: =_xlfn.MAXIFS(Col!$I$4:$I$462,Col!$C$4:$C$462,$B93,Col!$E$4:$E$462,$C93) -> -16.7007 | I93: =_xlfn.MINIFS(Col!$I$4:$I$462,Col!$C$4:$C$462,$B93,Col!$E$4:$E$462,$C93) -> -16.7007
A94: Col | B94: C2 | C94: SX | D94: =_xlfn.MAXIFS(Col!$J$4:$J$462,Col!$C$4:$C$462,$B94,Col!$E$4:$E$462,$C94) -> 0.3364 | E94: =_xlfn.MINIFS(Col!$J$4:$J$462,Col!$C$4:$C$462,$B94,Col!$E$4:$E$462,$C94) -> 0.3364 | F94: =_xlfn.MAXIFS(Col!$N$4:$N$462,Col!$C$4:$C$462,$B94,Col!$E$4:$E$462,$C94) -> 0.4986 | G94: =_xlfn.MINIFS(Col!$N$4:$N$462,Col!$C$4:$C$462,$B94,Col!$E$4:$E$462,$C94) -> 0.063 | H94: =_xlfn.MAXIFS(Col!$I$4:$I$462,Col!$C$4:$C$462,$B94,Col!$E$4:$E$462,$C94) -> 0.1062 | I94: =_xlfn.MINIFS(Col!$I$4:$I$462,Col!$C$4:$C$462,$B94,Col!$E$4:$E$462,$C94) -> 0.1062
A95: Col | B95: C2 | C95: SY | D95: =_xlfn.MAXIFS(Col!$J$4:$J$462,Col!$C$4:$C$462,$B95,Col!$E$4:$E$462,$C95) -> 0.113 | E95: =_xlfn.MINIFS(Col!$J$4:$J$462,Col!$C$4:$C$462,$B95,Col!$E$4:$E$462,$C95) -> 0.113 | F95: =_xlfn.MAXIFS(Col!$N$4:$N$462,Col!$C$4:$C$462,$B95,Col!$E$4:$E$462,$C95) -> 0.188 | G95: =_xlfn.MINIFS(Col!$N$4:$N$462,Col!$C$4:$C$462,$B95,Col!$E$4:$E$462,$C95) -> 0.053 | H95: =_xlfn.MAXIFS(Col!$I$4:$I$462,Col!$C$4:$C$462,$B95,Col!$E$4:$E$462,$C95) -> 0.2227 | I95: =_xlfn.MINIFS(Col!$I$4:$I$462,Col!$C$4:$C$462,$B95,Col!$E$4:$E$462,$C95) -> 0.2227
A96: Col | B96: C3 | C96: PP | D96: =_xlfn.MAXIFS(Col!$J$4:$J$462,Col!$C$4:$C$462,$B96,Col!$E$4:$E$462,$C96) -> 1.0402 | E96: =_xlfn.MINIFS(Col!$J$4:$J$462,Col!$C$4:$C$462,$B96,Col!$E$4:$E$462,$C96) -> 1.0402 | F96: =_xlfn.MAXIFS(Col!$N$4:$N$462,Col!$C$4:$C$462,$B96,Col!$E$4:$E$462,$C96) -> 0.8303 | G96: =_xlfn.MINIFS(Col!$N$4:$N$462,Col!$C$4:$C$462,$B96,Col!$E$4:$E$462,$C96) -> -1.8743 | H96: =_xlfn.MAXIFS(Col!$I$4:$I$462,Col!$C$4:$C$462,$B96,Col!$E$4:$E$462,$C96) -> -19.3311 | I96: =_xlfn.MINIFS(Col!$I$4:$I$462,Col!$C$4:$C$462,$B96,Col!$E$4:$E$462,$C96) -> -20.3061
A97: Col | B97: C3 | C97: SC | D97: =_xlfn.MAXIFS(Col!$J$4:$J$462,Col!$C$4:$C$462,$B97,Col!$E$4:$E$462,$C97) -> 0.9545 | E97: =_xlfn.MINIFS(Col!$J$4:$J$462,Col!$C$4:$C$462,$B97,Col!$E$4:$E$462,$C97) -> 0.9545 | F97: =_xlfn.MAXIFS(Col!$N$4:$N$462,Col!$C$4:$C$462,$B97,Col!$E$4:$E$462,$C97) -> 0.7644 | G97: =_xlfn.MINIFS(Col!$N$4:$N$462,Col!$C$4:$C$462,$B97,Col!$E$4:$E$462,$C97) -> -1.7172 | H97: =_xlfn.MAXIFS(Col!$I$4:$I$462,Col!$C$4:$C$462,$B97,Col!$E$4:$E$462,$C97) -> -16.4557 | I97: =_xlfn.MINIFS(Col!$I$4:$I$462,Col!$C$4:$C$462,$B97,Col!$E$4:$E$462,$C97) -> -16.4557
A98: Col | B98: C3 | C98: SX | D98: =_xlfn.MAXIFS(Col!$J$4:$J$462,Col!$C$4:$C$462,$B98,Col!$E$4:$E$462,$C98) -> 0.3516 | E98: =_xlfn.MINIFS(Col!$J$4:$J$462,Col!$C$4:$C$462,$B98,Col!$E$4:$E$462,$C98) -> 0.3516 | F98: =_xlfn.MAXIFS(Col!$N$4:$N$462,Col!$C$4:$C$462,$B98,Col!$E$4:$E$462,$C98) -> 0.5352 | G98: =_xlfn.MINIFS(Col!$N$4:$N$462,Col!$C$4:$C$462,$B98,Col!$E$4:$E$462,$C98) -> 0.081 | H98: =_xlfn.MAXIFS(Col!$I$4:$I$462,Col!$C$4:$C$462,$B98,Col!$E$4:$E$462,$C98) -> 0.2722 | I98: =_xlfn.MINIFS(Col!$I$4:$I$462,Col!$C$4:$C$462,$B98,Col!$E$4:$E$462,$C98) -> 0.2722
A99: Col | B99: C3 | C99: SY | D99: =_xlfn.MAXIFS(Col!$J$4:$J$462,Col!$C$4:$C$462,$B99,Col!$E$4:$E$462,$C99) -> 0.1302 | E99: =_xlfn.MINIFS(Col!$J$4:$J$462,Col!$C$4:$C$462,$B99,Col!$E$4:$E$462,$C99) -> 0.1302 | F99: =_xlfn.MAXIFS(Col!$N$4:$N$462,Col!$C$4:$C$462,$B99,Col!$E$4:$E$462,$C99) -> 0.2167 | G99: =_xlfn.MINIFS(Col!$N$4:$N$462,Col!$C$4:$C$462,$B99,Col!$E$4:$E$462,$C99) -> 0.0607 | H99: =_xlfn.MAXIFS(Col!$I$4:$I$462,Col!$C$4:$C$462,$B99,Col!$E$4:$E$462,$C99) -> 0.2407 | I99: =_xlfn.MINIFS(Col!$I$4:$I$462,Col!$C$4:$C$462,$B99,Col!$E$4:$E$462,$C99) -> 0.2407
... A123: Col | B123: C9 | C123: SY | D123: =_xlfn.MAXIFS(Col!$J$4:$J$462,Col!$C$4:$C$462,$B123,Col!$E$4:$E$462,$C123) -> 0.0321 | E123: =_xlfn.MINIFS(Col!$J$4:$J$462,Col!$C$4:$C$462,$B123,Col!$E$4:$E$462,$C123) -> 0.0321 | F123: =_xlfn.MAXIFS(Col!$N$4:$N$462,Col!$C$4:$C$462,$B123,Col!$E$4:$E$462,$C123) -> 0.0512 | G123: =_xlfn.MINIFS(Col!$N$4:$N$462,Col!$C$4:$C$462,$B123,Col!$E$4:$E$462,$C123) -> 0.0095 | H123: =_xlfn.MAXIFS(Col!$I$4:$I$462,Col!$C$4:$C$462,$B123,Col!$E$4:$E$462,$C123) -> 0.5627 | I123: =_xlfn.MINIFS(Col!$I$4:$I$462,Col!$C$4:$C$462,$B123,Col!$E$4:$E$462,$C123) -> 0.5627

Sheet Resumen
A1: Resumen de muros
A3: Pier | B3: Xi (m) | C3: Yi (m) | D3: Xf (m) | E3: Yf (m) | F3: Largo (m) | G3: Espesor (m) | H3: Orientación | I3: # segm.
A4: P1 | B4: =INDEX(Geometría!$V$3:$V$70,MATCH($A4,Geometría!$AB$3:$AB$70,0)) -> 4.401328 | C4: =INDEX(Geometría!$W$3:$W$70,MATCH($A4,Geometría!$AB$3:$AB$70,0)) -> 5.2335349 | D4: {=LOOKUP(2,1/(Geometría!$AB$3:$AB$70=$A4),Geometría!$X$3:$X$70)} -> 4.401328 | E4: {=LOOKUP(2,1/(Geometría!$AB$3:$AB$70=$A4),Geometría!$Y$3:$Y$70)} -> 52.67586 | F4: =SUMIF(Geometría!$AB$3:$AB$70,$A4,Geometría!$Z$3:$Z$70) -> 47.442325 | G4: =INDEX(Geometría!$AA$3:$AA$70,MATCH($A4,Geometría!$AB$3:$AB$70,0)) -> 0.2 | H4: =IFERROR(IF(SUMIF(Geometría!$AB$3:$AB$70,$A4,Geometría!$AC$3:$AC$70)>9*SUMIF(Geometría!$AB$3:$AB$70,$A4,Geometría!$AD$3:$AD$70),"X",IF(SUMIF(Geometría!$AB$3:$AB$70,$A4,Geometría!$AD$3:$AD$70)>9*SUMIF(Geometría!$AB$3:$AB$70,$A4,Geometría!$AC$3:$AC$70),"Y","Diag "&TEXT(DEGREES(ATAN2(SUMIF(Geometría!$AB$3:$AB$70,$A4,Geometría!$AC$3:$AC$70),SUMIF(Geometría!$AB$3:$AB$70,$A4,Geometría!$AD$3:$AD$70))),"0.0")&"°")),"-") -> Y | I4: =COUNTIF(Geometría!$AB$3:$AB$70,$A4) -> 1
A5: PN | B5: =INDEX(Geometría!$V$3:$V$70,MATCH($A5,Geometría!$AB$3:$AB$70,0)) -> 4.401328 | C5: =INDEX(Geometría!$W$3:$W$70,MATCH($A5,Geometría!$AB$3:$AB$70,0)) -> 52.67586 | D5: {=LOOKUP(2,1/(Geometría!$AB$3:$AB$70=$A5),Geometría!$X$3:$X$70)} -> 30.601328 | E5: {=LOOKUP(2,1/(Geometría!$AB$3:$AB$70=$A5),Geometría!$Y$3:$Y$70)} -> 52.67586 | F5: =SUMIF(Geometría!$AB$3:$AB$70,$A5,Geometría!$Z$3:$Z$70) -> 26.2 | G5: =INDEX(Geometría!$AA$3:$AA$70,MATCH($A5,Geometría!$AB$3:$AB$70,0)) -> 0.2 | H5: =IFERROR(IF(SUMIF(Geometría!$AB$3:$AB$70,$A5,Geometría!$AC$3:$AC$70)>9*SUMIF(Geometría!$AB$3:$AB$70,$A5,Geometría!$AD$3:$AD$70),"X",IF(SUMIF(Geometría!$AB$3:$AB$70,$A5,Geometría!$AD$3:$AD$70)>9*SUMIF(Geometría!$AB$3:$AB$70,$A5,Geometría!$AC$3:$AC$70),"Y","Diag "&TEXT(DEGREES(ATAN2(SUMIF(Geometría!$AB$3:$AB$70,$A5,Geometría!$AC$3:$AC$70),SUMIF(Geometría!$AB$3:$AB$70,$A5,Geometría!$AD$3:$AD$70))),"0.0")&"°")),"-") -> X | I5: =COUNTIF(Geometría!$AB$3:$AB$70,$A5) -> 1
A6: P13 | B6: =INDEX(Geometría!$V$3:$V$70,MATCH($A6,Geometría!$AB$3:$AB$70,0)) -> 30.601328 | C6: =INDEX(Geometría!$W$3:$W$70,MATCH($A6,Geometría!$AB$3:$AB$70,0)) -> 52.67586 | D6: {=LOOKUP(2,1/(Geometría!$AB$3:$AB$70=$A6),Geometría!$X$3:$X$70)} -> 30.601328 | E6: {=LOOKUP(2,1/(Geometría!$AB$3:$AB$70=$A6),Geometría!$Y$3:$Y$70)} -> 22.45586 | F6: =SUMIF(Geometría!$AB$3:$AB$70,$A6,Geometría!$Z$3:$Z$70) -> 30.22 | G6: =INDEX(Geometría!$AA$3:$AA$70,MATCH($A6,Geometría!$AB$3:$AB$70,0)) -> 0.2 | H6: =IFERROR(IF(SUMIF(Geometría!$AB$3:$AB$70,$A6,Geometría!$AC$3:$AC$70)>9*SUMIF(Geometría!$AB$3:$AB$70,$A6,Geometría!$AD$3:$AD$70),"X",IF(SUMIF(Geometría!$AB$3:$AB$70,$A6,Geometría!$AD$3:$AD$70)>9*SUMIF(Geometría!$AB$3:$AB$70,$A6,Geometría!$AC$3:$AC$70),"Y","Diag "&TEXT(DEGREES(ATAN2(SUMIF(Geometría!$AB$3:$AB$70,$A6,Geometría!$AC$3:$AC$70),SUMIF(Geometría!$AB$3:$AB$70,$A6,Geometría!$AD$3:$AD$70))),"0.0")&"°")),"-") -> Y | I6: =COUNTIF(Geometría!$AB$3:$AB$70,$A6) -> 1
A7: Plb | B7: =INDEX(Geometría!$V$3:$V$70,MATCH($A7,Geometría!$AB$3:$AB$70,0)) -> 30.601328 | C7: =INDEX(Geometría!$W$3:$W$70,MATCH($A7,Geometría!$AB$3:$AB$70,0)) -> 22.45586 | D7: {=LOOKUP(2,1/(Geometría!$AB$3:$AB$70=$A7),Geometría!$X$3:$X$70)} -> 27.251328 | E7: {=LOOKUP(2,1/(Geometría!$AB$3:$AB$70=$A7),Geometría!$Y$3:$Y$70)} -> 22.45586 | F7: =SUMIF(Geometría!$AB$3:$AB$70,$A7,Geometría!$Z$3:$Z$70) -> 3.35 | G7: =INDEX(Geometría!$AA$3:$AA$70,MATCH($A7,Geometría!$AB$3:$AB$70,0)) -> 0.2 | H7: =IFERROR(IF(SUMIF(Geometría!$AB$3:$AB$70,$A7,Geometría!$AC$3:$AC$70)>9*SUMIF(Geometría!$AB$3:$AB$70,$A7,Geometría!$AD$3:$AD$70),"X",IF(SUMIF(Geometría!$AB$3:$AB$70,$A7,Geometría!$AD$3:$AD$70)>9*SUMIF(Geometría!$AB$3:$AB$70,$A7,Geometría!$AC$3:$AC$70),"Y","Diag "&TEXT(DEGREES(ATAN2(SUMIF(Geometría!$AB$3:$AB$70,$A7,Geometría!$AC$3:$AC$70),SUMIF(Geometría!$AB$3:$AB$70,$A7,Geometría!$AD$3:$AD$70))),"0.0")&"°")),"-") -> X | I7: =COUNTIF(Geometría!$AB$3:$AB$70,$A7) -> 1
A8: P12 | B8: =INDEX(Geometría!$V$3:$V$70,MATCH($A8,Geometría!$AB$3:$AB$70,0)) -> 27.251328 | C8: =INDEX(Geometría!$W$3:$W$70,MATCH($A8,Geometría!$AB$3:$AB$70,0)) -> 22.45586 | D8: {=LOOKUP(2,1/(Geometría!$AB$3:$AB$70=$A8),Geometría!$X$3:$X$70)} -> 27.251328 | E8: {=LOOKUP(2,1/(Geometría!$AB$3:$AB$70=$A8),Geometría!$Y$3:$Y$70)} -> 12.960457 | F8: =SUMIF(Geometría!$AB$3:$AB$70,$A8,Geometría!$Z$3:$Z$70) -> 9.4954031 | G8: =INDEX(Geometría!$AA$3:$AA$70,MATCH($A8,Geometría!$AB$3:$AB$70,0)) -> 0.2 | H8: =IFERROR(IF(SUMIF(Geometría!$AB$3:$AB$70,$A8,Geometría!$AC$3:$AC$70)>9*SUMIF(Geometría!$AB$3:$AB$70,$A8,Geometría!$AD$3:$AD$70),"X",IF(SUMIF(Geometría!$AB$3:$AB$70,$A8,Geometría!$AD$3:$AD$70)>9*SUMIF(Geometría!$AB$3:$AB$70,$A8,Geometría!$AC$3:$AC$70),"Y","Diag "&TEXT(DEGREES(ATAN2(SUMIF(Geometría!$AB$3:$AB$70,$A8,Geometría!$AC$3:$AC$70),SUMIF(Geometría!$AB$3:$AB$70,$A8,Geometría!$AD$3:$AD$70))),"0.0")&"°")),"-") -> Y | I8: =COUNTIF(Geometría!$AB$3:$AB$70,$A8) -> 1
A9: P3-L | B9: =INDEX(Geometría!$V$3:$V$70,MATCH($A9,Geometría!$AB$3:$AB$70,0)) -> 9.891328 | C9: =INDEX(Geometría!$W$3:$W$70,MATCH($A9,Geometría!$AB$3:$AB$70,0)) -> 31.880405 | D9: {=LOOKUP(2,1/(Geometría!$AB$3:$AB$70=$A9),Geometría!$X$3:$X$70)} -> 11.173828 | E9: {=LOOKUP(2,1/(Geometría!$AB$3:$AB$70=$A9),Geometría!$Y$3:$Y$70)} -> 31.880405 | F9: =SUMIF(Geometría!$AB$3:$AB$70,$A9,Geometría!$Z$3:$Z$70) -> 1.2825 | G9: =INDEX(Geometría!$AA$3:$AA$70,MATCH($A9,Geometría!$AB$3:$AB$70,0)) -> 0.25 | H9: =IFERROR(IF(SUMIF(Geometría!$AB$3:$AB$70,$A9,Geometría!$AC$3:$AC$70)>9*SUMIF(Geometría!$AB$3:$AB$70,$A9,Geometría!$AD$3:$AD$70),"X",IF(SUMIF(Geometría!$AB$3:$AB$70,$A9,Geometría!$AD$3:$AD$70)>9*SUMIF(Geometría!$AB$3:$AB$70,$A9,Geometría!$AC$3:$AC$70),"Y","Diag "&TEXT(DEGREES(ATAN2(SUMIF(Geometría!$AB$3:$AB$70,$A9,Geometría!$AC$3:$AC$70),SUMIF(Geometría!$AB$3:$AB$70,$A9,Geometría!$AD$3:$AD$70))),"0.0")&"°")),"-") -> X | I9: =COUNTIF(Geometría!$AB$3:$AB$70,$A9) -> 1
A10: P3-L-J | B10: =INDEX(Geometría!$V$3:$V$70,MATCH($A10,Geometría!$AB$3:$AB$70,0)) -> 9.891328 | C10: =INDEX(Geometría!$W$3:$W$70,MATCH($A10,Geometría!$AB$3:$AB$70,0)) -> 28.080405 | D10: {=LOOKUP(2,1/(Geometría!$AB$3:$AB$70=$A10),Geometría!$X$3:$X$70)} -> 9.891328 | E10: {=LOOKUP(2,1/(Geometría!$AB$3:$AB$70=$A10),Geometría!$Y$3:$Y$70)} -> 31.880405 | F10: =SUMIF(Geometría!$AB$3:$AB$70,$A10,Geometría!$Z$3:$Z$70) -> 3.8 | G10: =INDEX(Geometría!$AA$3:$AA$70,MATCH($A10,Geometría!$AB$3:$AB$70,0)) -> 0.25 | H10: =IFERROR(IF(SUMIF(Geometría!$AB$3:$AB$70,$A10,Geometría!$AC$3:$AC$70)>9*SUMIF(Geometría!$AB$3:$AB$70,$A10,Geometría!$AD$3:$AD$70),"X",IF(SUMIF(Geometría!$AB$3:$AB$70,$A10,Geometría!$AD$3:$AD$70)>9*SUMIF(Geometría!$AB$3:$AB$70,$A10,Geometría!$AC$3:$AC$70),"Y","Diag "&TEXT(DEGREES(ATAN2(SUMIF(Geometría!$AB$3:$AB$70,$A10,Geometría!$AC$3:$AC$70),SUMIF(Geometría!$AB$3:$AB$70,$A10,Geometría!$AD$3:$AD$70))),"0.0")&"°")),"-") -> Y | I10: =COUNTIF(Geometría!$AB$3:$AB$70,$A10) -> 1
A11: PL-6 | B11: =INDEX(Geometría!$V$3:$V$70,MATCH($A11,Geometría!$AB$3:$AB$70,0)) -> 15.519699 | C11: =INDEX(Geometría!$W$3:$W$70,MATCH($A11,Geometría!$AB$3:$AB$70,0)) -> 24.677493 | D11: {=LOOKUP(2,1/(Geometría!$AB$3:$AB$70=$A11),Geometría!$X$3:$X$70)} -> 15.841412 | E11: {=LOOKUP(2,1/(Geometría!$AB$3:$AB$70=$A11),Geometría!$Y$3:$Y$70)} -> 31.880405 | F11: =SUMIF(Geometría!$AB$3:$AB$70,$A11,Geometría!$Z$3:$Z$70) -> 7.2775254 | G11: =INDEX(Geometría!$AA$3:$AA$70,MATCH($A11,Geometría!$AB$3:$AB$70,0)) -> 0.25 | H11: =IFERROR(IF(SUMIF(Geometría!$AB$3:$AB$70,$A11,Geometría!$AC$3:$AC$70)>9*SUMIF(Geometría!$AB$3:$AB$70,$A11,Geometría!$AD$3:$AD$70),"X",IF(SUMIF(Geometría!$AB$3:$AB$70,$A11,Geometría!$AD$3:$AD$70)>9*SUMIF(Geometría!$AB$3:$AB$70,$A11,Geometría!$AC$3:$AC$70),"Y","Diag "&TEXT(DEGREES(ATAN2(SUMIF(Geometría!$AB$3:$AB$70,$A11,Geometría!$AC$3:$AC$70),SUMIF(Geometría!$AB$3:$AB$70,$A11,Geometría!$AD$3:$AD$70))),"0.0")&"°")),"-") -> Y | I11: =COUNTIF(Geometría!$AB$3:$AB$70,$A11) -> 3
A12: PJ2 | B12: =INDEX(Geometría!$V$3:$V$70,MATCH($A12,Geometría!$AB$3:$AB$70,0)) -> 22.249466 | C12: =INDEX(Geometría!$W$3:$W$70,MATCH($A12,Geometría!$AB$3:$AB$70,0)) -> 28.640263 | D12: {=LOOKUP(2,1/(Geometría!$AB$3:$AB$70=$A12),Geometría!$X$3:$X$70)} -> 17.149512 | E12: {=LOOKUP(2,1/(Geometría!$AB$3:$AB$70=$A12),Geometría!$Y$3:$Y$70)} -> 28.640263 | F12: =SUMIF(Geometría!$AB$3:$AB$70,$A12,Geometría!$Z$3:$Z$70) -> 5.099954 | G12: =INDEX(Geometría!$AA$3:$AA$70,MATCH($A12,Geometría!$AB$3:$AB$70,0)) -> 0.25 | H12: =IFERROR(IF(SUMIF(Geometría!$AB$3:$AB$70,$A12,Geometría!$AC$3:$AC$70)>9*SUMIF(Geometría!$AB$3:$AB$70,$A12,Geometría!$AD$3:$AD$70),"X",IF(SUMIF(Geometría!$AB$3:$AB$70,$A12,Geometría!$AD$3:$AD$70)>9*SUMIF(Geometría!$AB$3:$AB$70,$A12,Geometría!$AC$3:$AC$70),"Y","Diag "&TEXT(DEGREES(ATAN2(SUMIF(Geometría!$AB$3:$AB$70,$A12,Geometría!$AC$3:$AC$70),SUMIF(Geometría!$AB$3:$AB$70,$A12,Geometría!$AD$3:$AD$70))),"0.0")&"°")),"-") -> X | I12: =COUNTIF(Geometría!$AB$3:$AB$70,$A12) -> 1
A13: PL-J-11 | B13: =INDEX(Geometría!$V$3:$V$70,MATCH($A13,Geometría!$AB$3:$AB$70,0)) -> 22.249466 | C13: =INDEX(Geometría!$W$3:$W$70,MATCH($A13,Geometría!$AB$3:$AB$70,0)) -> 27.070457 | D13: {=LOOKUP(2,1/(Geometría!$AB$3:$AB$70=$A13),Geometría!$X$3:$X$70)} -> 22.249466 | E13: {=LOOKUP(2,1/(Geometría!$AB$3:$AB$70=$A13),Geometría!$Y$3:$Y$70)} -> 31.980405 | F13: =SUMIF(Geometría!$AB$3:$AB$70,$A13,Geometría!$Z$3:$Z$70) -> 4.909948 | G13: =INDEX(Geometría!$AA$3:$AA$70,MATCH($A13,Geometría!$AB$3:$AB$70,0)) -> 0.25 | H13: =IFERROR(IF(SUMIF(Geometría!$AB$3:$AB$70,$A13,Geometría!$AC$3:$AC$70)>9*SUMIF(Geometría!$AB$3:$AB$70,$A13,Geometría!$AD$3:$AD$70),"X",IF(SUMIF(Geometría!$AB$3:$AB$70,$A13,Geometría!$AD$3:$AD$70)>9*SUMIF(Geometría!$AB$3:$AB$70,$A13,Geometría!$AC$3:$AC$70),"Y","Diag "&TEXT(DEGREES(ATAN2(SUMIF(Geometría!$AB$3:$AB$70,$A13,Geometría!$AC$3:$AC$70),SUMIF(Geometría!$AB$3:$AB$70,$A13,Geometría!$AD$3:$AD$70))),"0.0")&"°")),"-") -> Y | I13: =COUNTIF(Geometría!$AB$3:$AB$70,$A13) -> 2
A14: PJ1 | B14: =INDEX(Geometría!$V$3:$V$70,MATCH($A14,Geometría!$AB$3:$AB$70,0)) -> 9.891328 | C14: =INDEX(Geometría!$W$3:$W$70,MATCH($A14,Geometría!$AB$3:$AB$70,0)) -> 25.524831 | D14: {=LOOKUP(2,1/(Geometría!$AB$3:$AB$70=$A14),Geometría!$X$3:$X$70)} -> 12.412503 | E14: {=LOOKUP(2,1/(Geometría!$AB$3:$AB$70=$A14),Geometría!$Y$3:$Y$70)} -> 25.524831 | F14: =SUMIF(Geometría!$AB$3:$AB$70,$A14,Geometría!$Z$3:$Z$70) -> 2.5211751 | G14: =INDEX(Geometría!$AA$3:$AA$70,MATCH($A14,Geometría!$AB$3:$AB$70,0)) -> 0.25 | H14: =IFERROR(IF(SUMIF(Geometría!$AB$3:$AB$70,$A14,Geometría!$AC$3:$AC$70)>9*SUMIF(Geometría!$AB$3:$AB$70,$A14,Geometría!$AD$3:$AD$70),"X",IF(SUMIF(Geometría!$AB$3:$AB$70,$A14,Geometría!$AD$3:$AD$70)>9*SUMIF(Geometría!$AB$3:$AB$70,$A14,Geometría!$AC$3:$AC$70),"Y","Diag "&TEXT(DEGREES(ATAN2(SUMIF(Geometría!$AB$3:$AB$70,$A14,Geometría!$AC$3:$AC$70),SUMIF(Geometría!$AB$3:$AB$70,$A14,Geometría!$AD$3:$AD$70))),"0.0")&"°")),"-") -> X | I14: =COUNTIF(Geometría!$AB$3:$AB$70,$A14) -> 1
A15: PI | B15: =INDEX(Geometría!$V$3:$V$70,MATCH($A15,Geometría!$AB$3:$AB$70,0)) -> 15.091328 | C15: =INDEX(Geometría!$W$3:$W$70,MATCH($A15,Geometría!$AB$3:$AB$70,0)) -> 22.910457 | D15: {=LOOKUP(2,1/(Geometría!$AB$3:$AB$70=$A15),Geometría!$X$3:$X$70)} -> 9.891328 | E15: {=LOOKUP(2,1/(Geometría!$AB$3:$AB$70=$A15),Geometría!$Y$3:$Y$70)} -> 22.910457 | F15: =SUMIF(Geometría!$AB$3:$AB$70,$A15,Geometría!$Z$3:$Z$70) -> 5.2 | G15: =INDEX(Geometría!$AA$3:$AA$70,MATCH($A15,Geometría!$AB$3:$AB$70,0)) -> 0.25 | H15: =IFERROR(IF(SUMIF(Geometría!$AB$3:$AB$70,$A15,Geometría!$AC$3:$AC$70)>9*SUMIF(Geometría!$AB$3:$AB$70,$A15,Geometría!$AD$3:$AD$70),"X",IF(SUMIF(Geometría!$AB$3:$AB$70,$A15,Geometría!$AD$3:$AD$70)>9*SUMIF(Geometría!$AB$3:$AB$70,$A15,Geometría!$AC$3:$AC$70),"Y","Diag "&TEXT(DEGREES(ATAN2(SUMIF(Geometría!$AB$3:$AB$70,$A15,Geometría!$AC$3:$AC$70),SUMIF(Geometría!$AB$3:$AB$70,$A15,Geometría!$AD$3:$AD$70))),"0.0")&"°")),"-") -> X | I15: =COUNTIF(Geometría!$AB$3:$AB$70,$A15) -> 1
... A24: P5G | B24: =INDEX(Geometría!$V$3:$V$70,MATCH($A24,Geometría!$AB$3:$AB$70,0)) -> 15.091328 | C24: =INDEX(Geometría!$W$3:$W$70,MATCH($A24,Geometría!$AB$3:$AB$70,0)) -> 20.430457 | D24: {=LOOKUP(2,1/(Geometría!$AB$3:$AB$70=$A24),Geometría!$X$3:$X$70)} -> 15.091328 | E24: {=LOOKUP(2,1/(Geometría!$AB$3:$AB$70=$A24),Geometría!$Y$3:$Y$70)} -> 14.990457 | F24: =SUMIF(Geometría!$AB$3:$AB$70,$A24,Geometría!$Z$3:$Z$70) -> 5.44 | G24: =INDEX(Geometría!$AA$3:$AA$70,MATCH($A24,Geometría!$AB$3:$AB$70,0)) -> 0.25 | H24: =IFERROR(IF(SUMIF(Geometría!$AB$3:$AB$70,$A24,Geometría!$AC$3:$AC$70)>9*SUMIF(Geometría!$AB$3:$AB$70,$A24,Geometría!$AD$3:$AD$70),"X",IF(SUMIF(Geometría!$AB$3:$AB$70,$A24,Geometría!$AD$3:$AD$70)>9*SUMIF(Geometría!$AB$3:$AB$70,$A24,Geometría!$AC$3:$AC$70),"Y","Diag "&TEXT(DEGREES(ATAN2(SUMIF(Geometría!$AB$3:$AB$70,$A24,Geometría!$AC$3:$AC$70),SUMIF(Geometría!$AB$3:$AB$70,$A24,Geometría!$AD$3:$AD$70))),"0.0")&"°")),"-") -> Y | I24: =COUNTIF(Geometría!$AB$3:$AB$70,$A24) -> 1
A26: Resumen de columnas
A28: Columna | B28: Xi (m) | C28: Yi (m) | D28: DZ (m) | E28: bx (m) | F28: by (m) | G28: Sección
A29: C1 | B29: =INDEX(Geometría!$D$72:$D$90,MATCH($A29,Geometría!$B$72:$B$90,0))*0.0254 -> 9.891328 | C29: =INDEX(Geometría!$E$72:$E$90,MATCH($A29,Geometría!$B$72:$B$90,0))*0.0254 -> 47.708877 | D29: =INDEX(Geometría!$F$72:$F$90,MATCH($A29,Geometría!$B$72:$B$90,0))*0.0254 -> 2.6 | E29: =IFERROR(VALUE(MID($G29,2,FIND("x",$G29)-2))/100,"") -> 0.3 | F29: =IFERROR(VALUE(TRIM(MID($G29,FIND("x",$G29)+1,FIND(" ",$G29)-FIND("x",$G29)-1)))/100,"") -> 0.5 | G29: =INDEX(Geometría!$C$72:$C$90,MATCH($A29,Geometría!$B$72:$B$90,0)) -> C30x50 G35
A30: C2 | B30: =INDEX(Geometría!$D$72:$D$90,MATCH($A30,Geometría!$B$72:$B$90,0))*0.0254 -> 9.891328 | C30: =INDEX(Geometría!$E$72:$E$90,MATCH($A30,Geometría!$B$72:$B$90,0))*0.0254 -> 42.108877 | D30: =INDEX(Geometría!$F$72:$F$90,MATCH($A30,Geometría!$B$72:$B$90,0))*0.0254 -> 2.6 | E30: =IFERROR(VALUE(MID($G30,2,FIND("x",$G30)-2))/100,"") -> 0.3 | F30: =IFERROR(VALUE(TRIM(MID($G30,FIND("x",$G30)+1,FIND(" ",$G30)-FIND("x",$G30)-1)))/100,"") -> 0.5 | G30: =INDEX(Geometría!$C$72:$C$90,MATCH($A30,Geometría!$B$72:$B$90,0)) -> C30x50 G35
A31: C3 | B31: =INDEX(Geometría!$D$72:$D$90,MATCH($A31,Geometría!$B$72:$B$90,0))*0.0254 -> 9.891328 | C31: =INDEX(Geometría!$E$72:$E$90,MATCH($A31,Geometría!$B$72:$B$90,0))*0.0254 -> 37.108877 | D31: =INDEX(Geometría!$F$72:$F$90,MATCH($A31,Geometría!$B$72:$B$90,0))*0.0254 -> 2.6 | E31: =IFERROR(VALUE(MID($G31,2,FIND("x",$G31)-2))/100,"") -> 0.3 | F31: =IFERROR(VALUE(TRIM(MID($G31,FIND("x",$G31)+1,FIND(" ",$G31)-FIND("x",$G31)-1)))/100,"") -> 0.5 | G31: =INDEX(Geometría!$C$72:$C$90,MATCH($A31,Geometría!$B$72:$B$90,0)) -> C30x50 G35
A32: C4 | B32: =INDEX(Geometría!$D$72:$D$90,MATCH($A32,Geometría!$B$72:$B$90,0))*0.0254 -> 15.841412 | C32: =INDEX(Geometría!$E$72:$E$90,MATCH($A32,Geometría!$B$72:$B$90,0))*0.0254 -> 47.708877 | D32: =INDEX(Geometría!$F$72:$F$90,MATCH($A32,Geometría!$B$72:$B$90,0))*0.0254 -> 2.6 | E32: =IFERROR(VALUE(MID($G32,2,FIND("x",$G32)-2))/100,"") -> 0.3 | F32: =IFERROR(VALUE(TRIM(MID($G32,FIND("x",$G32)+1,FIND(" ",$G32)-FIND("x",$G32)-1)))/100,"") -> 0.5 | G32: =INDEX(Geometría!$C$72:$C$90,MATCH($A32,Geometría!$B$72:$B$90,0)) -> C30x50 G35
A33: C5 | B33: =INDEX(Geometría!$D$72:$D$90,MATCH($A33,Geometría!$B$72:$B$90,0))*0.0254 -> 15.841412 | C33: =INDEX(Geometría!$E$72:$E$90,MATCH($A33,Geometría!$B$72:$B$90,0))*0.0254 -> 42.108877 | D33: =INDEX(Geometría!$F$72:$F$90,MATCH($A33,Geometría!$B$72:$B$90,0))*0.0254 -> 2.6 | E33: =IFERROR(VALUE(MID($G33,2,FIND("x",$G33)-2))/100,"") -> 0.3 | F33: =IFERROR(VALUE(TRIM(MID($G33,FIND("x",$G33)+1,FIND(" ",$G33)-FIND("x",$G33)-1)))/100,"") -> 0.5 | G33: =INDEX(Geometría!$C$72:$C$90,MATCH($A33,Geometría!$B$72:$B$90,0)) -> C30x50 G35
A34: C6 | B34: =INDEX(Geometría!$D$72:$D$90,MATCH($A34,Geometría!$B$72:$B$90,0))*0.0254 -> 15.841412 | C34: =INDEX(Geometría!$E$72:$E$90,MATCH($A34,Geometría!$B$72:$B$90,0))*0.0254 -> 37.108877 | D34: =INDEX(Geometría!$F$72:$F$90,MATCH($A34,Geometría!$B$72:$B$90,0))*0.0254 -> 2.6 | E34: =IFERROR(VALUE(MID($G34,2,FIND("x",$G34)-2))/100,"") -> 0.3 | F34: =IFERROR(VALUE(TRIM(MID($G34,FIND("x",$G34)+1,FIND(" ",$G34)-FIND("x",$G34)-1)))/100,"") -> 0.5 | G34: =INDEX(Geometría!$C$72:$C$90,MATCH($A34,Geometría!$B$72:$B$90,0)) -> C30x50 G35
A35: C7 | B35: =INDEX(Geometría!$D$72:$D$90,MATCH($A35,Geometría!$B$72:$B$90,0))*0.0254 -> 22.249466 | C35: =INDEX(Geometría!$E$72:$E$90,MATCH($A35,Geometría!$B$72:$B$90,0))*0.0254 -> 47.708877 | D35: =INDEX(Geometría!$F$72:$F$90,MATCH($A35,Geometría!$B$72:$B$90,0))*0.0254 -> 2.6 | E35: =IFERROR(VALUE(MID($G35,2,FIND("x",$G35)-2))/100,"") -> 0.3 | F35: =IFERROR(VALUE(TRIM(MID($G35,FIND("x",$G35)+1,FIND(" ",$G35)-FIND("x",$G35)-1)))/100,"") -> 0.5 | G35: =INDEX(Geometría!$C$72:$C$90,MATCH($A35,Geometría!$B$72:$B$90,0)) -> C30x50 G35
A36: C8 | B36: =INDEX(Geometría!$D$72:$D$90,MATCH($A36,Geometría!$B$72:$B$90,0))*0.0254 -> 22.249466 | C36: =INDEX(Geometría!$E$72:$E$90,MATCH($A36,Geometría!$B$72:$B$90,0))*0.0254 -> 42.108877 | D36: =INDEX(Geometría!$F$72:$F$90,MATCH($A36,Geometría!$B$72:$B$90,0))*0.0254 -> 2.6 | E36: =IFERROR(VALUE(MID($G36,2,FIND("x",$G36)-2))/100,"") -> 0.3 | F36: =IFERROR(VALUE(TRIM(MID($G36,FIND("x",$G36)+1,FIND(" ",$G36)-FIND("x",$G36)-1)))/100,"") -> 0.5 | G36: =INDEX(Geometría!$C$72:$C$90,MATCH($A36,Geometría!$B$72:$B$90,0)) -> C30x50 G35
A37: C9 | B37: =INDEX(Geometría!$D$72:$D$90,MATCH($A37,Geometría!$B$72:$B$90,0))*0.0254 -> 22.249466 | C37: =INDEX(Geometría!$E$72:$E$90,MATCH($A37,Geometría!$B$72:$B$90,0))*0.0254 -> 37.108877 | D37: =INDEX(Geometría!$F$72:$F$90,MATCH($A37,Geometría!$B$72:$B$90,0))*0.0254 -> 2.6 | E37: =IFERROR(VALUE(MID($G37,2,FIND("x",$G37)-2))/100,"") -> 0.3 | F37: =IFERROR(VALUE(TRIM(MID($G37,FIND("x",$G37)+1,FIND(" ",$G37)-FIND("x",$G37)-1)))/100,"") -> 0.5 | G37: =INDEX(Geometría!$C$72:$C$90,MATCH($A37,Geometría!$B$72:$B$90,0)) -> C30x50 G35

Sheet Geometría
B2: Pier | C2: SECTION | D2: POINTS | E2: X1 | F2: Y1 | G2: DZ1 | H2: BELOW1 | I2: X2 | J2: Y2 | K2: DZ2 | L2: BELOW2 | M2: X3 | N2: Y3 | O2: DZ3 | P2: BELOW3 | Q2: X4 | R2: Y4 | S2: DZ4 | T2: BELOW4 | V2: Xi (m) | W2: Yi (m) | X2: Xf (m) | Y2: Yf (m) | Z2: Largo seg (m) | AA2: Espesor (m) | AB2: Pier | AC2: |dX| seg | AD2: |dY| seg
B3: P1 | C3: MHA20G35 | D3: 4 | E3: 173.28063 | F3: 206.04468 | G3: 102.3622 | H3: Y | I3: 173.28063 | J3: 2073.8528 | K3: 102.3622 | L3: Y | M3: 173.28063 | N3: 2073.8528 | O3: 0 | P3: N | Q3: 173.28063 | R3: 206.04468 | S3: 0 | T3: N | U3: STRAIGHT | V3: =IF(ISNUMBER($E3),$E3*0.0254,"") -> 4.401328 | W3: =IF(ISNUMBER($F3),$F3*0.0254,"") -> 5.2335349 | X3: =IF(ISNUMBER($I3),$I3*0.0254,"") -> 4.401328 | Y3: =IF(ISNUMBER($J3),$J3*0.0254,"") -> 52.67586 | Z3: =IF(ISNUMBER($E3),SQRT((X3-V3)^2+(Y3-W3)^2),"") -> 47.442325 | AA3: =IFERROR(VALUE(TRIM(MID($C3,4,FIND("G",$C3)-4)))/100,"") -> 0.2 | AB3: =IF(ISNUMBER($E3),$B3,"") -> P1 | AC3: =IF(ISNUMBER($E3),ABS($X3-$V3),"") -> 2.3359092e-12 | AD3: =IF(ISNUMBER($E3),ABS($Y3-$W3),"") -> 47.442325 | AE3: 173.28063 | AF3: 2073.8528 | AG3: 0 | AH3: 173.28063 | AI3: 2073.8528 | AJ3: 102.3622 | AK3: STRAIGHT | AL3: 2 | AM3: 173.28063 | AN3: 2073.8528 | AO3: 102.3622 | AP3: 173.28063 | AQ3: 206.04468 | AR3: 102.3622 | AS3: STRAIGHT | AT3: 2 | AU3: 173.28063 | AV3: 206.04468 | AW3: 102.3622 | AX3: 173.28063 | AY3: 206.04468 | AZ3: 0 | BA3: MESH_DATA | BB3: 0 | BC3: 0
V4: =IF(ISNUMBER($E4),$E4*0.0254,"") | W4: =IF(ISNUMBER($F4),$F4*0.0254,"") | X4: =IF(ISNUMBER($I4),$I4*0.0254,"") | Y4: =IF(ISNUMBER($J4),$J4*0.0254,"") | Z4: =IF(ISNUMBER($E4),SQRT((X4-V4)^2+(Y4-W4)^2),"") | AA4: =IFERROR(VALUE(TRIM(MID($C4,4,FIND("G",$C4)-4)))/100,"") | AB4: =IF(ISNUMBER($E4),$B4,"") | AC4: =IF(ISNUMBER($E4),ABS($X4-$V4),"") | AD4: =IF(ISNUMBER($E4),ABS($Y4-$W4),"")
C5: SECTION | D5: POINTS | E5: X1 | F5: Y1 | G5: DZ1 | H5: BELOW1 | I5: X2 | J5: Y2 | K5: DZ2 | L5: BELOW2 | M5: X3 | N5: Y3 | O5: DZ3 | P5: BELOW3 | Q5: X4 | R5: Y4 | S5: DZ4 | T5: BELOW4 | V5: =IF(ISNUMBER($E5),$E5*0.0254,"") | W5: =IF(ISNUMBER($F5),$F5*0.0254,"") | X5: =IF(ISNUMBER($I5),$I5*0.0254,"") | Y5: =IF(ISNUMBER($J5),$J5*0.0254,"") | Z5: =IF(ISNUMBER($E5),SQRT((X5-V5)^2+(Y5-W5)^2),"") | AA5: =IFERROR(VALUE(TRIM(MID($C5,4,FIND("G",$C5)-4)))/100,"") | AB5: =IF(ISNUMBER($E5),$B5,"") | AC5: =IF(ISNUMBER($E5),ABS($X5-$V5),"") | AD5: =IF(ISNUMBER($E5),ABS($Y5-$W5),"")
B6: PN | C6: MHA20G35 | D6: 4 | E6: 173.28063 | F6: 2073.8528 | G6: 102.3622 | H6: Y | I6: 1204.7767 | J6: 2073.8528 | K6: 102.3622 | L6: Y | M6: 1204.7767 | N6: 2073.8528 | O6: 0 | P6: N | Q6: 173.28063 | R6: 2073.8528 | S6: 0 | T6: N | U6: STRAIGHT | V6: =IF(ISNUMBER($E6),$E6*0.0254,"") -> 4.401328 | W6: =IF(ISNUMBER($F6),$F6*0.0254,"") -> 52.67586 | X6: =IF(ISNUMBER($I6),$I6*0.0254,"") -> 30.601328 | Y6: =IF(ISNUMBER($J6),$J6*0.0254,"") -> 52.67586 | Z6: =IF(ISNUMBER($E6),SQRT((X6-V6)^2+(Y6-W6)^2),"") -> 26.2 | AA6: =IFERROR(VALUE(TRIM(MID($C6,4,FIND("G",$C6)-4)))/100,"") -> 0.2 | AB6: =IF(ISNUMBER($E6),$B6,"") -> PN | AC6: =IF(ISNUMBER($E6),ABS($X6-$V6),"") -> 26.2 | AD6: =IF(ISNUMBER($E6),ABS($Y6-$W6),"") -> 5.0448534e-13 | AE6: 1204.7767 | AF6: 2073.8528 | AG6: 0 | AH6: 1204.7767 | AI6: 2073.8528 | AJ6: 102.3622 | AK6: STRAIGHT | AL6: 2 | AM6: 1204.7767 | AN6: 2073.8528 | AO6: 102.3622 | AP6: 173.28063 | AQ6: 2073.8528 | AR6: 102.3622 | AS6: STRAIGHT | AT6: 2 | AU6: 173.28063 | AV6: 2073.8528 | AW6: 102.3622 | AX6: 173.28063 | AY6: 2073.8528 | AZ6: 0 | BA6: MESH_DATA | BB6: 0 | BC6: 0
V7: =IF(ISNUMBER($E7),$E7*0.0254,"") | W7: =IF(ISNUMBER($F7),$F7*0.0254,"") | X7: =IF(ISNUMBER($I7),$I7*0.0254,"") | Y7: =IF(ISNUMBER($J7),$J7*0.0254,"") | Z7: =IF(ISNUMBER($E7),SQRT((X7-V7)^2+(Y7-W7)^2),"") | AA7: =IFERROR(VALUE(TRIM(MID($C7,4,FIND("G",$C7)-4)))/100,"") | AB7: =IF(ISNUMBER($E7),$B7,"") | AC7: =IF(ISNUMBER($E7),ABS($X7-$V7),"") | AD7: =IF(ISNUMBER($E7),ABS($Y7-$W7),"")
B8: TYPE | C8: SECTION | D8: POINTS | E8: X1 | F8: Y1 | G8: DZ1 | H8: BELOW1 | I8: X2 | J8: Y2 | K8: DZ2 | L8: BELOW2 | M8: X3 | N8: Y3 | O8: DZ3 | P8: BELOW3 | Q8: X4 | R8: Y4 | S8: DZ4 | T8: BELOW4 | V8: =IF(ISNUMBER($E8),$E8*0.0254,"") | W8: =IF(ISNUMBER($F8),$F8*0.0254,"") | X8: =IF(ISNUMBER($I8),$I8*0.0254,"") | Y8: =IF(ISNUMBER($J8),$J8*0.0254,"") | Z8: =IF(ISNUMBER($E8),SQRT((X8-V8)^2+(Y8-W8)^2),"") | AA8: =IFERROR(VALUE(TRIM(MID($C8,4,FIND("G",$C8)-4)))/100,"") | AB8: =IF(ISNUMBER($E8),$B8,"") | AC8: =IF(ISNUMBER($E8),ABS($X8-$V8),"") | AD8: =IF(ISNUMBER($E8),ABS($Y8-$W8),"")
B9: P13 | C9: MHA20G35 | D9: 4 | E9: 1204.7767 | F9: 2073.8528 | G9: 102.3622 | H9: Y | I9: 1204.7767 | J9: 884.08898 | K9: 102.3622 | L9: Y | M9: 1204.7767 | N9: 884.08898 | O9: 0 | P9: N | Q9: 1204.7767 | R9: 2073.8528 | S9: 0 | T9: N | U9: STRAIGHT | V9: =IF(ISNUMBER($E9),$E9*0.0254,"") -> 30.601328 | W9: =IF(ISNUMBER($F9),$F9*0.0254,"") -> 52.67586 | X9: =IF(ISNUMBER($I9),$I9*0.0254,"") -> 30.601328 | Y9: =IF(ISNUMBER($J9),$J9*0.0254,"") -> 22.45586 | Z9: =IF(ISNUMBER($E9),SQRT((X9-V9)^2+(Y9-W9)^2),"") -> 30.22 | AA9: =IFERROR(VALUE(TRIM(MID($C9,4,FIND("G",$C9)-4)))/100,"") -> 0.2 | AB9: =IF(ISNUMBER($E9),$B9,"") -> P13 | AC9: =IF(ISNUMBER($E9),ABS($X9-$V9),"") -> 4.8281379e-12 | AD9: =IF(ISNUMBER($E9),ABS($Y9-$W9),"") -> 30.22 | AE9: 1204.7767 | AF9: 884.08898 | AG9: 0 | AH9: 1204.7767 | AI9: 884.08898 | AJ9: 102.3622 | AK9: STRAIGHT | AL9: 2 | AM9: 1204.7767 | AN9: 884.08898 | AO9: 102.3622 | AP9: 1204.7767 | AQ9: 2073.8528 | AR9: 102.3622 | AS9: STRAIGHT | AT9: 2 | AU9: 1204.7767 | AV9: 2073.8528 | AW9: 102.3622 | AX9: 1204.7767 | AY9: 2073.8528 | AZ9: 0 | BA9: MESH_DATA | BB9: 0 | BC9: 0
V10: =IF(ISNUMBER($E10),$E10*0.0254,"") | W10: =IF(ISNUMBER($F10),$F10*0.0254,"") | X10: =IF(ISNUMBER($I10),$I10*0.0254,"") | Y10: =IF(ISNUMBER($J10),$J10*0.0254,"") | Z10: =IF(ISNUMBER($E10),SQRT((X10-V10)^2+(Y10-W10)^2),"") | AA10: =IFERROR(VALUE(TRIM(MID($C10,4,FIND("G",$C10)-4)))/100,"") | AB10: =IF(ISNUMBER($E10),$B10,"") | AC10: =IF(ISNUMBER($E10),ABS($X10-$V10),"") | AD10: =IF(ISNUMBER($E10),ABS($Y10-$W10),"")
B11: TYPE | C11: SECTION | D11: POINTS | E11: X1 | F11: Y1 | G11: DZ1 | H11: BELOW1 | I11: X2 | J11: Y2 | K11: DZ2 | L11: BELOW2 | M11: X3 | N11: Y3 | O11: DZ3 | P11: BELOW3 | Q11: X4 | R11: Y4 | S11: DZ4 | T11: BELOW4 | V11: =IF(ISNUMBER($E11),$E11*0.0254,"") | W11: =IF(ISNUMBER($F11),$F11*0.0254,"") | X11: =IF(ISNUMBER($I11),$I11*0.0254,"") | Y11: =IF(ISNUMBER($J11),$J11*0.0254,"") | Z11: =IF(ISNUMBER($E11),SQRT((X11-V11)^2+(Y11-W11)^2),"") | AA11: =IFERROR(VALUE(TRIM(MID($C11,4,FIND("G",$C11)-4)))/100,"") | AB11: =IF(ISNUMBER($E11),$B11,"") | AC11: =IF(ISNUMBER($E11),ABS($X11-$V11),"") | AD11: =IF(ISNUMBER($E11),ABS($Y11-$W11),"")
B12: Plb | C12: MHA20G35 | D12: 4 | E12: 1204.7767 | F12: 884.08898 | G12: 102.3622 | H12: Y | I12: 1072.8869 | J12: 884.08898 | K12: 102.3622 | L12: Y | M12: 1072.8869 | N12: 884.08898 | O12: 0 | P12: N | Q12: 1204.7767 | R12: 884.08898 | S12: 0 | T12: N | U12: STRAIGHT | V12: =IF(ISNUMBER($E12),$E12*0.0254,"") -> 30.601328 | W12: =IF(ISNUMBER($F12),$F12*0.0254,"") -> 22.45586 | X12: =IF(ISNUMBER($I12),$I12*0.0254,"") -> 27.251328 | Y12: =IF(ISNUMBER($J12),$J12*0.0254,"") -> 22.45586 | Z12: =IF(ISNUMBER($E12),SQRT((X12-V12)^2+(Y12-W12)^2),"") -> 3.35 | AA12: =IFERROR(VALUE(TRIM(MID($C12,4,FIND("G",$C12)-4)))/100,"") -> 0.2 | AB12: =IF(ISNUMBER($E12),$B12,"") -> Plb | AC12: =IF(ISNUMBER($E12),ABS($X12-$V12),"") -> 3.35 | AD12: =IF(ISNUMBER($E12),ABS($Y12-$W12),"") -> 0 | AE12: 1072.8869 | AF12: 884.08898 | AG12: 0 | AH12: 1072.8869 | AI12: 884.08898 | AJ12: 102.3622 | AK12: STRAIGHT | AL12: 2 | AM12: 1072.8869 | AN12: 884.08898 | AO12: 102.3622 | AP12: 1204.7767 | AQ12: 884.08898 | AR12: 102.3622 | AS12: STRAIGHT | AT12: 2 | AU12: 1204.7767 | AV12: 884.08898 | AW12: 102.3622 | AX12: 1204.7767 | AY12: 884.08898 | AZ12: 0 | BA12: MESH_DATA | BB12: 0 | BC12: 0
V13: =IF(ISNUMBER($E13),$E13*0.0254,"") | W13: =IF(ISNUMBER($F13),$F13*0.0254,"") | X13: =IF(ISNUMBER($I13),$I13*0.0254,"") | Y13: =IF(ISNUMBER($J13),$J13*0.0254,"") | Z13: =IF(ISNUMBER($E13),SQRT((X13-V13)^2+(Y13-W13)^2),"") | AA13: =IFERROR(VALUE(TRIM(MID($C13,4,FIND("G",$C13)-4)))/100,"") | AB13: =IF(ISNUMBER($E13),$B13,"") | AC13: =IF(ISNUMBER($E13),ABS($X13-$V13),"") | AD13: =IF(ISNUMBER($E13),ABS($Y13-$W13),"")
B14: TYPE | C14: SECTION | D14: POINTS | E14: X1 | F14: Y1 | G14: DZ1 | H14: BELOW1 | I14: X2 | J14: Y2 | K14: DZ2 | L14: BELOW2 | M14: X3 | N14: Y3 | O14: DZ3 | P14: BELOW3 | Q14: X4 | R14: Y4 | S14: DZ4 | T14: BELOW4 | V14: =IF(ISNUMBER($E14),$E14*0.0254,"") | W14: =IF(ISNUMBER($F14),$F14*0.0254,"") | X14: =IF(ISNUMBER($I14),$I14*0.0254,"") | Y14: =IF(ISNUMBER($J14),$J14*0.0254,"") | Z14: =IF(ISNUMBER($E14),SQRT((X14-V14)^2+(Y14-W14)^2),"") | AA14: =IFERROR(VALUE(TRIM(MID($C14,4,FIND("G",$C14)-4)))/100,"") | AB14: =IF(ISNUMBER($E14),$B14,"") | AC14: =IF(ISNUMBER($E14),ABS($X14-$V14),"") | AD14: =IF(ISNUMBER($E14),ABS($Y14-$W14),"")
B15: P12 | C15: MHA20G35 | D15: 4 | E15: 1072.8869 | F15: 884.08898 | G15: 102.3622 | H15: Y | I15: 1072.8869 | J15: 510.25422 | K15: 102.3622 | L15: Y | M15: 1072.8869 | N15: 510.25422 | O15: 0 | P15: N | Q15: 1072.8869 | R15: 884.08898 | S15: 0 | T15: N | U15: STRAIGHT | V15: =IF(ISNUMBER($E15),$E15*0.0254,"") -> 27.251328 | W15: =IF(ISNUMBER($F15),$F15*0.0254,"") -> 22.45586 | X15: =IF(ISNUMBER($I15),$I15*0.0254,"") -> 27.251328 | Y15: =IF(ISNUMBER($J15),$J15*0.0254,"") -> 12.960457 | Z15: =IF(ISNUMBER($E15),SQRT((X15-V15)^2+(Y15-W15)^2),"") -> 9.4954031 | AA15: =IFERROR(VALUE(TRIM(MID($C15,4,FIND("G",$C15)-4)))/100,"") -> 0.2 | AB15: =IF(ISNUMBER($E15),$B15,"") -> P12 | AC15: =IF(ISNUMBER($E15),ABS($X15-$V15),"") -> 7.3683282e-12 | AD15: =IF(ISNUMBER($E15),ABS($Y15-$W15),"") -> 9.4954031 | AE15: 1072.8869 | AF15: 510.25422 | AG15: 0 | AH15: 1072.8869 | AI15: 510.25422 | AJ15: 102.3622 | AK15: STRAIGHT | AL15: 2 | AM15: 1072.8869 | AN15: 510.25422 | AO15: 102.3622 | AP15: 1072.8869 | AQ15: 884.08898 | AR15: 102.3622 | AS15: STRAIGHT | AT15: 2 | AU15: 1072.8869 | AV15: 884.08898 | AW15: 102.3622 | AX15: 1072.8869 | AY15: 884.08898 | AZ15: 0 | BA15: MESH_DATA | BB15: 0 | BC15: 0
V16: =IF(ISNUMBER($E16),$E16*0.0254,"") | W16: =IF(ISNUMBER($F16),$F16*0.0254,"") | X16: =IF(ISNUMBER($I16),$I16*0.0254,"") | Y16: =IF(ISNUMBER($J16),$J16*0.0254,"") | Z16: =IF(ISNUMBER($E16),SQRT((X16-V16)^2+(Y16-W16)^2),"") | AA16: =IFERROR(VALUE(TRIM(MID($C16,4,FIND("G",$C16)-4)))/100,"") | AB16: =IF(ISNUMBER($E16),$B16,"") | AC16: =IF(ISNUMBER($E16),ABS($X16-$V16),"") | AD16: =IF(ISNUMBER($E16),ABS($Y16-$W16),"")
B17: TYPE | C17: SECTION | D17: POINTS | E17: X1 | F17: Y1 | G17: DZ1 | H17: BELOW1 | I17: X2 | J17: Y2 | K17: DZ2 | L17: BELOW2 | M17: X3 | N17: Y3 | O17: DZ3 | P17: BELOW3 | Q17: X4 | R17: Y4 | S17: DZ4 | T17: BELOW4 | V17: =IF(ISNUMBER($E17),$E17*0.0254,"") | W17: =IF(ISNUMBER($F17),$F17*0.0254,"") | X17: =IF(ISNUMBER($I17),$I17*0.0254,"") | Y17: =IF(ISNUMBER($J17),$J17*0.0254,"") | Z17: =IF(ISNUMBER($E17),SQRT((X17-V17)^2+(Y17-W17)^2),"") | AA17: =IFERROR(VALUE(TRIM(MID($C17,4,FIND("G",$C17)-4)))/100,"") | AB17: =IF(ISNUMBER($E17),$B17,"") | AC17: =IF(ISNUMBER($E17),ABS($X17-$V17),"") | AD17: =IF(ISNUMBER($E17),ABS($Y17-$W17),"")
B18: P3-L | C18: MHA 25 G35 | D18: 4 | E18: 389.42236 | F18: 1255.1341 | G18: 102.3622 | H18: Y | I18: 439.91449 | J18: 1255.1341 | K18: 102.3622 | L18: Y | M18: 439.91449 | N18: 1255.1341 | O18: 0 | P18: N | Q18: 389.42236 | R18: 1255.1341 | S18: 0 | T18: N | U18: STRAIGHT | V18: =IF(ISNUMBER($E18),$E18*0.0254,"") -> 9.891328 | W18: =IF(ISNUMBER($F18),$F18*0.0254,"") -> 31.880405 | X18: =IF(ISNUMBER($I18),$I18*0.0254,"") -> 11.173828 | Y18: =IF(ISNUMBER($J18),$J18*0.0254,"") -> 31.880405 | Z18: =IF(ISNUMBER($E18),SQRT((X18-V18)^2+(Y18-W18)^2),"") -> 1.2825 | AA18: =IFERROR(VALUE(TRIM(MID($C18,4,FIND("G",$C18)-4)))/100,"") -> 0.25 | AB18: =IF(ISNUMBER($E18),$B18,"") -> P3-L | AC18: =IF(ISNUMBER($E18),ABS($X18-$V18),"") -> 1.2825 | AD18: =IF(ISNUMBER($E18),ABS($Y18-$W18),"") -> 0 | AE18: 439.91449 | AF18: 1255.1341 | AG18: 0 | AH18: 439.91449 | AI18: 1255.1341 | AJ18: 102.3622 | AK18: STRAIGHT | AL18: 2 | AM18: 439.91449 | AN18: 1255.1341 | AO18: 102.3622 | AP18: 389.42236 | AQ18: 1255.1341 | AR18: 102.3622 | AS18: STRAIGHT | AT18: 2 | AU18: 389.42236 | AV18: 1255.1341 | AW18: 102.3622 | AX18: 389.42236 | AY18: 1255.1341 | AZ18: 0 | BA18: MESH_DATA | BB18: 0 | BC18: 0
V19: =IF(ISNUMBER($E19),$E19*0.0254,"") | W19: =IF(ISNUMBER($F19),$F19*0.0254,"") | X19: =IF(ISNUMBER($I19),$I19*0.0254,"") | Y19: =IF(ISNUMBER($J19),$J19*0.0254,"") | Z19: =IF(ISNUMBER($E19),SQRT((X19-V19)^2+(Y19-W19)^2),"") | AA19: =IFERROR(VALUE(TRIM(MID($C19,4,FIND("G",$C19)-4)))/100,"") | AB19: =IF(ISNUMBER($E19),$B19,"") | AC19: =IF(ISNUMBER($E19),ABS($X19-$V19),"") | AD19: =IF(ISNUMBER($E19),ABS($Y19-$W19),"")
B20: TYPE | C20: SECTION | D20: POINTS | E20: X1 | F20: Y1 | G20: DZ1 | H20: BELOW1 | I20: X2 | J20: Y2 | K20: DZ2 | L20: BELOW2 | M20: X3 | N20: Y3 | O20: DZ3 | P20: BELOW3 | Q20: X4 | R20: Y4 | S20: DZ4 | T20: BELOW4 | V20: =IF(ISNUMBER($E20),$E20*0.0254,"") | W20: =IF(ISNUMBER($F20),$F20*0.0254,"") | X20: =IF(ISNUMBER($I20),$I20*0.0254,"") | Y20: =IF(ISNUMBER($J20),$J20*0.0254,"") | Z20: =IF(ISNUMBER($E20),SQRT((X20-V20)^2+(Y20-W20)^2),"") | AA20: =IFERROR(VALUE(TRIM(MID($C20,4,FIND("G",$C20)-4)))/100,"") | AB20: =IF(ISNUMBER($E20),$B20,"") | AC20: =IF(ISNUMBER($E20),ABS($X20-$V20),"") | AD20: =IF(ISNUMBER($E20),ABS($Y20-$W20),"")
B21: P3-L-J | C21: MHA 25 G35 | D21: 4 | E21: 389.42236 | F21: 1105.5278 | G21: 102.3622 | H21: Y | I21: 389.42236 | J21: 1255.1341 | K21: 102.3622 | L21: Y | M21: 389.42236 | N21: 1255.1341 | O21: 0 | P21: N | Q21: 389.42236 | R21: 1105.5278 | S21: 0 | T21: N | U21: STRAIGHT | V21: =IF(ISNUMBER($E21),$E21*0.0254,"") -> 9.891328 | W21: =IF(ISNUMBER($F21),$F21*0.0254,"") -> 28.080405 | X21: =IF(ISNUMBER($I21),$I21*0.0254,"") -> 9.891328 | Y21: =IF(ISNUMBER($J21),$J21*0.0254,"") -> 31.880405 | Z21: =IF(ISNUMBER($E21),SQRT((X21-V21)^2+(Y21-W21)^2),"") -> 3.8 | AA21: =IFERROR(VALUE(TRIM(MID($C21,4,FIND("G",$C21)-4)))/100,"") -> 0.25 | AB21: =IF(ISNUMBER($E21),$B21,"") -> P3-L-J | AC21: =IF(ISNUMBER($E21),ABS($X21-$V21),"") -> 2.9203306e-12 | AD21: =IF(ISNUMBER($E21),ABS($Y21-$W21),"") -> 3.8 | AE21: 389.42236 | AF21: 1255.1341 | AG21: 0 | AH21: 389.42236 | AI21: 1255.1341 | AJ21: 102.3622 | AK21: STRAIGHT | AL21: 2 | AM21: 389.42236 | AN21: 1255.1341 | AO21: 102.3622 | AP21: 389.42236 | AQ21: 1105.5278 | AR21: 102.3622 | AS21: STRAIGHT | AT21: 2 | AU21: 389.42236 | AV21: 1105.5278 | AW21: 102.3622 | AX21: 389.42236 | AY21: 1105.5278 | AZ21: 0 | BA21: MESH_DATA | BB21: 0 | BC21: 0
V22: =IF(ISNUMBER($E22),$E22*0.0254,"") | W22: =IF(ISNUMBER($F22),$F22*0.0254,"") | X22: =IF(ISNUMBER($I22),$I22*0.0254,"") | Y22: =IF(ISNUMBER($J22),$J22*0.0254,"") | Z22: =IF(ISNUMBER($E22),SQRT((X22-V22)^2+(Y22-W22)^2),"") | AA22: =IFERROR(VALUE(TRIM(MID($C22,4,FIND("G",$C22)-4)))/100,"") | AB22: =IF(ISNUMBER($E22),$B22,"") | AC22: =IF(ISNUMBER($E22),ABS($X22-$V22),"") | AD22: =IF(ISNUMBER($E22),ABS($Y22-$W22),"")
B23: TYPE | C23: SECTION | D23: POINTS | E23: X1 | F23: Y1 | G23: DZ1 | H23: BELOW1 | I23: X2 | J23: Y2 | K23: DZ2 | L23: BELOW2 | M23: X3 | N23: Y3 | O23: DZ3 | P23: BELOW3 | Q23: X4 | R23: Y4 | S23: DZ4 | T23: BELOW4 | V23: =IF(ISNUMBER($E23),$E23*0.0254,"") | W23: =IF(ISNUMBER($F23),$F23*0.0254,"") | X23: =IF(ISNUMBER($I23),$I23*0.0254,"") | Y23: =IF(ISNUMBER($J23),$J23*0.0254,"") | Z23: =IF(ISNUMBER($E23),SQRT((X23-V23)^2+(Y23-W23)^2),"") | AA23: =IFERROR(VALUE(TRIM(MID($C23,4,FIND("G",$C23)-4)))/100,"") | AB23: =IF(ISNUMBER($E23),$B23,"") | AC23: =IF(ISNUMBER($E23),ABS($X23-$V23),"") | AD23: =IF(ISNUMBER($E23),ABS($Y23-$W23),"")
B24: PL-6 | C24: MHA 25 G35 | D24: 4 | E24: 611.01176 | F24: 971.55483 | G24: 102.3622 | H24: Y | I24: 623.67766 | J24: 997.39228 | K24: 102.3622 | L24: Y | M24: 623.67766 | N24: 997.39228 | O24: 0 | P24: N | Q24: 611.01176 | R24: 971.55483 | S24: 0 | T24: N | U24: STRAIGHT | V24: =IF(ISNUMBER($E24),$E24*0.0254,"") -> 15.519699 | W24: =IF(ISNUMBER($F24),$F24*0.0254,"") -> 24.677493 | X24: =IF(ISNUMBER($I24),$I24*0.0254,"") -> 15.841412 | Y24: =IF(ISNUMBER($J24),$J24*0.0254,"") -> 25.333764 | Z24: =IF(ISNUMBER($E24),SQRT((X24-V24)^2+(Y24-W24)^2),"") -> 0.73088426 | AA24: =IFERROR(VALUE(TRIM(MID($C24,4,FIND("G",$C24)-4)))/100,"") -> 0.25 | AB24: =IF(ISNUMBER($E24),$B24,"") -> PL-6 | AC24: =IF(ISNUMBER($E24),ABS($X24-$V24),"") -> 0.32171379 | AD24: =IF(ISNUMBER($E24),ABS($Y24-$W24),"") -> 0.65627132 | AE24: 623.67766 | AF24: 997.39228 | AG24: 0 | AH24: 623.67766 | AI24: 997.39228 | AJ24: 102.3622 | AK24: STRAIGHT | AL24: 2 | AM24: 623.67766 | AN24: 997.39228 | AO24: 102.3622 | AP24: 611.01176 | AQ24: 971.55483 | AR24: 102.3622 | AS24: STRAIGHT | AT24: 2 | AU24: 611.01176 | AV24: 971.55483 | AW24: 102.3622 | AX24: 611.01176 | AY24: 971.55483 | AZ24: 0 | BA24: MESH_DATA | BB24: 0 | BC24: 0
B25: PL-6 | C25: MHA 25 G35 | D25: 4 | E25: 623.67766 | F25: 997.39228 | G25: 102.3622 | H25: Y | I25: 623.67766 | J25: 1127.5694 | K25: 102.3622 | L25: Y | M25: 623.67766 | N25: 1127.5694 | O25: 0 | P25: N | Q25: 623.67766 | R25: 997.39228 | S25: 0 | T25: N | U25: STRAIGHT | V25: =IF(ISNUMBER($E25),$E25*0.0254,"") -> 15.841412 | W25: =IF(ISNUMBER($F25),$F25*0.0254,"") -> 25.333764 | X25: =IF(ISNUMBER($I25),$I25*0.0254,"") -> 15.841412 | Y25: =IF(ISNUMBER($J25),$J25*0.0254,"") -> 28.640263 | Z25: =IF(ISNUMBER($E25),SQRT((X25-V25)^2+(Y25-W25)^2),"") -> 3.3064991 | AA25: =IFERROR(VALUE(TRIM(MID($C25,4,FIND("G",$C25)-4)))/100,"") -> 0.25 | AB25: =IF(ISNUMBER($E25),$B25,"") -> PL-6 | AC25: =IF(ISNUMBER($E25),ABS($X25-$V25),"") -> 0 | AD25: =IF(ISNUMBER($E25),ABS($Y25-$W25),"") -> 3.3064991 | AE25: 623.67766 | AF25: 1127.5694 | AG25: 0 | AH25: 623.67766 | AI25: 1127.5694 | AJ25: 102.3622 | AK25: STRAIGHT | AL25: 2 | AM25: 623.67766 | AN25: 1127.5694 | AO25: 102.3622 | AP25: 623.67766 | AQ25: 997.39228 | AR25: 102.3622 | AS25: STRAIGHT | AT25: 2 | AU25: 623.67766 | AV25: 997.39228 | AW25: 102.3622 | AX25: 623.67766 | AY25: 997.39228 | AZ25: 0 | BA25: MESH_DATA | BB25: 0 | BC25: 0
B26: PL-6 | C26: MHA 25 G35 | D26: 4 | E26: 623.67766 | F26: 1127.5694 | G26: 102.3622 | H26: Y | I26: 623.67766 | J26: 1255.1341 | K26: 102.3622 | L26: Y | M26: 623.67766 | N26: 1255.1341 | O26: 0 | P26: N | Q26: 623.67766 | R26: 1127.5694 | S26: 0 | T26: N | U26: STRAIGHT | V26: =IF(ISNUMBER($E26),$E26*0.0254,"") -> 15.841412 | W26: =IF(ISNUMBER($F26),$F26*0.0254,"") -> 28.640263 | X26: =IF(ISNUMBER($I26),$I26*0.0254,"") -> 15.841412 | Y26: =IF(ISNUMBER($J26),$J26*0.0254,"") -> 31.880405 | Z26: =IF(ISNUMBER($E26),SQRT((X26-V26)^2+(Y26-W26)^2),"") -> 3.240142 | AA26: =IFERROR(VALUE(TRIM(MID($C26,4,FIND("G",$C26)-4)))/100,"") -> 0.25 | AB26: =IF(ISNUMBER($E26),$B26,"") -> PL-6 | AC26: =IF(ISNUMBER($E26),ABS($X26-$V26),"") -> 8.7378993e-12 | AD26: =IF(ISNUMBER($E26),ABS($Y26-$W26),"") -> 3.240142 | AE26: 623.67766 | AF26: 1255.1341 | AG26: 0 | AH26: 623.67766 | AI26: 1255.1341 | AJ26: 102.3622 | AK26: STRAIGHT | AL26: 2 | AM26: 623.67766 | AN26: 1255.1341 | AO26: 102.3622 | AP26: 623.67766 | AQ26: 1127.5694 | AR26: 102.3622 | AS26: STRAIGHT | AT26: 2 | AU26: 623.67766 | AV26: 1127.5694 | AW26: 102.3622 | AX26: 623.67766 | AY26: 1127.5694 | AZ26: 0 | BA26: MESH_DATA | BB26: 0 | BC26: 0
V27: =IF(ISNUMBER($E27),$E27*0.0254,"") | W27: =IF(ISNUMBER($F27),$F27*0.0254,"") | X27: =IF(ISNUMBER($I27),$I27*0.0254,"") | Y27: =IF(ISNUMBER($J27),$J27*0.0254,"") | Z27: =IF(ISNUMBER($E27),SQRT((X27-V27)^2+(Y27-W27)^2),"") | AA27: =IFERROR(VALUE(TRIM(MID($C27,4,FIND("G",$C27)-4)))/100,"") | AB27: =IF(ISNUMBER($E27),$B27,"") | AC27: =IF(ISNUMBER($E27),ABS($X27-$V27),"") | AD27: =IF(ISNUMBER($E27),ABS($Y27-$W27),"")
B28: TYPE | C28: SECTION | D28: POINTS | E28: X1 | F28: Y1 | G28: DZ1 | H28: BELOW1 | I28: X2 | J28: Y2 | K28: DZ2 | L28: BELOW2 | M28: X3 | N28: Y3 | O28: DZ3 | P28: BELOW3 | Q28: X4 | R28: Y4 | S28: DZ4 | T28: BELOW4 | V28: =IF(ISNUMBER($E28),$E28*0.0254,"") | W28: =IF(ISNUMBER($F28),$F28*0.0254,"") | X28: =IF(ISNUMBER($I28),$I28*0.0254,"") | Y28: =IF(ISNUMBER($J28),$J28*0.0254,"") | Z28: =IF(ISNUMBER($E28),SQRT((X28-V28)^2+(Y28-W28)^2),"") | AA28: =IFERROR(VALUE(TRIM(MID($C28,4,FIND("G",$C28)-4)))/100,"") | AB28: =IF(ISNUMBER($E28),$B28,"") | AC28: =IF(ISNUMBER($E28),ABS($X28-$V28),"") | AD28: =IF(ISNUMBER($E28),ABS($Y28-$W28),"")
B29: PJ2 | C29: MHA 25 G35 | D29: 4 | E29: 875.96322 | F29: 1127.5694 | G29: 102.3622 | H29: Y | I29: 675.17763 | J29: 1127.5694 | K29: 102.3622 | L29: Y | M29: 675.17763 | N29: 1127.5694 | O29: 0 | P29: N | Q29: 875.96322 | R29: 1127.5694 | S29: 0 | T29: N | U29: STRAIGHT | V29: =IF(ISNUMBER($E29),$E29*0.0254,"") -> 22.249466 | W29: =IF(ISNUMBER($F29),$F29*0.0254,"") -> 28.640263 | X29: =IF(ISNUMBER($I29),$I29*0.0254,"") -> 17.149512 | Y29: =IF(ISNUMBER($J29),$J29*0.0254,"") -> 28.640263 | Z29: =IF(ISNUMBER($E29),SQRT((X29-V29)^2+(Y29-W29)^2),"") -> 5.099954 | AA29: =IFERROR(VALUE(TRIM(MID($C29,4,FIND("G",$C29)-4)))/100,"") -> 0.25 | AB29: =IF(ISNUMBER($E29),$B29,"") -> PJ2 | AC29: =IF(ISNUMBER($E29),ABS($X29-$V29),"") -> 5.099954 | AD29: =IF(ISNUMBER($E29),ABS($Y29-$W29),"") -> 2.2353674e-11 | AE29: 675.17763 | AF29: 1127.5694 | AG29: 0 | AH29: 675.17763 | AI29: 1127.5694 | AJ29: 102.3622 | AK29: STRAIGHT | AL29: 2 | AM29: 675.17763 | AN29: 1127.5694 | AO29: 102.3622 | AP29: 875.96322 | AQ29: 1127.5694 | AR29: 102.3622 | AS29: STRAIGHT | AT29: 2 | AU29: 875.96322 | AV29: 1127.5694 | AW29: 102.3622 | AX29: 875.96322 | AY29: 1127.5694 | AZ29: 0 | BA29: MESH_DATA | BB29: 0 | BC29: 0
V30: =IF(ISNUMBER($E30),$E30*0.0254,"") | W30: =IF(ISNUMBER($F30),$F30*0.0254,"") | X30: =IF(ISNUMBER($I30),$I30*0.0254,"") | Y30: =IF(ISNUMBER($J30),$J30*0.0254,"") | Z30: =IF(ISNUMBER($E30),SQRT((X30-V30)^2+(Y30-W30)^2),"") | AA30: =IFERROR(VALUE(TRIM(MID($C30,4,FIND("G",$C30)-4)))/100,"") | AB30: =IF(ISNUMBER($E30),$B30,"") | AC30: =IF(ISNUMBER($E30),ABS($X30-$V30),"") | AD30: =IF(ISNUMBER($E30),ABS($Y30-$W30),"")
B31: TYPE | C31: SECTION | D31: POINTS | E31: X1 | F31: Y1 | G31: DZ1 | H31: BELOW1 | I31: X2 | J31: Y2 | K31: DZ2 | L31: BELOW2 | M31: X3 | N31: Y3 | O31: DZ3 | P31: BELOW3 | Q31: X4 | R31: Y4 | S31: DZ4 | T31: BELOW4 | V31: =IF(ISNUMBER($E31),$E31*0.0254,"") | W31: =IF(ISNUMBER($F31),$F31*0.0254,"") | X31: =IF(ISNUMBER($I31),$I31*0.0254,"") | Y31: =IF(ISNUMBER($J31),$J31*0.0254,"") | Z31: =IF(ISNUMBER($E31),SQRT((X31-V31)^2+(Y31-W31)^2),"") | AA31: =IFERROR(VALUE(TRIM(MID($C31,4,FIND("G",$C31)-4)))/100,"") | AB31: =IF(ISNUMBER($E31),$B31,"") | AC31: =IF(ISNUMBER($E31),ABS($X31-$V31),"") | AD31: =IF(ISNUMBER($E31),ABS($Y31-$W31),"")
B32: PL-J-11 | C32: MHA 25 G35 | D32: 4 | E32: 875.96322 | F32: 1065.766 | G32: 102.3622 | H32: Y | I32: 875.96322 | J32: 1127.5694 | K32: 102.3622 | L32: Y | M32: 875.96322 | N32: 1127.5694 | O32: 0 | P32: N | Q32: 875.96322 | R32: 1065.766 | S32: 0 | T32: N | U32: STRAIGHT | V32: =IF(ISNUMBER($E32),$E32*0.0254,"") -> 22.249466 | W32: =IF(ISNUMBER($F32),$F32*0.0254,"") -> 27.070457 | X32: =IF(ISNUMBER($I32),$I32*0.0254,"") -> 22.249466 | Y32: =IF(ISNUMBER($J32),$J32*0.0254,"") -> 28.640263 | Z32: =IF(ISNUMBER($E32),SQRT((X32-V32)^2+(Y32-W32)^2),"") -> 1.5698059 | AA32: =IFERROR(VALUE(TRIM(MID($C32,4,FIND("G",$C32)-4)))/100,"") -> 0.25 | AB32: =IF(ISNUMBER($E32),$B32,"") -> PL-J-11 | AC32: =IF(ISNUMBER($E32),ABS($X32-$V32),"") -> 2.4868996e-14 | AD32: =IF(ISNUMBER($E32),ABS($Y32-$W32),"") -> 1.5698059 | AE32: 875.96322 | AF32: 1127.5694 | AG32: 0 | AH32: 875.96322 | AI32: 1127.5694 | AJ32: 102.3622 | AK32: STRAIGHT | AL32: 2 | AM32: 875.96322 | AN32: 1127.5694 | AO32: 102.3622 | AP32: 875.96322 | AQ32: 1065.766 | AR32: 102.3622 | AS32: STRAIGHT | AT32: 2 | AU32: 875.96322 | AV32: 1065.766 | AW32: 102.3622 | AX32: 875.96322 | AY32: 1065.766 | AZ32: 0 | BA32: MESH_DATA | BB32: 0 | BC32: 0
B33: PL-J-11 | C33: MHA 25 G35 | D33: 4 | E33: 875.96322 | F33: 1127.5694 | G33: 102.3622 | H33: Y | I33: 875.96322 | J33: 1259.0711 | K33: 102.3622 | L33: Y | M33: 875.96322 | N33: 1259.0711 | O33: 0 | P33: N | Q33: 875.96322 | R33: 1127.5694 | S33: 0 | T33: N | U33: STRAIGHT | V33: =IF(ISNUMBER($E33),$E33*0.0254,"") -> 22.249466 | W33: =IF(ISNUMBER($F33),$F33*0.0254,"") -> 28.640263 | X33: =IF(ISNUMBER($I33),$I33*0.0254,"") -> 22.249466 | Y33: =IF(ISNUMBER($J33),$J33*0.0254,"") -> 31.980405 | Z33: =IF(ISNUMBER($E33),SQRT((X33-V33)^2+(Y33-W33)^2),"") -> 3.340142 | AA33: =IFERROR(VALUE(TRIM(MID($C33,4,FIND("G",$C33)-4)))/100,"") -> 0.25 | AB33: =IF(ISNUMBER($E33),$B33,"") -> PL-J-11 | AC33: =IF(ISNUMBER($E33),ABS($X33-$V33),"") -> 0 | AD33: =IF(ISNUMBER($E33),ABS($Y33-$W33),"") -> 3.340142 | AE33: 875.96322 | AF33: 1259.0711 | AG33: 0 | AH33: 875.96322 | AI33: 1259.0711 | AJ33: 102.3622 | AK33: STRAIGHT | AL33: 2 | AM33: 875.96322 | AN33: 1259.0711 | AO33: 102.3622 | AP33: 875.96322 | AQ33: 1127.5694 | AR33: 102.3622 | AS33: STRAIGHT | AT33: 2 | AU33: 875.96322 | AV33: 1127.5694 | AW33: 102.3622 | AX33: 875.96322 | AY33: 1127.5694 | AZ33: 0 | BA33: MESH_DATA | BB33: 0 | BC33: 0
V34: =IF(ISNUMBER($E34),$E34*0.0254,"") | W34: =IF(ISNUMBER($F34),$F34*0.0254,"") | X34: =IF(ISNUMBER($I34),$I34*0.0254,"") | Y34: =IF(ISNUMBER($J34),$J34*0.0254,"") | Z34: =IF(ISNUMBER($E34),SQRT((X34-V34)^2+(Y34-W34)^2),"") | AA34: =IFERROR(VALUE(TRIM(MID($C34,4,FIND("G",$C34)-4)))/100,"") | AB34: =IF(ISNUMBER($E34),$B34,"") | AC34: =IF(ISNUMBER($E34),ABS($X34-$V34),"") | AD34: =IF(ISNUMBER($E34),ABS($Y34-$W34),"")
B35: TYPE | C35: SECTION | D35: POINTS | E35: X1 | F35: Y1 | G35: DZ1 | H35: BELOW1 | I35: X2 | J35: Y2 | K35: DZ2 | L35: BELOW2 | M35: X3 | N35: Y3 | O35: DZ3 | P35: BELOW3 | Q35: X4 | R35: Y4 | S35: DZ4 | T35: BELOW4 | V35: =IF(ISNUMBER($E35),$E35*0.0254,"") | W35: =IF(ISNUMBER($F35),$F35*0.0254,"") | X35: =IF(ISNUMBER($I35),$I35*0.0254,"") | Y35: =IF(ISNUMBER($J35),$J35*0.0254,"") | Z35: =IF(ISNUMBER($E35),SQRT((X35-V35)^2+(Y35-W35)^2),"") | AA35: =IFERROR(VALUE(TRIM(MID($C35,4,FIND("G",$C35)-4)))/100,"") | AB35: =IF(ISNUMBER($E35),$B35,"") | AC35: =IF(ISNUMBER($E35),ABS($X35-$V35),"") | AD35: =IF(ISNUMBER($E35),ABS($Y35-$W35),"")
B36: PJ1 | C36: MHA 25 G35 | D36: 4 | E36: 389.42236 | F36: 1004.9146 | G36: 102.3622 | H36: Y | I36: 488.68122 | J36: 1004.9146 | K36: 102.3622 | L36: Y | M36: 488.68122 | N36: 1004.9146 | O36: 0 | P36: N | Q36: 389.42236 | R36: 1004.9146 | S36: 0 | T36: N | U36: STRAIGHT | V36: =IF(ISNUMBER($E36),$E36*0.0254,"") -> 9.891328 | W36: =IF(ISNUMBER($F36),$F36*0.0254,"") -> 25.524831 | X36: =IF(ISNUMBER($I36),$I36*0.0254,"") -> 12.412503 | Y36: =IF(ISNUMBER($J36),$J36*0.0254,"") -> 25.524831 | Z36: =IF(ISNUMBER($E36),SQRT((X36-V36)^2+(Y36-W36)^2),"") -> 2.5211751 | AA36: =IFERROR(VALUE(TRIM(MID($C36,4,FIND("G",$C36)-4)))/100,"") -> 0.25 | AB36: =IF(ISNUMBER($E36),$B36,"") -> PJ1 | AC36: =IF(ISNUMBER($E36),ABS($X36-$V36),"") -> 2.5211751 | AD36: =IF(ISNUMBER($E36),ABS($Y36-$W36),"") -> 1.1684875e-11 | AE36: 488.68122 | AF36: 1004.9146 | AG36: 0 | AH36: 488.68122 | AI36: 1004.9146 | AJ36: 102.3622 | AK36: STRAIGHT | AL36: 2 | AM36: 488.68122 | AN36: 1004.9146 | AO36: 102.3622 | AP36: 389.42236 | AQ36: 1004.9146 | AR36: 102.3622 | AS36: STRAIGHT | AT36: 2 | AU36: 389.42236 | AV36: 1004.9146 | AW36: 102.3622 | AX36: 389.42236 | AY36: 1004.9146 | AZ36: 0 | BA36: MESH_DATA | BB36: 0 | BC36: 0
V37: =IF(ISNUMBER($E37),$E37*0.0254,"") | W37: =IF(ISNUMBER($F37),$F37*0.0254,"") | X37: =IF(ISNUMBER($I37),$I37*0.0254,"") | Y37: =IF(ISNUMBER($J37),$J37*0.0254,"") | Z37: =IF(ISNUMBER($E37),SQRT((X37-V37)^2+(Y37-W37)^2),"") | AA37: =IFERROR(VALUE(TRIM(MID($C37,4,FIND("G",$C37)-4)))/100,"") | AB37: =IF(ISNUMBER($E37),$B37,"") | AC37: =IF(ISNUMBER($E37),ABS($X37-$V37),"") | AD37: =IF(ISNUMBER($E37),ABS($Y37-$W37),"")
B38: TYPE | C38: SECTION | D38: POINTS | E38: X1 | F38: Y1 | G38: DZ1 | H38: BELOW1 | I38: X2 | J38: Y2 | K38: DZ2 | L38: BELOW2 | M38: X3 | N38: Y3 | O38: DZ3 | P38: BELOW3 | Q38: X4 | R38: Y4 | S38: DZ4 | T38: BELOW4 | V38: =IF(ISNUMBER($E38),$E38*0.0254,"") | W38: =IF(ISNUMBER($F38),$F38*0.0254,"") | X38: =IF(ISNUMBER($I38),$I38*0.0254,"") | Y38: =IF(ISNUMBER($J38),$J38*0.0254,"") | Z38: =IF(ISNUMBER($E38),SQRT((X38-V38)^2+(Y38-W38)^2),"") | AA38: =IFERROR(VALUE(TRIM(MID($C38,4,FIND("G",$C38)-4)))/100,"") | AB38: =IF(ISNUMBER($E38),$B38,"") | AC38: =IF(ISNUMBER($E38),ABS($X38-$V38),"") | AD38: =IF(ISNUMBER($E38),ABS($Y38-$W38),"")
B39: PI | C39: MHA 25 G35 | D39: 4 | E39: 594.14677 | F39: 901.9865 | G39: 102.3622 | H39: Y | I39: 389.42236 | J39: 901.9865 | K39: 102.3622 | L39: Y | M39: 389.42236 | N39: 901.9865 | O39: 0 | P39: N | Q39: 594.14677 | R39: 901.9865 | S39: 0 | T39: N | U39: STRAIGHT | V39: =IF(ISNUMBER($E39),$E39*0.0254,"") -> 15.091328 | W39: =IF(ISNUMBER($F39),$F39*0.0254,"") -> 22.910457 | X39: =IF(ISNUMBER($I39),$I39*0.0254,"") -> 9.891328 | Y39: =IF(ISNUMBER($J39),$J39*0.0254,"") -> 22.910457 | Z39: =IF(ISNUMBER($E39),SQRT((X39-V39)^2+(Y39-W39)^2),"") -> 5.2 | AA39: =IFERROR(VALUE(TRIM(MID($C39,4,FIND("G",$C39)-4)))/100,"") -> 0.25 | AB39: =IF(ISNUMBER($E39),$B39,"") -> PI | AC39: =IF(ISNUMBER($E39),ABS($X39-$V39),"") -> 5.2 | AD39: =IF(ISNUMBER($E39),ABS($Y39-$W39),"") -> 1.5276669e-13 | AE39: 389.42236 | AF39: 901.9865 | AG39: 0 | AH39: 389.42236 | AI39: 901.9865 | AJ39: 102.3622 | AK39: STRAIGHT | AL39: 2 | AM39: 389.42236 | AN39: 901.9865 | AO39: 102.3622 | AP39: 594.14677 | AQ39: 901.9865 | AR39: 102.3622 | AS39: STRAIGHT | AT39: 2 | AU39: 594.14677 | AV39: 901.9865 | AW39: 102.3622 | AX39: 594.14677 | AY39: 901.9865 | AZ39: 0 | BA39: MESH_DATA | BB39: 0 | BC39: 0
V40: =IF(ISNUMBER($E40),$E40*0.0254,"") | W40: =IF(ISNUMBER($F40),$F40*0.0254,"") | X40: =IF(ISNUMBER($I40),$I40*0.0254,"") | Y40: =IF(ISNUMBER($J40),$J40*0.0254,"") | Z40: =IF(ISNUMBER($E40),SQRT((X40-V40)^2+(Y40-W40)^2),"") | AA40: =IFERROR(VALUE(TRIM(MID($C40,4,FIND("G",$C40)-4)))/100,"") | AB40: =IF(ISNUMBER($E40),$B40,"") | AC40: =IF(ISNUMBER($E40),ABS($X40-$V40),"") | AD40: =IF(ISNUMBER($E40),ABS($Y40-$W40),"")
B41: TYPE | C41: SECTION | D41: POINTS | E41: X1 | F41: Y1 | G41: DZ1 | H41: BELOW1 | I41: X2 | J41: Y2 | K41: DZ2 | L41: BELOW2 | M41: X3 | N41: Y3 | O41: DZ3 | P41: BELOW3 | Q41: X4 | R41: Y4 | S41: DZ4 | T41: BELOW4 | V41: =IF(ISNUMBER($E41),$E41*0.0254,"") | W41: =IF(ISNUMBER($F41),$F41*0.0254,"") | X41: =IF(ISNUMBER($I41),$I41*0.0254,"") | Y41: =IF(ISNUMBER($J41),$J41*0.0254,"") | Z41: =IF(ISNUMBER($E41),SQRT((X41-V41)^2+(Y41-W41)^2),"") | AA41: =IFERROR(VALUE(TRIM(MID($C41,4,FIND("G",$C41)-4)))/100,"") | AB41: =IF(ISNUMBER($E41),$B41,"") | AC41: =IF(ISNUMBER($E41),ABS($X41-$V41),"") | AD41: =IF(ISNUMBER($E41),ABS($Y41-$W41),"")
B42: P5 | C42: MHA 25 G35 | D42: 4 | E42: 594.14677 | F42: 936.23847 | G42: 102.3622 | H42: Y | I42: 594.14677 | J42: 841.75028 | K42: 102.3622 | L42: Y | M42: 594.14677 | N42: 841.75028 | O42: 0 | P42: N | Q42: 594.14677 | R42: 936.23847 | S42: 0 | T42: N | U42: STRAIGHT | V42: =IF(ISNUMBER($E42),$E42*0.0254,"") -> 15.091328 | W42: =IF(ISNUMBER($F42),$F42*0.0254,"") -> 23.780457 | X42: =IF(ISNUMBER($I42),$I42*0.0254,"") -> 15.091328 | Y42: =IF(ISNUMBER($J42),$J42*0.0254,"") -> 21.380457 | Z42: =IF(ISNUMBER($E42),SQRT((X42-V42)^2+(Y42-W42)^2),"") -> 2.4 | AA42: =IFERROR(VALUE(TRIM(MID($C42,4,FIND("G",$C42)-4)))/100,"") -> 0.25 | AB42: =IF(ISNUMBER($E42),$B42,"") -> P5 | AC42: =IF(ISNUMBER($E42),ABS($X42-$V42),"") -> 0 | AD42: =IF(ISNUMBER($E42),ABS($Y42-$W42),"") -> 2.4 | AE42: 594.14677 | AF42: 841.75028 | AG42: 0 | AH42: 594.14677 | AI42: 841.75028 | AJ42: 102.3622 | AK42: STRAIGHT | AL42: 2 | AM42: 594.14677 | AN42: 841.75028 | AO42: 102.3622 | AP42: 594.14677 | AQ42: 936.23847 | AR42: 102.3622 | AS42: STRAIGHT | AT42: 2 | AU42: 594.14677 | AV42: 936.23847 | AW42: 102.3622 | AX42: 594.14677 | AY42: 936.23847 | AZ42: 0 | BA42: MESH_DATA | BB42: 0 | BC42: 0
V43: =IF(ISNUMBER($E43),$E43*0.0254,"") | W43: =IF(ISNUMBER($F43),$F43*0.0254,"") | X43: =IF(ISNUMBER($I43),$I43*0.0254,"") | Y43: =IF(ISNUMBER($J43),$J43*0.0254,"") | Z43: =IF(ISNUMBER($E43),SQRT((X43-V43)^2+(Y43-W43)^2),"") | AA43: =IFERROR(VALUE(TRIM(MID($C43,4,FIND("G",$C43)-4)))/100,"") | AB43: =IF(ISNUMBER($E43),$B43,"") | AC43: =IF(ISNUMBER($E43),ABS($X43-$V43),"") | AD43: =IF(ISNUMBER($E43),ABS($Y43-$W43),"")
B44: TYPE | C44: SECTION | D44: POINTS | E44: X1 | F44: Y1 | G44: DZ1 | H44: BELOW1 | I44: X2 | J44: Y2 | K44: DZ2 | L44: BELOW2 | M44: X3 | N44: Y3 | O44: DZ3 | P44: BELOW3 | Q44: X4 | R44: Y4 | S44: DZ4 | T44: BELOW4 | V44: =IF(ISNUMBER($E44),$E44*0.0254,"") | W44: =IF(ISNUMBER($F44),$F44*0.0254,"") | X44: =IF(ISNUMBER($I44),$I44*0.0254,"") | Y44: =IF(ISNUMBER($J44),$J44*0.0254,"") | Z44: =IF(ISNUMBER($E44),SQRT((X44-V44)^2+(Y44-W44)^2),"") | AA44: =IFERROR(VALUE(TRIM(MID($C44,4,FIND("G",$C44)-4)))/100,"") | AB44: =IF(ISNUMBER($E44),$B44,"") | AC44: =IF(ISNUMBER($E44),ABS($X44-$V44),"") | AD44: =IF(ISNUMBER($E44),ABS($Y44-$W44),"")
B45: PJ | C45: MHA 25 G35 | D45: 4 | E45: 671.24062 | F45: 914.58492 | G45: 102.3622 | H45: Y | I45: 657.1389 | J45: 914.58492 | K45: 102.3622 | L45: Y | M45: 657.1389 | N45: 914.58492 | O45: 0 | P45: N | Q45: 671.24062 | R45: 914.58492 | S45: 0 | T45: N | U45: STRAIGHT | V45: =IF(ISNUMBER($E45),$E45*0.0254,"") -> 17.049512 | W45: =IF(ISNUMBER($F45),$F45*0.0254,"") -> 23.230457 | X45: =IF(ISNUMBER($I45),$I45*0.0254,"") -> 16.691328 | Y45: =IF(ISNUMBER($J45),$J45*0.0254,"") -> 23.230457 | Z45: =IF(ISNUMBER($E45),SQRT((X45-V45)^2+(Y45-W45)^2),"") -> 0.3581837 | AA45: =IFERROR(VALUE(TRIM(MID($C45,4,FIND("G",$C45)-4)))/100,"") -> 0.25 | AB45: =IF(ISNUMBER($E45),$B45,"") -> PJ | AC45: =IF(ISNUMBER($E45),ABS($X45-$V45),"") -> 0.3581837 | AD45: =IF(ISNUMBER($E45),ABS($Y45-$W45),"") -> 0 | AE45: 657.1389 | AF45: 914.58492 | AG45: 0 | AH45: 657.1389 | AI45: 914.58492 | AJ45: 102.3622 | AK45: STRAIGHT | AL45: 2 | AM45: 657.1389 | AN45: 914.58492 | AO45: 102.3622 | AP45: 671.24062 | AQ45: 914.58492 | AR45: 102.3622 | AS45: STRAIGHT | AT45: 2 | AU45: 671.24062 | AV45: 914.58492 | AW45: 102.3622 | AX45: 671.24062 | AY45: 914.58492 | AZ45: 0 | BA45: MESH_DATA | BB45: 0 | BC45: 0
B46: PJ | C46: MHA 25 G35 | D46: 4 | E46: 671.24062 | F46: 914.58492 | G46: 102.3622 | H46: Y | I46: 875.96322 | J46: 914.58492 | K46: 102.3622 | L46: Y | M46: 875.96322 | N46: 914.58492 | O46: 0 | P46: N | Q46: 671.24062 | R46: 914.58492 | S46: 0 | T46: N | U46: STRAIGHT | V46: =IF(ISNUMBER($E46),$E46*0.0254,"") -> 17.049512 | W46: =IF(ISNUMBER($F46),$F46*0.0254,"") -> 23.230457 | X46: =IF(ISNUMBER($I46),$I46*0.0254,"") -> 22.249466 | Y46: =IF(ISNUMBER($J46),$J46*0.0254,"") -> 23.230457 | Z46: =IF(ISNUMBER($E46),SQRT((X46-V46)^2+(Y46-W46)^2),"") -> 5.199954 | AA46: =IFERROR(VALUE(TRIM(MID($C46,4,FIND("G",$C46)-4)))/100,"") -> 0.25 | AB46: =IF(ISNUMBER($E46),$B46,"") -> PJ | AC46: =IF(ISNUMBER($E46),ABS($X46-$V46),"") -> 5.199954 | AD46: =IF(ISNUMBER($E46),ABS($Y46-$W46),"") -> 0 | AE46: 875.96322 | AF46: 914.58492 | AG46: 0 | AH46: 875.96322 | AI46: 914.58492 | AJ46: 102.3622 | AK46: STRAIGHT | AL46: 2 | AM46: 875.96322 | AN46: 914.58492 | AO46: 102.3622 | AP46: 671.24062 | AQ46: 914.58492 | AR46: 102.3622 | AS46: STRAIGHT | AT46: 2 | AU46: 671.24062 | AV46: 914.58492 | AW46: 102.3622 | AX46: 671.24062 | AY46: 914.58492 | AZ46: 0 | BA46: MESH_DATA | BB46: 0 | BC46: 0
V47: =IF(ISNUMBER($E47),$E47*0.0254,"") | W47: =IF(ISNUMBER($F47),$F47*0.0254,"") | X47: =IF(ISNUMBER($I47),$I47*0.0254,"") | Y47: =IF(ISNUMBER($J47),$J47*0.0254,"") | Z47: =IF(ISNUMBER($E47),SQRT((X47-V47)^2+(Y47-W47)^2),"") | AA47: =IFERROR(VALUE(TRIM(MID($C47,4,FIND("G",$C47)-4)))/100,"") | AB47: =IF(ISNUMBER($E47),$B47,"") | AC47: =IF(ISNUMBER($E47),ABS($X47-$V47),"") | AD47: =IF(ISNUMBER($E47),ABS($Y47-$W47),"")
B48: TYPE | C48: SECTION | D48: POINTS | E48: X1 | F48: Y1 | G48: DZ1 | H48: BELOW1 | I48: X2 | J48: Y2 | K48: DZ2 | L48: BELOW2 | M48: X3 | N48: Y3 | O48: DZ3 | P48: BELOW3 | Q48: X4 | R48: Y4 | S48: DZ4 | T48: BELOW4 | V48: =IF(ISNUMBER($E48),$E48*0.0254,"") | W48: =IF(ISNUMBER($F48),$F48*0.0254,"") | X48: =IF(ISNUMBER($I48),$I48*0.0254,"") | Y48: =IF(ISNUMBER($J48),$J48*0.0254,"") | Z48: =IF(ISNUMBER($E48),SQRT((X48-V48)^2+(Y48-W48)^2),"") | AA48: =IFERROR(VALUE(TRIM(MID($C48,4,FIND("G",$C48)-4)))/100,"") | AB48: =IF(ISNUMBER($E48),$B48,"") | AC48: =IF(ISNUMBER($E48),ABS($X48-$V48),"") | AD48: =IF(ISNUMBER($E48),ABS($Y48-$W48),"")
B49: P8-7 | C49: MHA 25 G35 | D49: 4 | E49: 671.24062 | F49: 807.47907 | G49: 102.3622 | H49: Y | I49: 671.24062 | J49: 914.58492 | K49: 102.3622 | L49: Y | M49: 671.24062 | N49: 914.58492 | O49: 0 | P49: N | Q49: 671.24062 | R49: 807.47907 | S49: 0 | T49: N | U49: STRAIGHT | V49: =IF(ISNUMBER($E49),$E49*0.0254,"") -> 17.049512 | W49: =IF(ISNUMBER($F49),$F49*0.0254,"") -> 20.509968 | X49: =IF(ISNUMBER($I49),$I49*0.0254,"") -> 17.049512 | Y49: =IF(ISNUMBER($J49),$J49*0.0254,"") -> 23.230457 | Z49: =IF(ISNUMBER($E49),SQRT((X49-V49)^2+(Y49-W49)^2),"") -> 2.7204887 | AA49: =IFERROR(VALUE(TRIM(MID($C49,4,FIND("G",$C49)-4)))/100,"") -> 0.25 | AB49: =IF(ISNUMBER($E49),$B49,"") -> P8-7 | AC49: =IF(ISNUMBER($E49),ABS($X49-$V49),"") -> 4.1140424e-12 | AD49: =IF(ISNUMBER($E49),ABS($Y49-$W49),"") -> 2.7204887 | AE49: 671.24062 | AF49: 914.58492 | AG49: 0 | AH49: 671.24062 | AI49: 914.58492 | AJ49: 102.3622 | AK49: STRAIGHT | AL49: 2 | AM49: 671.24062 | AN49: 914.58492 | AO49: 102.3622 | AP49: 671.24062 | AQ49: 807.47907 | AR49: 102.3622 | AS49: STRAIGHT | AT49: 2 | AU49: 671.24062 | AV49: 807.47907 | AW49: 102.3622 | AX49: 671.24062 | AY49: 807.47907 | AZ49: 0 | BA49: MESH_DATA | BB49: 0 | BC49: 0
B50: P8-7 | C50: MHA 25 G35 | D50: 4 | E50: 657.1389 | F50: 914.58492 | G50: 102.3622 | H50: Y | I50: 657.1389 | J50: 936.21923 | K50: 102.3622 | L50: Y | M50: 657.1389 | N50: 936.21923 | O50: 0 | P50: N | Q50: 657.1389 | R50: 914.58492 | S50: 0 | T50: N | U50: STRAIGHT | V50: =IF(ISNUMBER($E50),$E50*0.0254,"") -> 16.691328 | W50: =IF(ISNUMBER($F50),$F50*0.0254,"") -> 23.230457 | X50: =IF(ISNUMBER($I50),$I50*0.0254,"") -> 16.691328 | Y50: =IF(ISNUMBER($J50),$J50*0.0254,"") -> 23.779968 | Z50: =IF(ISNUMBER($E50),SQRT((X50-V50)^2+(Y50-W50)^2),"") -> 0.54951129 | AA50: =IFERROR(VALUE(TRIM(MID($C50,4,FIND("G",$C50)-4)))/100,"") -> 0.25 | AB50: =IF(ISNUMBER($E50),$B50,"") -> P8-7 | AC50: =IF(ISNUMBER($E50),ABS($X50-$V50),"") -> 1.2656898e-10 | AD50: =IF(ISNUMBER($E50),ABS($Y50-$W50),"") -> 0.54951129 | AE50: 657.1389 | AF50: 936.21923 | AG50: 0 | AH50: 657.1389 | AI50: 936.21923 | AJ50: 102.3622 | AK50: STRAIGHT | AL50: 2 | AM50: 657.1389 | AN50: 936.21923 | AO50: 102.3622 | AP50: 657.1389 | AQ50: 914.58492 | AR50: 102.3622 | AS50: STRAIGHT | AT50: 2 | AU50: 657.1389 | AV50: 914.58492 | AW50: 102.3622 | AX50: 657.1389 | AY50: 914.58492 | AZ50: 0 | BA50: MESH_DATA | BB50: 0 | BC50: 0
V51: =IF(ISNUMBER($E51),$E51*0.0254,"") | W51: =IF(ISNUMBER($F51),$F51*0.0254,"") | X51: =IF(ISNUMBER($I51),$I51*0.0254,"") | Y51: =IF(ISNUMBER($J51),$J51*0.0254,"") | Z51: =IF(ISNUMBER($E51),SQRT((X51-V51)^2+(Y51-W51)^2),"") | AA51: =IFERROR(VALUE(TRIM(MID($C51,4,FIND("G",$C51)-4)))/100,"") | AB51: =IF(ISNUMBER($E51),$B51,"") | AC51: =IF(ISNUMBER($E51),ABS($X51-$V51),"") | AD51: =IF(ISNUMBER($E51),ABS($Y51-$W51),"")
B52: TYPE | C52: SECTION | D52: POINTS | E52: X1 | F52: Y1 | G52: DZ1 | H52: BELOW1 | I52: X2 | J52: Y2 | K52: DZ2 | L52: BELOW2 | M52: X3 | N52: Y3 | O52: DZ3 | P52: BELOW3 | Q52: X4 | R52: Y4 | S52: DZ4 | T52: BELOW4 | V52: =IF(ISNUMBER($E52),$E52*0.0254,"") | W52: =IF(ISNUMBER($F52),$F52*0.0254,"") | X52: =IF(ISNUMBER($I52),$I52*0.0254,"") | Y52: =IF(ISNUMBER($J52),$J52*0.0254,"") | Z52: =IF(ISNUMBER($E52),SQRT((X52-V52)^2+(Y52-W52)^2),"") | AA52: =IFERROR(VALUE(TRIM(MID($C52,4,FIND("G",$C52)-4)))/100,"") | AB52: =IF(ISNUMBER($E52),$B52,"") | AC52: =IF(ISNUMBER($E52),ABS($X52-$V52),"") | AD52: =IF(ISNUMBER($E52),ABS($Y52-$W52),"")
B53: PG | C53: MHA 25 G35 | D53: 4 | E53: 594.14677 | F53: 697.26209 | G53: 102.3622 | H53: Y | I53: 389.42236 | J53: 697.26209 | K53: 102.3622 | L53: Y | M53: 389.42236 | N53: 697.26209 | O53: 0 | P53: N | Q53: 594.14677 | R53: 697.26209 | S53: 0 | T53: N | U53: STRAIGHT | V53: =IF(ISNUMBER($E53),$E53*0.0254,"") -> 15.091328 | W53: =IF(ISNUMBER($F53),$F53*0.0254,"") -> 17.710457 | X53: =IF(ISNUMBER($I53),$I53*0.0254,"") -> 9.891328 | Y53: =IF(ISNUMBER($J53),$J53*0.0254,"") -> 17.710457 | Z53: =IF(ISNUMBER($E53),SQRT((X53-V53)^2+(Y53-W53)^2),"") -> 5.2 | AA53: =IFERROR(VALUE(TRIM(MID($C53,4,FIND("G",$C53)-4)))/100,"") -> 0.25 | AB53: =IF(ISNUMBER($E53),$B53,"") -> PG | AC53: =IF(ISNUMBER($E53),ABS($X53-$V53),"") -> 5.2 | AD53: =IF(ISNUMBER($E53),ABS($Y53-$W53),"") -> 0 | AE53: 389.42236 | AF53: 697.26209 | AG53: 0 | AH53: 389.42236 | AI53: 697.26209 | AJ53: 102.3622 | AK53: STRAIGHT | AL53: 2 | AM53: 389.42236 | AN53: 697.26209 | AO53: 102.3622 | AP53: 594.14677 | AQ53: 697.26209 | AR53: 102.3622 | AS53: STRAIGHT | AT53: 2 | AU53: 594.14677 | AV53: 697.26209 | AW53: 102.3622 | AX53: 594.14677 | AY53: 697.26209 | AZ53: 0 | BA53: MESH_DATA | BB53: 0 | BC53: 0
V54: =IF(ISNUMBER($E54),$E54*0.0254,"") | W54: =IF(ISNUMBER($F54),$F54*0.0254,"") | X54: =IF(ISNUMBER($I54),$I54*0.0254,"") | Y54: =IF(ISNUMBER($J54),$J54*0.0254,"") | Z54: =IF(ISNUMBER($E54),SQRT((X54-V54)^2+(Y54-W54)^2),"") | AA54: =IFERROR(VALUE(TRIM(MID($C54,4,FIND("G",$C54)-4)))/100,"") | AB54: =IF(ISNUMBER($E54),$B54,"") | AC54: =IF(ISNUMBER($E54),ABS($X54-$V54),"") | AD54: =IF(ISNUMBER($E54),ABS($Y54-$W54),"")
B55: TYPE | C55: SECTION | D55: POINTS | E55: X1 | F55: Y1 | G55: DZ1 | H55: BELOW1 | I55: X2 | J55: Y2 | K55: DZ2 | L55: BELOW2 | M55: X3 | N55: Y3 | O55: DZ3 | P55: BELOW3 | Q55: X4 | R55: Y4 | S55: DZ4 | T55: BELOW4 | V55: =IF(ISNUMBER($E55),$E55*0.0254,"") | W55: =IF(ISNUMBER($F55),$F55*0.0254,"") | X55: =IF(ISNUMBER($I55),$I55*0.0254,"") | Y55: =IF(ISNUMBER($J55),$J55*0.0254,"") | Z55: =IF(ISNUMBER($E55),SQRT((X55-V55)^2+(Y55-W55)^2),"") | AA55: =IFERROR(VALUE(TRIM(MID($C55,4,FIND("G",$C55)-4)))/100,"") | AB55: =IF(ISNUMBER($E55),$B55,"") | AC55: =IF(ISNUMBER($E55),ABS($X55-$V55),"") | AD55: =IF(ISNUMBER($E55),ABS($Y55-$W55),"")
B56: PH | C56: MHA 25 G35 | D56: 4 | E56: 741.19402 | F56: 766.15973 | G56: 102.3622 | H56: Y | I56: 653.20189 | J56: 766.15973 | K56: 102.3622 | L56: Y | M56: 653.20189 | N56: 766.15973 | O56: 0 | P56: N | Q56: 741.19402 | R56: 766.15973 | S56: 0 | T56: N | U56: STRAIGHT | V56: =IF(ISNUMBER($E56),$E56*0.0254,"") -> 18.826328 | W56: =IF(ISNUMBER($F56),$F56*0.0254,"") -> 19.460457 | X56: =IF(ISNUMBER($I56),$I56*0.0254,"") -> 16.591328 | Y56: =IF(ISNUMBER($J56),$J56*0.0254,"") -> 19.460457 | Z56: =IF(ISNUMBER($E56),SQRT((X56-V56)^2+(Y56-W56)^2),"") -> 2.235 | AA56: =IFERROR(VALUE(TRIM(MID($C56,4,FIND("G",$C56)-4)))/100,"") -> 0.25 | AB56: =IF(ISNUMBER($E56),$B56,"") -> PH | AC56: =IF(ISNUMBER($E56),ABS($X56-$V56),"") -> 2.235 | AD56: =IF(ISNUMBER($E56),ABS($Y56-$W56),"") -> 5.6132876e-13 | AE56: 653.20189 | AF56: 766.15973 | AG56: 0 | AH56: 653.20189 | AI56: 766.15973 | AJ56: 102.3622 | AK56: STRAIGHT | AL56: 2 | AM56: 653.20189 | AN56: 766.15973 | AO56: 102.3622 | AP56: 741.19402 | AQ56: 766.15973 | AR56: 102.3622 | AS56: STRAIGHT | AT56: 2 | AU56: 741.19402 | AV56: 766.15973 | AW56: 102.3622 | AX56: 741.19402 | AY56: 766.15973 | AZ56: 0 | BA56: MESH_DATA | BB56: 0 | BC56: 0
B57: PH | C57: MHA 25 G35 | D57: 4 | E57: 741.19402 | F57: 766.15973 | G57: 102.3622 | H57: Y | I57: 863.73861 | J57: 766.15973 | K57: 102.3622 | L57: Y | M57: 863.73861 | N57: 766.15973 | O57: 0 | P57: N | Q57: 741.19402 | R57: 766.15973 | S57: 0 | T57: N | U57: STRAIGHT | V57: =IF(ISNUMBER($E57),$E57*0.0254,"") -> 18.826328 | W57: =IF(ISNUMBER($F57),$F57*0.0254,"") -> 19.460457 | X57: =IF(ISNUMBER($I57),$I57*0.0254,"") -> 21.938961 | Y57: =IF(ISNUMBER($J57),$J57*0.0254,"") -> 19.460457 | Z57: =IF(ISNUMBER($E57),SQRT((X57-V57)^2+(Y57-W57)^2),"") -> 3.1126326 | AA57: =IFERROR(VALUE(TRIM(MID($C57,4,FIND("G",$C57)-4)))/100,"") -> 0.25 | AB57: =IF(ISNUMBER($E57),$B57,"") -> PH | AC57: =IF(ISNUMBER($E57),ABS($X57-$V57),"") -> 3.1126326 | AD57: =IF(ISNUMBER($E57),ABS($Y57-$W57),"") -> 0 | AE57: 863.73861 | AF57: 766.15973 | AG57: 0 | AH57: 863.73861 | AI57: 766.15973 | AJ57: 102.3622 | AK57: STRAIGHT | AL57: 2 | AM57: 863.73861 | AN57: 766.15973 | AO57: 102.3622 | AP57: 741.19402 | AQ57: 766.15973 | AR57: 102.3622 | AS57: STRAIGHT | AT57: 2 | AU57: 741.19402 | AV57: 766.15973 | AW57: 102.3622 | AX57: 741.19402 | AY57: 766.15973 | AZ57: 0 | BA57: MESH_DATA | BB57: 0 | BC57: 0
V58: =IF(ISNUMBER($E58),$E58*0.0254,"") | W58: =IF(ISNUMBER($F58),$F58*0.0254,"") | X58: =IF(ISNUMBER($I58),$I58*0.0254,"") | Y58: =IF(ISNUMBER($J58),$J58*0.0254,"") | Z58: =IF(ISNUMBER($E58),SQRT((X58-V58)^2+(Y58-W58)^2),"") | AA58: =IFERROR(VALUE(TRIM(MID($C58,4,FIND("G",$C58)-4)))/100,"") | AB58: =IF(ISNUMBER($E58),$B58,"") | AC58: =IF(ISNUMBER($E58),ABS($X58-$V58),"") | AD58: =IF(ISNUMBER($E58),ABS($Y58-$W58),"")
B59: TYPE | C59: SECTION | D59: POINTS | E59: X1 | F59: Y1 | G59: DZ1 | H59: BELOW1 | I59: X2 | J59: Y2 | K59: DZ2 | L59: BELOW2 | M59: X3 | N59: Y3 | O59: DZ3 | P59: BELOW3 | Q59: X4 | R59: Y4 | S59: DZ4 | T59: BELOW4 | V59: =IF(ISNUMBER($E59),$E59*0.0254,"") | W59: =IF(ISNUMBER($F59),$F59*0.0254,"") | X59: =IF(ISNUMBER($I59),$I59*0.0254,"") | Y59: =IF(ISNUMBER($J59),$J59*0.0254,"") | Z59: =IF(ISNUMBER($E59),SQRT((X59-V59)^2+(Y59-W59)^2),"") | AA59: =IFERROR(VALUE(TRIM(MID($C59,4,FIND("G",$C59)-4)))/100,"") | AB59: =IF(ISNUMBER($E59),$B59,"") | AC59: =IF(ISNUMBER($E59),ABS($X59-$V59),"") | AD59: =IF(ISNUMBER($E59),ABS($Y59-$W59),"")
B60: PE | C60: MHA 25 G35 | D60: 4 | E60: 653.20189 | F60: 620.49044 | G60: 102.3622 | H60: Y | I60: 863.72545 | J60: 620.49044 | K60: 102.3622 | L60: Y | M60: 863.72545 | N60: 620.49044 | O60: 0 | P60: N | Q60: 653.20189 | R60: 620.49044 | S60: 0 | T60: N | U60: STRAIGHT | V60: =IF(ISNUMBER($E60),$E60*0.0254,"") -> 16.591328 | W60: =IF(ISNUMBER($F60),$F60*0.0254,"") -> 15.760457 | X60: =IF(ISNUMBER($I60),$I60*0.0254,"") -> 21.938626 | Y60: =IF(ISNUMBER($J60),$J60*0.0254,"") -> 15.760457 | Z60: =IF(ISNUMBER($E60),SQRT((X60-V60)^2+(Y60-W60)^2),"") -> 5.3472983 | AA60: =IFERROR(VALUE(TRIM(MID($C60,4,FIND("G",$C60)-4)))/100,"") -> 0.25 | AB60: =IF(ISNUMBER($E60),$B60,"") -> PE | AC60: =IF(ISNUMBER($E60),ABS($X60-$V60),"") -> 5.3472983 | AD60: =IF(ISNUMBER($E60),ABS($Y60-$W60),"") -> 5.689671e-12 | AE60: 863.72545 | AF60: 620.49044 | AG60: 0 | AH60: 863.72545 | AI60: 620.49044 | AJ60: 102.3622 | AK60: STRAIGHT | AL60: 2 | AM60: 863.72545 | AN60: 620.49044 | AO60: 102.3622 | AP60: 653.20189 | AQ60: 620.49044 | AR60: 102.3622 | AS60: STRAIGHT | AT60: 2 | AU60: 653.20189 | AV60: 620.49044 | AW60: 102.3622 | AX60: 653.20189 | AY60: 620.49044 | AZ60: 0 | BA60: MESH_DATA | BB60: 0 | BC60: 0
V61: =IF(ISNUMBER($E61),$E61*0.0254,"") | W61: =IF(ISNUMBER($F61),$F61*0.0254,"") | X61: =IF(ISNUMBER($I61),$I61*0.0254,"") | Y61: =IF(ISNUMBER($J61),$J61*0.0254,"") | Z61: =IF(ISNUMBER($E61),SQRT((X61-V61)^2+(Y61-W61)^2),"") | AA61: =IFERROR(VALUE(TRIM(MID($C61,4,FIND("G",$C61)-4)))/100,"") | AB61: =IF(ISNUMBER($E61),$B61,"") | AC61: =IF(ISNUMBER($E61),ABS($X61-$V61),"") | AD61: =IF(ISNUMBER($E61),ABS($Y61-$W61),"")
B62: TYPE | C62: SECTION | D62: POINTS | E62: X1 | F62: Y1 | G62: DZ1 | H62: BELOW1 | I62: X2 | J62: Y2 | K62: DZ2 | L62: BELOW2 | M62: X3 | N62: Y3 | O62: DZ3 | P62: BELOW3 | Q62: X4 | R62: Y4 | S62: DZ4 | T62: BELOW4 | V62: =IF(ISNUMBER($E62),$E62*0.0254,"") | W62: =IF(ISNUMBER($F62),$F62*0.0254,"") | X62: =IF(ISNUMBER($I62),$I62*0.0254,"") | Y62: =IF(ISNUMBER($J62),$J62*0.0254,"") | Z62: =IF(ISNUMBER($E62),SQRT((X62-V62)^2+(Y62-W62)^2),"") | AA62: =IFERROR(VALUE(TRIM(MID($C62,4,FIND("G",$C62)-4)))/100,"") | AB62: =IF(ISNUMBER($E62),$B62,"") | AC62: =IF(ISNUMBER($E62),ABS($X62-$V62),"") | AD62: =IF(ISNUMBER($E62),ABS($Y62-$W62),"")
B63: P9 | C63: MHA 25 G35 | D63: 4 | E63: 741.19402 | F63: 620.49044 | G63: 102.3622 | H63: Y | I63: 741.19402 | J63: 766.15973 | K63: 102.3622 | L63: Y | M63: 741.19402 | N63: 766.15973 | O63: 0 | P63: N | Q63: 741.19402 | R63: 620.49044 | S63: 0 | T63: N | U63: STRAIGHT | V63: =IF(ISNUMBER($E63),$E63*0.0254,"") -> 18.826328 | W63: =IF(ISNUMBER($F63),$F63*0.0254,"") -> 15.760457 | X63: =IF(ISNUMBER($I63),$I63*0.0254,"") -> 18.826328 | Y63: =IF(ISNUMBER($J63),$J63*0.0254,"") -> 19.460457 | Z63: =IF(ISNUMBER($E63),SQRT((X63-V63)^2+(Y63-W63)^2),"") -> 3.7 | AA63: =IFERROR(VALUE(TRIM(MID($C63,4,FIND("G",$C63)-4)))/100,"") -> 0.25 | AB63: =IF(ISNUMBER($E63),$B63,"") -> P9 | AC63: =IF(ISNUMBER($E63),ABS($X63-$V63),"") -> 1.0658141e-12 | AD63: =IF(ISNUMBER($E63),ABS($Y63-$W63),"") -> 3.7 | AE63: 741.19402 | AF63: 766.15973 | AG63: 0 | AH63: 741.19402 | AI63: 766.15973 | AJ63: 102.3622 | AK63: STRAIGHT | AL63: 2 | AM63: 741.19402 | AN63: 766.15973 | AO63: 102.3622 | AP63: 741.19402 | AQ63: 620.49044 | AR63: 102.3622 | AS63: STRAIGHT | AT63: 2 | AU63: 741.19402 | AV63: 620.49044 | AW63: 102.3622 | AX63: 741.19402 | AY63: 620.49044 | AZ63: 0 | BA63: MESH_DATA | BB63: 0 | BC63: 0
V64: =IF(ISNUMBER($E64),$E64*0.0254,"") | W64: =IF(ISNUMBER($F64),$F64*0.0254,"") | X64: =IF(ISNUMBER($I64),$I64*0.0254,"") | Y64: =IF(ISNUMBER($J64),$J64*0.0254,"") | Z64: =IF(ISNUMBER($E64),SQRT((X64-V64)^2+(Y64-W64)^2),"") | AA64: =IFERROR(VALUE(TRIM(MID($C64,4,FIND("G",$C64)-4)))/100,"") | AB64: =IF(ISNUMBER($E64),$B64,"") | AC64: =IF(ISNUMBER($E64),ABS($X64-$V64),"") | AD64: =IF(ISNUMBER($E64),ABS($Y64-$W64),"")
B65: TYPE | C65: SECTION | D65: POINTS | E65: X1 | F65: Y1 | G65: DZ1 | H65: BELOW1 | I65: X2 | J65: Y2 | K65: DZ2 | L65: BELOW2 | M65: X3 | N65: Y3 | O65: DZ3 | P65: BELOW3 | Q65: X4 | R65: Y4 | S65: DZ4 | T65: BELOW4 | V65: =IF(ISNUMBER($E65),$E65*0.0254,"") | W65: =IF(ISNUMBER($F65),$F65*0.0254,"") | X65: =IF(ISNUMBER($I65),$I65*0.0254,"") | Y65: =IF(ISNUMBER($J65),$J65*0.0254,"") | Z65: =IF(ISNUMBER($E65),SQRT((X65-V65)^2+(Y65-W65)^2),"") | AA65: =IFERROR(VALUE(TRIM(MID($C65,4,FIND("G",$C65)-4)))/100,"") | AB65: =IF(ISNUMBER($E65),$B65,"") | AC65: =IF(ISNUMBER($E65),ABS($X65-$V65),"") | AD65: =IF(ISNUMBER($E65),ABS($Y65-$W65),"")
B66: P11 | C66: MHA 25 G35 | D66: 4 | E66: 863.71549 | F66: 510.25422 | G66: 102.3622 | H66: Y | I66: 863.7305 | J66: 676.39595 | K66: 102.3622 | L66: Y | M66: 863.7305 | N66: 676.39595 | O66: 0 | P66: N | Q66: 863.71549 | R66: 510.25422 | S66: 0 | T66: N | U66: STRAIGHT | V66: =IF(ISNUMBER($E66),$E66*0.0254,"") -> 21.938373 | W66: =IF(ISNUMBER($F66),$F66*0.0254,"") -> 12.960457 | X66: =IF(ISNUMBER($I66),$I66*0.0254,"") -> 21.938755 | Y66: =IF(ISNUMBER($J66),$J66*0.0254,"") -> 17.180457 | Z66: =IF(ISNUMBER($E66),SQRT((X66-V66)^2+(Y66-W66)^2),"") -> 4.22 | AA66: =IFERROR(VALUE(TRIM(MID($C66,4,FIND("G",$C66)-4)))/100,"") -> 0.25 | AB66: =IF(ISNUMBER($E66),$B66,"") -> P11 | AC66: =IF(ISNUMBER($E66),ABS($X66-$V66),"") -> 0.00038125767 | AD66: =IF(ISNUMBER($E66),ABS($Y66-$W66),"") -> 4.22 | AE66: 863.7305 | AF66: 676.39595 | AG66: 0 | AH66: 863.7305 | AI66: 676.39595 | AJ66: 102.3622 | AK66: STRAIGHT | AL66: 2 | AM66: 863.7305 | AN66: 676.39595 | AO66: 102.3622 | AP66: 863.71549 | AQ66: 510.25422 | AR66: 102.3622 | AS66: STRAIGHT | AT66: 2 | AU66: 863.71549 | AV66: 510.25422 | AW66: 102.3622 | AX66: 863.71549 | AY66: 510.25422 | AZ66: 0 | BA66: MESH_DATA | BB66: 0 | BC66: 0
V67: =IF(ISNUMBER($E67),$E67*0.0254,"") | W67: =IF(ISNUMBER($F67),$F67*0.0254,"") | X67: =IF(ISNUMBER($I67),$I67*0.0254,"") | Y67: =IF(ISNUMBER($J67),$J67*0.0254,"") | Z67: =IF(ISNUMBER($E67),SQRT((X67-V67)^2+(Y67-W67)^2),"") | AA67: =IFERROR(VALUE(TRIM(MID($C67,4,FIND("G",$C67)-4)))/100,"") | AB67: =IF(ISNUMBER($E67),$B67,"") | AC67: =IF(ISNUMBER($E67),ABS($X67-$V67),"") | AD67: =IF(ISNUMBER($E67),ABS($Y67-$W67),"")
B68: TYPE | C68: SECTION | D68: POINTS | E68: X1 | F68: Y1 | G68: DZ1 | H68: BELOW1 | I68: X2 | J68: Y2 | K68: DZ2 | L68: BELOW2 | M68: X3 | N68: Y3 | O68: DZ3 | P68: BELOW3 | Q68: X4 | R68: Y4 | S68: DZ4 | T68: BELOW4 | V68: =IF(ISNUMBER($E68),$E68*0.0254,"") | W68: =IF(ISNUMBER($F68),$F68*0.0254,"") | X68: =IF(ISNUMBER($I68),$I68*0.0254,"") | Y68: =IF(ISNUMBER($J68),$J68*0.0254,"") | Z68: =IF(ISNUMBER($E68),SQRT((X68-V68)^2+(Y68-W68)^2),"") | AA68: =IFERROR(VALUE(TRIM(MID($C68,4,FIND("G",$C68)-4)))/100,"") | AB68: =IF(ISNUMBER($E68),$B68,"") | AC68: =IF(ISNUMBER($E68),ABS($X68-$V68),"") | AD68: =IF(ISNUMBER($E68),ABS($Y68-$W68),"")
B69: P5G | C69: MHA 25 G35 | D69: 4 | E69: 594.14677 | F69: 804.3487 | G69: 102.3622 | H69: Y | I69: 594.14677 | J69: 590.17548 | K69: 102.3622 | L69: Y | M69: 594.14677 | N69: 590.17548 | O69: 0 | P69: N | Q69: 594.14677 | R69: 804.3487 | S69: 0 | T69: N | U69: STRAIGHT | V69: =IF(ISNUMBER($E69),$E69*0.0254,"") -> 15.091328 | W69: =IF(ISNUMBER($F69),$F69*0.0254,"") -> 20.430457 | X69: =IF(ISNUMBER($I69),$I69*0.0254,"") -> 15.091328 | Y69: =IF(ISNUMBER($J69),$J69*0.0254,"") -> 14.990457 | Z69: =IF(ISNUMBER($E69),SQRT((X69-V69)^2+(Y69-W69)^2),"") -> 5.44 | AA69: =IFERROR(VALUE(TRIM(MID($C69,4,FIND("G",$C69)-4)))/100,"") -> 0.25 | AB69: =IF(ISNUMBER($E69),$B69,"") -> P5G | AC69: =IF(ISNUMBER($E69),ABS($X69-$V69),"") -> 0 | AD69: =IF(ISNUMBER($E69),ABS($Y69-$W69),"") -> 5.44 | AE69: 594.14677 | AF69: 590.17548 | AG69: 0 | AH69: 594.14677 | AI69: 590.17548 | AJ69: 102.3622 | AK69: STRAIGHT | AL69: 2 | AM69: 594.14677 | AN69: 590.17548 | AO69: 102.3622 | AP69: 594.14677 | AQ69: 804.3487 | AR69: 102.3622 | AS69: STRAIGHT | AT69: 2 | AU69: 594.14677 | AV69: 804.3487 | AW69: 102.3622 | AX69: 594.14677 | AY69: 804.3487 | AZ69: 0 | BA69: MESH_DATA | BB69: 0 | BC69: 0
V70: =IF(ISNUMBER($E70),$E70*0.0254,"") | W70: =IF(ISNUMBER($F70),$F70*0.0254,"") | X70: =IF(ISNUMBER($I70),$I70*0.0254,"") | Y70: =IF(ISNUMBER($J70),$J70*0.0254,"") | Z70: =IF(ISNUMBER($E70),SQRT((X70-V70)^2+(Y70-W70)^2),"") | AA70: =IFERROR(VALUE(TRIM(MID($C70,4,FIND("G",$C70)-4)))/100,"") | AB70: =IF(ISNUMBER($E70),$B70,"") | AC70: =IF(ISNUMBER($E70),ABS($X70-$V70),"") | AD70: =IF(ISNUMBER($E70),ABS($Y70-$W70),"")
B71: TYPE | C71: SECTION | D71: XI | E71: YI | F71: DZI | G71: BELOWI | H71: XJ | I71: YJ | J71: DZJ | K71: BELOWJCurve Type | L71: Curve Points | M71: Curve X | N71: Curve Y | O71: Curve Z | P71: ...
B72: C1 | C72: C30x50 G35 | D72: 389.42236 | E72: 1878.3023 | F72: 102.3622 | G72: Y | H72: 389.42236 | I72: 1878.3023 | J72: 0 | K72: N | L72: STRAIGHT | M72: 2 | N72: 389.42236 | O72: 1878.3023 | P72: 0 | Q72: 389.42236 | R72: 1878.3023 | S72: 102.3622
B74: C4 | C74: C30x50 G35 | D74: 623.67766 | E74: 1878.3023 | F74: 102.3622 | G74: Y | H74: 623.67766 | I74: 1878.3023 | J74: 0 | K74: N | L74: STRAIGHT | M74: 2 | N74: 623.67766 | O74: 1878.3023 | P74: 0 | Q74: 623.67766 | R74: 1878.3023 | S74: 102.3622
B76: C7 | C76: C30x50 G35 | D76: 875.96322 | E76: 1878.3023 | F76: 102.3622 | G76: Y | H76: 875.96322 | I76: 1878.3023 | J76: 0 | K76: N | L76: STRAIGHT | M76: 2 | N76: 875.96322 | O76: 1878.3023 | P76: 0 | Q76: 875.96322 | R76: 1878.3023 | S76: 102.3622
B78: TYPE | C78: SECTION | D78: XI | E78: YI | F78: DZI | G78: BELOWI | H78: XJ | I78: YJ | J78: DZJ | K78: BELOWJCurve Type | L78: Curve Points | M78: Curve X | N78: Curve Y | O78: Curve Z | P78: ...
B79: C2 | C79: C30x50 G35 | D79: 389.42236 | E79: 1657.8298 | F79: 102.3622 | G79: Y | H79: 389.42236 | I79: 1657.8298 | J79: 0 | K79: N | L79: STRAIGHT | M79: 2 | N79: 389.42236 | O79: 1657.8298 | P79: 0 | Q79: 389.42236 | R79: 1657.8298 | S79: 102.3622
B81: C5 | C81: C30x50 G35 | D81: 623.67766 | E81: 1657.8298 | F81: 102.3622 | G81: Y | H81: 623.67766 | I81: 1657.8298 | J81: 0 | K81: N | L81: STRAIGHT | M81: 2 | N81: 623.67766 | O81: 1657.8298 | P81: 0 | Q81: 623.67766 | R81: 1657.8298 | S81: 102.3622
B83: C8 | C83: C30x50 G35 | D83: 875.96322 | E83: 1657.8298 | F83: 102.3622 | G83: Y | H83: 875.96322 | I83: 1657.8298 | J83: 0 | K83: N | L83: STRAIGHT | M83: 2 | N83: 875.96322 | O83: 1657.8298 | P83: 0 | Q83: 875.96322 | R83: 1657.8298 | S83: 102.3622
B85: TYPE | C85: SECTION | D85: XI | E85: YI | F85: DZI | G85: BELOWI | H85: XJ | I85: YJ | J85: DZJ | K85: BELOWJCurve Type | L85: Curve Points | M85: Curve X | N85: Curve Y | O85: Curve Z | P85: ...
B86: C3 | C86: C30x50 G35 | D86: 389.42236 | E86: 1460.9794 | F86: 102.3622 | G86: Y | H86: 389.42236 | I86: 1460.9794 | J86: 0 | K86: N | L86: STRAIGHT | M86: 2 | N86: 389.42236 | O86: 1460.9794 | P86: 0 | Q86: 389.42236 | R86: 1460.9794 | S86: 102.3622
B88: C6 | C88: C30x50 G35 | D88: 623.67766 | E88: 1460.9794 | F88: 102.3622 | G88: Y | H88: 623.67766 | I88: 1460.9794 | J88: 0 | K88: N | L88: STRAIGHT | M88: 2 | N88: 623.67766 | O88: 1460.9794 | P88: 0 | Q88: 623.67766 | R88: 1460.9794 | S88: 102.3622
B90: C9 | C90: C30x50 G35 | D90: 875.96322 | E90: 1460.9794 | F90: 102.3622 | G90: Y | H90: 875.96322 | I90: 1460.9794 | J90: 0 | K90: N | L90: STRAIGHT | M90: 2 | N90: 875.96322 | O90: 1460.9794 | P90: 0 | Q90: 875.96322 | R90: 1460.9794 | S90: 102.3622

Sheet MURO PERIMETRAL
B2: Story | C2: Pier | D2: Output Case | E2: Case Type | F2: Step Type | G2: Location | H2: P | I2: V2 | J2: V3 | K2: T | L2: M2 | M2: M3 | O2: Resumen V2 / M3 / P por Pier y Caso
H3: tonf | I3: tonf | J3: tonf | K3: tonf-m | L3: tonf-m | M3: tonf-m | O3: Pier | P3: Output Case | Q3: V2 max | R3: V2 min | S3: M3 max | T3: M3 min | U3: P max | V3: P min
B4: -1 | C4: P1 | D4: PP | E4: LinStatic | G4: Top | H4: -41.5256 | I4: 90.758 | J4: 2.2928 | K4: 50.594 | L4: -10.4159 | M4: 74.2811 | Q4: tonf | R4: tonf | S4: tonf-m | T4: tonf-m | U4: tonf | V4: tonf
B5: -1 | C5: P1 | D5: PP | E5: LinStatic | G5: Bottom | H5: -103.2006 | I5: 90.758 | J5: 2.2928 | K5: 50.594 | L5: -4.4546 | M5: 310.252 | O5: P1 | P5: PP | Q5: =_xlfn.MAXIFS($I$4:$I$173,$C$4:$C$173,$O5,$D$4:$D$173,$P5) -> 90.758 | R5: =_xlfn.MINIFS($I$4:$I$173,$C$4:$C$173,$O5,$D$4:$D$173,$P5) -> 90.758 | S5: =_xlfn.MAXIFS($M$4:$M$173,$C$4:$C$173,$O5,$D$4:$D$173,$P5) -> 310.252 | T5: =_xlfn.MINIFS($M$4:$M$173,$C$4:$C$173,$O5,$D$4:$D$173,$P5) -> 74.2811 | U5: =_xlfn.MAXIFS($H$4:$H$173,$C$4:$C$173,$O5,$D$4:$D$173,$P5) -> -41.5256 | V5: =_xlfn.MINIFS($H$4:$H$173,$C$4:$C$173,$O5,$D$4:$D$173,$P5) -> -103.2006
B6: -1 | C6: P1 | D6: SC | E6: LinStatic | G6: Top | H6: -39.1494 | I6: 80.9317 | J6: 2.197 | K6: 48.7801 | L6: -9.5303 | M6: 84.1175 | O6: P1 | P6: SC | Q6: =_xlfn.MAXIFS($I$4:$I$173,$C$4:$C$173,$O6,$D$4:$D$173,$P6) -> 80.9317 | R6: =_xlfn.MINIFS($I$4:$I$173,$C$4:$C$173,$O6,$D$4:$D$173,$P6) -> 80.9317 | S6: =_xlfn.MAXIFS($M$4:$M$173,$C$4:$C$173,$O6,$D$4:$D$173,$P6) -> 294.5399 | T6: =_xlfn.MINIFS($M$4:$M$173,$C$4:$C$173,$O6,$D$4:$D$173,$P6) -> 84.1175 | U6: =_xlfn.MAXIFS($H$4:$H$173,$C$4:$C$173,$O6,$D$4:$D$173,$P6) -> -39.1494 | V6: =_xlfn.MINIFS($H$4:$H$173,$C$4:$C$173,$O6,$D$4:$D$173,$P6) -> -39.1494
B7: -1 | C7: P1 | D7: SC | E7: LinStatic | G7: Bottom | H7: -39.1494 | I7: 80.9317 | J7: 2.197 | K7: 48.7801 | L7: -3.8182 | M7: 294.5399 | O7: P1 | P7: SX | Q7: =_xlfn.MAXIFS($I$4:$I$173,$C$4:$C$173,$O7,$D$4:$D$173,$P7) -> 105.4009 | R7: =_xlfn.MINIFS($I$4:$I$173,$C$4:$C$173,$O7,$D$4:$D$173,$P7) -> 105.4009 | S7: =_xlfn.MAXIFS($M$4:$M$173,$C$4:$C$173,$O7,$D$4:$D$173,$P7) -> 294.3905 | T7: =_xlfn.MINIFS($M$4:$M$173,$C$4:$C$173,$O7,$D$4:$D$173,$P7) -> 87.9462 | U7: =_xlfn.MAXIFS($H$4:$H$173,$C$4:$C$173,$O7,$D$4:$D$173,$P7) -> 5.0862 | V7: =_xlfn.MINIFS($H$4:$H$173,$C$4:$C$173,$O7,$D$4:$D$173,$P7) -> 5.0862
B8: -1 | C8: P1 | D8: SX | E8: LinRespSpec | F8: Max | G8: Top | H8: 5.0862 | I8: 105.4009 | J8: 5.2074 | K8: 43.511 | L8: 3.4467 | M8: 87.9462 | O8: P1 | P8: SY | Q8: =_xlfn.MAXIFS($I$4:$I$173,$C$4:$C$173,$O8,$D$4:$D$173,$P8) -> 210.3668 | R8: =_xlfn.MINIFS($I$4:$I$173,$C$4:$C$173,$O8,$D$4:$D$173,$P8) -> 210.3668 | S8: =_xlfn.MAXIFS($M$4:$M$173,$C$4:$C$173,$O8,$D$4:$D$173,$P8) -> 403.9666 | T8: =_xlfn.MINIFS($M$4:$M$173,$C$4:$C$173,$O8,$D$4:$D$173,$P8) -> 143.8221 | U8: =_xlfn.MAXIFS($H$4:$H$173,$C$4:$C$173,$O8,$D$4:$D$173,$P8) -> 5.5207 | V8: =_xlfn.MINIFS($H$4:$H$173,$C$4:$C$173,$O8,$D$4:$D$173,$P8) -> 5.5207
B9: -1 | C9: P1 | D9: SX | E9: LinRespSpec | F9: Max | G9: Bottom | H9: 5.0862 | I9: 105.4009 | J9: 5.2074 | K9: 43.511 | L9: 10.653 | M9: 294.3905 | O9: PN | P9: PP | Q9: =_xlfn.MAXIFS($I$4:$I$173,$C$4:$C$173,$O9,$D$4:$D$173,$P9) -> -21.5459 | R9: =_xlfn.MINIFS($I$4:$I$173,$C$4:$C$173,$O9,$D$4:$D$173,$P9) -> -21.5459 | S9: =_xlfn.MAXIFS($M$4:$M$173,$C$4:$C$173,$O9,$D$4:$D$173,$P9) -> 27.3762 | T9: =_xlfn.MINIFS($M$4:$M$173,$C$4:$C$173,$O9,$D$4:$D$173,$P9) -> -28.6432 | U9: =_xlfn.MAXIFS($H$4:$H$173,$C$4:$C$173,$O9,$D$4:$D$173,$P9) -> -36.7532 | V9: =_xlfn.MINIFS($H$4:$H$173,$C$4:$C$173,$O9,$D$4:$D$173,$P9) -> -70.8132
B10: -1 | C10: P1 | D10: SY | E10: LinRespSpec | F10: Max | G10: Top | H10: 5.5207 | I10: 210.3668 | J10: 0.4237 | K10: 4.4033 | L10: 0.8712 | M10: 143.8221 | O10: PN | P10: SC | Q10: =_xlfn.MAXIFS($I$4:$I$173,$C$4:$C$173,$O10,$D$4:$D$173,$P10) -> -23.4705 | R10: =_xlfn.MINIFS($I$4:$I$173,$C$4:$C$173,$O10,$D$4:$D$173,$P10) -> -23.4705 | S10: =_xlfn.MAXIFS($M$4:$M$173,$C$4:$C$173,$O10,$D$4:$D$173,$P10) -> 28.6637 | T10: =_xlfn.MINIFS($M$4:$M$173,$C$4:$C$173,$O10,$D$4:$D$173,$P10) -> -32.3595 | U10: =_xlfn.MAXIFS($H$4:$H$173,$C$4:$C$173,$O10,$D$4:$D$173,$P10) -> -35.1075 | V10: =_xlfn.MINIFS($H$4:$H$173,$C$4:$C$173,$O10,$D$4:$D$173,$P10) -> -35.1075
B11: -1 | C11: P1 | D11: SY | E11: LinRespSpec | F11: Max | G11: Bottom | H11: 5.5207 | I11: 210.3668 | J11: 0.4237 | K11: 4.4033 | L11: 1.2684 | M11: 403.9666 | O11: PN | P11: SX | Q11: =_xlfn.MAXIFS($I$4:$I$173,$C$4:$C$173,$O11,$D$4:$D$173,$P11) -> 156.9326 | R11: =_xlfn.MINIFS($I$4:$I$173,$C$4:$C$173,$O11,$D$4:$D$173,$P11) -> 156.9326 | S11: =_xlfn.MAXIFS($M$4:$M$173,$C$4:$C$173,$O11,$D$4:$D$173,$P11) -> 273.4855 | T11: =_xlfn.MINIFS($M$4:$M$173,$C$4:$C$173,$O11,$D$4:$D$173,$P11) -> 134.7712 | U11: =_xlfn.MAXIFS($H$4:$H$173,$C$4:$C$173,$O11,$D$4:$D$173,$P11) -> 3.1064 | V11: =_xlfn.MINIFS($H$4:$H$173,$C$4:$C$173,$O11,$D$4:$D$173,$P11) -> 3.1064
B12: -1 | C12: P1 | D12: C1 | E12: Combination | G12: Top | H12: -58.1359 | I12: 127.0612 | J12: 3.2099 | K12: 70.8316 | L12: -14.5823 | M12: 103.9935 | O12: PN | P12: SY | Q12: =_xlfn.MAXIFS($I$4:$I$173,$C$4:$C$173,$O12,$D$4:$D$173,$P12) -> 34.6338 | R12: =_xlfn.MINIFS($I$4:$I$173,$C$4:$C$173,$O12,$D$4:$D$173,$P12) -> 34.6338 | S12: =_xlfn.MAXIFS($M$4:$M$173,$C$4:$C$173,$O12,$D$4:$D$173,$P12) -> 68.2735 | T12: =_xlfn.MINIFS($M$4:$M$173,$C$4:$C$173,$O12,$D$4:$D$173,$P12) -> 34.489 | U12: =_xlfn.MAXIFS($H$4:$H$173,$C$4:$C$173,$O12,$D$4:$D$173,$P12) -> 12.2056 | V12: =_xlfn.MINIFS($H$4:$H$173,$C$4:$C$173,$O12,$D$4:$D$173,$P12) -> 12.2056
B13: -1 | C13: P1 | D13: C1 | E13: Combination | G13: Bottom | H13: -144.4809 | I13: 127.0612 | J13: 3.2099 | K13: 70.8316 | L13: -6.2365 | M13: 434.3528 | O13: P13 | P13: PP | Q13: =_xlfn.MAXIFS($I$4:$I$173,$C$4:$C$173,$O13,$D$4:$D$173,$P13) -> -19.9414 | R13: =_xlfn.MINIFS($I$4:$I$173,$C$4:$C$173,$O13,$D$4:$D$173,$P13) -> -19.9414 | S13: =_xlfn.MAXIFS($M$4:$M$173,$C$4:$C$173,$O13,$D$4:$D$173,$P13) -> 52.6255 | T13: =_xlfn.MINIFS($M$4:$M$173,$C$4:$C$173,$O13,$D$4:$D$173,$P13) -> 0.7779 | U13: =_xlfn.MAXIFS($H$4:$H$173,$C$4:$C$173,$O13,$D$4:$D$173,$P13) -> -39.3749 | V13: =_xlfn.MINIFS($H$4:$H$173,$C$4:$C$173,$O13,$D$4:$D$173,$P13) -> -78.6609
B14: -1 | C14: P1 | D14: C2 | E14: Combination | G14: Top | H14: -112.4698 | I14: 238.4003 | J14: 6.2665 | K14: 138.761 | L14: -27.7476 | M14: 223.7254 | O14: P13 | P14: SC | Q14: =_xlfn.MAXIFS($I$4:$I$173,$C$4:$C$173,$O14,$D$4:$D$173,$P14) -> -11.4693 | R14: =_xlfn.MINIFS($I$4:$I$173,$C$4:$C$173,$O14,$D$4:$D$173,$P14) -> -11.4693 | S14: =_xlfn.MAXIFS($M$4:$M$173,$C$4:$C$173,$O14,$D$4:$D$173,$P14) -> 36.2713 | T14: =_xlfn.MINIFS($M$4:$M$173,$C$4:$C$173,$O14,$D$4:$D$173,$P14) -> 6.4511 | U14: =_xlfn.MAXIFS($H$4:$H$173,$C$4:$C$173,$O14,$D$4:$D$173,$P14) -> -38.2734 | V14: =_xlfn.MINIFS($H$4:$H$173,$C$4:$C$173,$O14,$D$4:$D$173,$P14) -> -38.2734
B15: -1 | C15: P1 | D15: C2 | E15: Combination | G15: Bottom | H15: -186.4798 | I15: 238.4003 | J15: 6.2665 | K15: 138.761 | L15: -11.4548 | M15: 843.5663 | O15: P13 | P15: SX | Q15: =_xlfn.MAXIFS($I$4:$I$173,$C$4:$C$173,$O15,$D$4:$D$173,$P15) -> 77.8666 | R15: =_xlfn.MINIFS($I$4:$I$173,$C$4:$C$173,$O15,$D$4:$D$173,$P15) -> 77.8666 | S15: =_xlfn.MAXIFS($M$4:$M$173,$C$4:$C$173,$O15,$D$4:$D$173,$P15) -> 147.5598 | T15: =_xlfn.MINIFS($M$4:$M$173,$C$4:$C$173,$O15,$D$4:$D$173,$P15) -> 57.8965 | U15: =_xlfn.MAXIFS($H$4:$H$173,$C$4:$C$173,$O15,$D$4:$D$173,$P15) -> 21.565 | V15: =_xlfn.MINIFS($H$4:$H$173,$C$4:$C$173,$O15,$D$4:$D$173,$P15) -> 21.565
B16: -1 | C16: P1 | D16: C3 | E16: Combination | F16: Max | G16: Top | H16: -30.2523 | I16: 229.2434 | J16: 9.3538 | K16: 106.45 | L16: -4.5489 | M16: 189.9776 | O16: P13 | P16: SY | Q16: =_xlfn.MAXIFS($I$4:$I$173,$C$4:$C$173,$O16,$D$4:$D$173,$P16) -> 190.2291 | R16: =_xlfn.MINIFS($I$4:$I$173,$C$4:$C$173,$O16,$D$4:$D$173,$P16) -> 190.2291 | S16: =_xlfn.MAXIFS($M$4:$M$173,$C$4:$C$173,$O16,$D$4:$D$173,$P16) -> 401.1794 | T16: =_xlfn.MINIFS($M$4:$M$173,$C$4:$C$173,$O16,$D$4:$D$173,$P16) -> 93.4796 | U16: =_xlfn.MAXIFS($H$4:$H$173,$C$4:$C$173,$O16,$D$4:$D$173,$P16) -> 7.682 | V16: =_xlfn.MINIFS($H$4:$H$173,$C$4:$C$173,$O16,$D$4:$D$173,$P16) -> 7.682
B17: -1 | C17: P1 | D17: C3 | E17: Combination | F17: Max | G17: Bottom | H17: -85.7599 | I17: 229.2434 | J17: 9.3538 | K17: 106.45 | L17: 10.905 | M17: 691.3735 | O17: Plb | P17: PP | Q17: =_xlfn.MAXIFS($I$4:$I$173,$C$4:$C$173,$O17,$D$4:$D$173,$P17) -> 4.8445 | R17: =_xlfn.MINIFS($I$4:$I$173,$C$4:$C$173,$O17,$D$4:$D$173,$P17) -> 4.8445 | S17: =_xlfn.MAXIFS($M$4:$M$173,$C$4:$C$173,$O17,$D$4:$D$173,$P17) -> 0.1901 | T17: =_xlfn.MINIFS($M$4:$M$173,$C$4:$C$173,$O17,$D$4:$D$173,$P17) -> -12.4054 | U17: =_xlfn.MAXIFS($H$4:$H$173,$C$4:$C$173,$O17,$D$4:$D$173,$P17) -> -11.7676 | V17: =_xlfn.MINIFS($H$4:$H$173,$C$4:$C$173,$O17,$D$4:$D$173,$P17) -> -16.1226
B18: -1 | C18: P1 | D18: C3 | E18: Combination | F18: Min | G18: Top | H18: -44.4938 | I18: -65.879 | J18: -5.2268 | K18: -15.3808 | L18: -14.1997 | M18: -56.2716 | O18: Plb | P18: SC | Q18: =_xlfn.MAXIFS($I$4:$I$173,$C$4:$C$173,$O18,$D$4:$D$173,$P18) -> 4.7552 | R18: =_xlfn.MINIFS($I$4:$I$173,$C$4:$C$173,$O18,$D$4:$D$173,$P18) -> 4.7552 | S18: =_xlfn.MAXIFS($M$4:$M$173,$C$4:$C$173,$O18,$D$4:$D$173,$P18) -> 1.998 | T18: =_xlfn.MINIFS($M$4:$M$173,$C$4:$C$173,$O18,$D$4:$D$173,$P18) -> -10.3655 | U18: =_xlfn.MAXIFS($H$4:$H$173,$C$4:$C$173,$O18,$D$4:$D$173,$P18) -> -8.4845 | V18: =_xlfn.MINIFS($H$4:$H$173,$C$4:$C$173,$O18,$D$4:$D$173,$P18) -> -8.4845
B19: -1 | C19: P1 | D19: C3 | E19: Combination | F19: Min | G19: Bottom | H19: -100.0013 | I19: -65.879 | J19: -5.2268 | K19: -15.3808 | L19: -18.9234 | M19: -132.9199 | O19: Plb | P19: SX | Q19: =_xlfn.MAXIFS($I$4:$I$173,$C$4:$C$173,$O19,$D$4:$D$173,$P19) -> 37.2225 | R19: =_xlfn.MINIFS($I$4:$I$173,$C$4:$C$173,$O19,$D$4:$D$173,$P19) -> 37.2225 | S19: =_xlfn.MAXIFS($M$4:$M$173,$C$4:$C$173,$O19,$D$4:$D$173,$P19) -> 52.4353 | T19: =_xlfn.MINIFS($M$4:$M$173,$C$4:$C$173,$O19,$D$4:$D$173,$P19) -> 44.3528 | U19: =_xlfn.MAXIFS($H$4:$H$173,$C$4:$C$173,$O19,$D$4:$D$173,$P19) -> 2.8755 | V19: =_xlfn.MINIFS($H$4:$H$173,$C$4:$C$173,$O19,$D$4:$D$173,$P19) -> 2.8755
B20: -1 | C20: P1 | D20: C5 | E20: Combination | F20: Max | G20: Top | H20: -81.8594 | I20: 337.4025 | J20: 12.2386 | K20: 170.4084 | L20: -17.204 | M20: 296.3795 | O20: Plb | P20: SY | Q20: =_xlfn.MAXIFS($I$4:$I$173,$C$4:$C$173,$O20,$D$4:$D$173,$P20) -> 1.513 | R20: =_xlfn.MINIFS($I$4:$I$173,$C$4:$C$173,$O20,$D$4:$D$173,$P20) -> 1.513 | S20: =_xlfn.MAXIFS($M$4:$M$173,$C$4:$C$173,$O20,$D$4:$D$173,$P20) -> 4.9768 | T20: =_xlfn.MINIFS($M$4:$M$173,$C$4:$C$173,$O20,$D$4:$D$173,$P20) -> 3.7109 | U20: =_xlfn.MAXIFS($H$4:$H$173,$C$4:$C$173,$O20,$D$4:$D$173,$P20) -> 3.2613 | V20: =_xlfn.MINIFS($H$4:$H$173,$C$4:$C$173,$O20,$D$4:$D$173,$P20) -> 3.2613
B21: -1 | C21: P1 | D21: C5 | E21: Combination | F21: Max | G21: Bottom | H21: -155.8695 | I21: 337.4025 | J21: 12.2386 | K21: 170.4084 | L21: 5.7504 | M21: 1078.989 | O21: P12 | P21: PP | Q21: =_xlfn.MAXIFS($I$4:$I$173,$C$4:$C$173,$O21,$D$4:$D$173,$P21) -> -14.301 | R21: =_xlfn.MINIFS($I$4:$I$173,$C$4:$C$173,$O21,$D$4:$D$173,$P21) -> -14.301 | S21: =_xlfn.MAXIFS($M$4:$M$173,$C$4:$C$173,$O21,$D$4:$D$173,$P21) -> 106.985 | T21: =_xlfn.MINIFS($M$4:$M$173,$C$4:$C$173,$O21,$D$4:$D$173,$P21) -> 69.8024 | U21: =_xlfn.MAXIFS($H$4:$H$173,$C$4:$C$173,$O21,$D$4:$D$173,$P21) -> 0.1522 | V21: =_xlfn.MINIFS($H$4:$H$173,$C$4:$C$173,$O21,$D$4:$D$173,$P21) -> -12.1918
B22: -1 | C22: P1 | D22: C5 | E22: Combination | F22: Min | G22: Top | H22: -96.1008 | I22: 42.2801 | J22: -2.342 | K22: 48.5775 | L22: -26.8549 | M22: 50.1302 | O22: P12 | P22: SC | Q22: =_xlfn.MAXIFS($I$4:$I$173,$C$4:$C$173,$O22,$D$4:$D$173,$P22) -> -8.9325 | R22: =_xlfn.MINIFS($I$4:$I$173,$C$4:$C$173,$O22,$D$4:$D$173,$P22) -> -8.9325 | S22: =_xlfn.MAXIFS($M$4:$M$173,$C$4:$C$173,$O22,$D$4:$D$173,$P22) -> 50.3615 | T22: =_xlfn.MINIFS($M$4:$M$173,$C$4:$C$173,$O22,$D$4:$D$173,$P22) -> 27.1369 | U22: =_xlfn.MAXIFS($H$4:$H$173,$C$4:$C$173,$O22,$D$4:$D$173,$P22) -> -13.2324 | V22: =_xlfn.MINIFS($H$4:$H$173,$C$4:$C$173,$O22,$D$4:$D$173,$P22) -> -13.2324
B23: -1 | C23: P1 | D23: C5 | E23: Combination | F23: Min | G23: Bottom | H23: -170.1109 | I23: 42.2801 | J23: -2.342 | K23: 48.5775 | L23: -24.078 | M23: 254.6956 | O23: P12 | P23: SX | Q23: =_xlfn.MAXIFS($I$4:$I$173,$C$4:$C$173,$O23,$D$4:$D$173,$P23) -> 17.287 | R23: =_xlfn.MINIFS($I$4:$I$173,$C$4:$C$173,$O23,$D$4:$D$173,$P23) -> 17.287 | S23: =_xlfn.MAXIFS($M$4:$M$173,$C$4:$C$173,$O23,$D$4:$D$173,$P23) -> 38.2739 | T23: =_xlfn.MINIFS($M$4:$M$173,$C$4:$C$173,$O23,$D$4:$D$173,$P23) -> 32.7644 | U23: =_xlfn.MAXIFS($H$4:$H$173,$C$4:$C$173,$O23,$D$4:$D$173,$P23) -> 20.2848 | V23: =_xlfn.MINIFS($H$4:$H$173,$C$4:$C$173,$O23,$D$4:$D$173,$P23) -> 20.2848
B24: -1 | C24: P1 | D24: C6 | E24: Combination | F24: Max | G24: Top | H24: -81.2512 | I24: 484.3549 | J24: 5.5415 | K24: 115.6576 | L24: -20.8098 | M24: 374.6058 | O24: P12 | P24: SY | Q24: =_xlfn.MAXIFS($I$4:$I$173,$C$4:$C$173,$O24,$D$4:$D$173,$P24) -> 58.8195 | R24: =_xlfn.MINIFS($I$4:$I$173,$C$4:$C$173,$O24,$D$4:$D$173,$P24) -> 58.8195 | S24: =_xlfn.MAXIFS($M$4:$M$173,$C$4:$C$173,$O24,$D$4:$D$173,$P24) -> 125.3613 | T24: =_xlfn.MINIFS($M$4:$M$173,$C$4:$C$173,$O24,$D$4:$D$173,$P24) -> 33.6955 | U24: =_xlfn.MAXIFS($H$4:$H$173,$C$4:$C$173,$O24,$D$4:$D$173,$P24) -> 2.8078 | V24: =_xlfn.MINIFS($H$4:$H$173,$C$4:$C$173,$O24,$D$4:$D$173,$P24) -> 2.8078
B25: -1 | C25: P1 | D25: C6 | E25: Combination | F25: Max | G25: Bottom | H25: -155.2612 | I25: 484.3549 | J25: 5.5415 | K25: 115.6576 | L25: -7.3881 | M25: 1232.3955
B26: -1 | C26: P1 | D26: C6 | E26: Combination | F26: Min | G26: Top | H26: -96.7091 | I26: -104.6722 | J26: 4.3551 | K26: 103.3283 | L26: -23.2491 | M26: -28.0961
B27: -1 | C27: P1 | D27: C6 | E27: Combination | F27: Min | G27: Bottom | H27: -170.7191 | I27: -104.6722 | J27: 4.3551 | K27: 103.3283 | L27: -10.9395 | M27: 101.2891
B28: -1 | C28: P1 | D28: ENVC | E28: Combination | F28: Max | G28: Top | H28: -29.6441 | I28: 484.3549 | J28: 12.2386 | K28: 170.4084 | L28: -4.5489 | M28: 374.6058
B29: -1 | C29: P1 | D29: ENVC | E29: Combination | F29: Max | G29: Bottom | H29: -85.1516 | I29: 484.3549 | J29: 12.2386 | K29: 170.4084 | L29: 10.905 | M29: 1232.3955
B30: -1 | C30: P1 | D30: ENVC | E30: Combination | F30: Min | G30: Top | H30: -112.4698 | I30: -212.8313 | J30: -5.2268 | K30: -15.3808 | L30: -27.7476 | M30: -134.498
B31: -1 | C31: P1 | D31: ENVC | E31: Combination | F31: Min | G31: Bottom | H31: -186.4798 | I31: -212.8313 | J31: -5.2268 | K31: -15.3808 | L31: -24.078 | M31: -286.3264
B32: -1 | C32: P1 | D32: C4 | E32: Combination | F32: Max | G32: Top | H32: -29.6441 | I32: 376.1958 | J32: 2.6567 | K32: 51.6992 | L32: -8.1547 | M32: 268.2039
B33: -1 | C33: P1 | D33: C4 | E33: Combination | F33: Max | G33: Bottom | H33: -85.1516 | I33: 376.1958 | J33: 2.6567 | K33: 51.6992 | L33: -2.2335 | M33: 844.78
B34: -1 | C34: P1 | D34: C4 | E34: Combination | F34: Min | G34: Top | H34: -45.102 | I34: -212.8313 | J34: 1.4703 | K34: 39.37 | L34: -10.5939 | M34: -134.498
B35: -1 | C35: P1 | D35: C4 | E35: Combination | F35: Min | G35: Bottom | H35: -100.6095 | I35: -212.8313 | J35: 1.4703 | K35: 39.37 | L35: -5.7849 | M35: -286.3264
B36: -1 | C36: P1 | D36: PPSC | E36: Combination | G36: Top | H36: -80.675 | I36: 171.6897 | J36: 4.4898 | K36: 99.3741 | L36: -19.9462 | M36: 158.3986
B37: -1 | C37: P1 | D37: PPSC | E37: Combination | G37: Bottom | H37: -142.35 | I37: 171.6897 | J37: 4.4898 | K37: 99.3741 | L37: -8.2729 | M37: 604.7919
B38: -1 | C38: PN | D38: PP | E38: LinStatic | G38: Top | H38: -36.7532 | I38: -21.5459 | J38: 8.5309 | K38: 2.1196 | L38: -14.944 | M38: 27.3762
B39: -1 | C39: PN | D39: PP | E39: LinStatic | G39: Bottom | H39: -70.8132 | I39: -21.5459 | J39: 8.5309 | K39: 2.1196 | L39: 7.2364 | M39: -28.6432
B40: -1 | C40: PN | D40: SC | E40: LinStatic | G40: Top | H40: -35.1075 | I40: -23.4705 | J40: 8.033 | K40: 1.9816 | L40: -14.0676 | M40: 28.6637
B41: -1 | C41: PN | D41: SC | E41: LinStatic | G41: Bottom | H41: -35.1075 | I41: -23.4705 | J41: 8.033 | K41: 1.9816 | L41: 6.8181 | M41: -32.3595
B42: -1 | C42: PN | D42: SX | E42: LinRespSpec | F42: Max | G42: Top | H42: 3.1064 | I42: 156.9326 | J42: 0.1032 | K42: 2.6161 | L42: 0.1382 | M42: 134.7712
B43: -1 | C43: PN | D43: SX | E43: LinRespSpec | F43: Max | G43: Bottom | H43: 3.1064 | I43: 156.9326 | J43: 0.1032 | K43: 2.6161 | L43: 0.1762 | M43: 273.4855
B44: -1 | C44: PN | D44: SY | E44: LinRespSpec | F44: Max | G44: Top | H44: 12.2056 | I44: 34.6338 | J44: 1.1121 | K44: 0.5973 | L44: 0.8181 | M44: 34.489
B45: -1 | C45: PN | D45: SY | E45: LinRespSpec | F45: Max | G45: Bottom | H45: 12.2056 | I45: 34.6338 | J45: 1.1121 | K45: 0.5973 | L45: 2.0802 | M45: 68.2735
B46: -1 | C46: PN | D46: C1 | E46: Combination | G46: Top | H46: -51.4545 | I46: -30.1643 | J46: 11.9433 | K46: 2.9675 | L46: -20.9216 | M46: 38.3267
B47: -1 | C47: PN | D47: C1 | E47: Combination | G47: Bottom | H47: -99.1385 | I47: -30.1643 | J47: 11.9433 | K47: 2.9675 | L47: 10.131 | M47: -40.1005
B48: -1 | C48: PN | D48: C2 | E48: Combination | G48: Top | H48: -100.2759 | I48: -63.4079 | J48: 23.0898 | K48: 5.714 | L48: -40.4409 | M48: 78.7134
B49: -1 | C49: PN | D49: C2 | E49: Combination | G49: Bottom | H49: -141.1479 | I49: -63.4079 | J49: 23.0898 | K49: 5.714 | L49: 19.5927 | M49: -86.1471
B50: -1 | C50: PN | D50: C3 | E50: Combination | F50: Max | G50: Top | H50: -28.729 | I50: 200.3143 | J50: 7.8223 | K50: 5.5701 | L50: -13.256 | M50: 213.3182
B51: -1 | C51: PN | D51: C3 | E51: Combination | F51: Max | G51: Bottom | H51: -59.383 | I51: 200.3143 | J51: 7.8223 | K51: 5.5701 | L51: 6.7595 | M51: 357.1008
B52: -1 | C52: PN | D52: C3 | E52: Combination | F52: Min | G52: Top | H52: -37.4268 | I52: -239.0969 | J52: 7.5334 | K52: -1.7548 | L52: -13.6431 | M52: -164.0411
B53: -1 | C53: PN | D53: C3 | E53: Combination | F53: Min | G53: Bottom | H53: -68.0808 | I53: -239.0969 | J53: 7.5334 | K53: -1.7548 | L53: 6.2661 | M53: -408.6586
B54: -1 | C54: PN | D54: C5 | E54: Combination | F54: Max | G54: Top | H54: -74.8625 | I54: 170.38 | J54: 18.4145 | K54: 8.1876 | L54: -31.8068 | M54: 250.1948
B55: -1 | C55: PN | D55: C5 | E55: Combination | F55: Max | G55: Bottom | H55: -115.7345 | I55: 170.38 | J55: 18.4145 | K55: 8.1876 | L55: 15.7485 | M55: 316.1483
B56: -1 | C56: PN | D56: C5 | E56: Combination | F56: Min | G56: Top | H56: -83.5603 | I56: -269.0312 | J56: 18.1256 | K56: 0.8626 | L56: -32.1939 | M56: -127.1645
B57: -1 | C57: PN | D57: C5 | E57: Combination | F57: Min | G57: Bottom | H57: -124.4323 | I57: -269.0312 | J57: 18.1256 | K57: 0.8626 | L57: 15.2551 | M57: -449.6111
B58: -1 | C58: PN | D58: C6 | E58: Combination | F58: Max | G58: Top | H58: -62.1236 | I58: -0.8382 | J58: 19.827 | K58: 5.3613 | L58: -30.855 | M58: 109.7997
B59: -1 | C59: PN | D59: C6 | E59: Combination | F59: Max | G59: Bottom | H59: -102.9956 | I59: -0.8382 | J59: 19.827 | K59: 5.3613 | L59: 18.4141 | M59: 28.8516
B60: -1 | C60: PN | D60: C6 | E60: Combination | F60: Min | G60: Top | H60: -96.2992 | I60: -97.813 | J60: 16.7131 | K60: 3.6889 | L60: -33.1456 | M60: 13.2306
B61: -1 | C61: PN | D61: C6 | E61: Combination | F61: Min | G61: Bottom | H61: -137.1712 | I61: -97.813 | J61: 16.7131 | K61: 3.6889 | L61: 12.5895 | M61: -162.3143
... B69: -1 | C69: PN | D69: C4 | E69: Combination | F69: Min | G69: Bottom | H69: -80.8197 | I69: -67.8787 | J69: 6.1209 | K69: 1.0714 | L69: 3.6004 | M69: -121.3618
B70: -1 | C70: PN | D70: PPSC | E70: Combination | G70: Top | H70: -71.8608 | I70: -45.0164 | J70: 16.5639 | K70: 4.1012 | L70: -29.0115 | M70: 56.0399
B71: -1 | C71: PN | D71: PPSC | E71: Combination | G71: Bottom | H71: -105.9208 | I71: -45.0164 | J71: 16.5639 | K71: 4.1012 | L71: 14.0545 | M71: -61.0027
B72: -1 | C72: P13 | D72: PP | E72: LinStatic | G72: Top | H72: -39.3749 | I72: -19.9414 | J72: -6.0078 | K72: -1.6146 | L72: 10.5713 | M72: 52.6255
B73: -1 | C73: P13 | D73: PP | E73: LinStatic | G73: Bottom | H73: -78.6609 | I73: -19.9414 | J73: -6.0078 | K73: -1.6146 | L73: -5.049 | M73: 0.7779
B74: -1 | C74: P13 | D74: SC | E74: LinStatic | G74: Top | H74: -38.2734 | I74: -11.4693 | J74: -5.7164 | K74: -1.6997 | L74: 10.0371 | M74: 36.2713
B75: -1 | C75: P13 | D75: SC | E75: LinStatic | G75: Bottom | H75: -38.2734 | I75: -11.4693 | J75: -5.7164 | K75: -1.6997 | L75: -4.8254 | M75: 6.4511
B76: -1 | C76: P13 | D76: SX | E76: LinRespSpec | F76: Max | G76: Top | H76: 21.565 | I76: 77.8666 | J76: 2.4097 | K76: 6.5934 | L76: 2.5319 | M76: 147.5598
B77: -1 | C77: P13 | D77: SX | E77: LinRespSpec | F77: Max | G77: Bottom | H77: 21.565 | I77: 77.8666 | J77: 2.4097 | K77: 6.5934 | L77: 3.7338 | M77: 57.8965
B78: -1 | C78: P13 | D78: SY | E78: LinRespSpec | F78: Max | G78: Top | H78: 7.682 | I78: 190.2291 | J78: 0.215 | K78: 0.7318 | L78: 0.2343 | M78: 93.4796
B79: -1 | C79: P13 | D79: SY | E79: LinRespSpec | F79: Max | G79: Bottom | H79: 7.682 | I79: 190.2291 | J79: 0.215 | K79: 0.7318 | L79: 0.3446 | M79: 401.1794
B80: -1 | C80: P13 | D80: C1 | E80: Combination | G80: Top | H80: -55.1249 | I80: -27.918 | J80: -8.411 | K80: -2.2605 | L80: 14.7998 | M80: 73.6757
B81: -1 | C81: P13 | D81: C1 | E81: Combination | G81: Bottom | H81: -110.1253 | I81: -27.918 | J81: -8.411 | K81: -2.2605 | L81: -7.0686 | M81: 1.089
B82: -1 | C82: P13 | D82: C2 | E82: Combination | G82: Top | H82: -108.4873 | I82: -42.2806 | J82: -16.3556 | K82: -4.6571 | L82: 28.745 | M82: 121.1847
B83: -1 | C83: P13 | D83: C2 | E83: Combination | G83: Bottom | H83: -155.6305 | I83: -42.2806 | J83: -16.3556 | K83: -4.6571 | L83: -13.7795 | M83: 11.2552
B84: -1 | C84: P13 | D84: C3 | E84: Combination | F84: Max | G84: Top | H84: -5.2464 | I84: 91.066 | J84: -2.0334 | K84: 7.7776 | L84: 13.0588 | M84: 253.9468
B85: -1 | C85: P13 | D85: C3 | E85: Combination | F85: Max | G85: Bottom | H85: -40.6038 | I85: 91.066 | J85: -2.0334 | K85: 7.7776 | L85: 0.6831 | M85: 81.7551
B86: -1 | C86: P13 | D86: C3 | E86: Combination | F86: Min | G86: Top | H86: -65.6285 | I86: -126.9605 | J86: -8.7807 | K86: -10.6839 | L86: 5.9696 | M86: -159.2208
B87: -1 | C87: P13 | D87: C3 | E87: Combination | F87: Min | G87: Bottom | H87: -100.9859 | I87: -126.9605 | J87: -8.7807 | K87: -10.6839 | L87: -9.7714 | M87: -80.355
B88: -1 | C88: P13 | D88: C5 | E88: Combination | F88: Max | G88: Top | H88: -55.3323 | I88: 73.6143 | J88: -9.5521 | K88: 5.5935 | L88: 26.2673 | M88: 306.0057
B89: -1 | C89: P13 | D89: C5 | E89: Combination | F89: Max | G89: Bottom | H89: -102.4755 | I89: 73.6143 | J89: -9.5521 | K89: 5.5935 | L89: -5.657 | M89: 88.4396
B90: -1 | C90: P13 | D90: C5 | E90: Combination | F90: Min | G90: Top | H90: -115.7143 | I90: -144.4123 | J90: -16.2994 | K90: -12.868 | L90: 19.1781 | M90: -107.1619
B91: -1 | C91: P13 | D91: C5 | E91: Combination | F91: Min | G91: Bottom | H91: -162.8575 | I91: -144.4123 | J91: -16.2994 | K91: -12.868 | L91: -16.1115 | M91: -73.6705
B92: -1 | C92: P13 | D92: C6 | E92: Combination | F92: Max | G92: Top | H92: -74.7685 | I92: 230.9218 | J92: -12.6247 | K92: -2.6127 | L92: 23.0507 | M92: 230.2934
B93: -1 | C93: P13 | D93: C6 | E93: Combination | F93: Max | G93: Bottom | H93: -121.9117 | I93: 230.9218 | J93: -12.6247 | K93: -2.6127 | L93: -10.4019 | M93: 569.0357
B94: -1 | C94: P13 | D94: C6 | E94: Combination | F94: Min | G94: Top | H94: -96.2781 | I94: -301.7198 | J94: -13.2268 | K94: -4.6618 | L94: 22.3947 | M94: -31.4495
B95: -1 | C95: P13 | D95: C6 | E95: Combination | F95: Min | G95: Bottom | H95: -143.4213 | I95: -301.7198 | J95: -13.2268 | K95: -4.6618 | L95: -11.3666 | M95: -554.2666
... B103: -1 | C103: P13 | D103: C4 | E103: Combination | F103: Min | G103: Bottom | H103: -81.5496 | I103: -284.2681 | J103: -5.7081 | K103: -2.4777 | L103: -5.0265 | M103: -560.9511
B104: -1 | C104: P13 | D104: PPSC | E104: Combination | G104: Top | H104: -77.6483 | I104: -31.4107 | J104: -11.7242 | K104: -3.3143 | L104: 20.6084 | M104: 88.8968
B105: -1 | C105: P13 | D105: PPSC | E105: Combination | G105: Bottom | H105: -116.9343 | I105: -31.4107 | J105: -11.7242 | K105: -3.3143 | L105: -9.8744 | M105: 7.229
B106: -1 | C106: Plb | D106: PP | E106: LinStatic | G106: Top | H106: -11.7676 | I106: 4.8445 | J106: -0.5386 | K106: -0.3555 | L106: 0.9184 | M106: -12.4054
B107: -1 | C107: Plb | D107: PP | E107: LinStatic | G107: Bottom | H107: -16.1226 | I107: 4.8445 | J107: -0.5386 | K107: -0.3555 | L107: -0.482 | M107: 0.1901
B108: -1 | C108: Plb | D108: SC | E108: LinStatic | G108: Top | H108: -8.4845 | I108: 4.7552 | J108: -0.4973 | K108: -0.3287 | L108: 0.852 | M108: -10.3655
B109: -1 | C109: Plb | D109: SC | E109: LinStatic | G109: Bottom | H109: -8.4845 | I109: 4.7552 | J109: -0.4973 | K109: -0.3287 | L109: -0.441 | M109: 1.998
B110: -1 | C110: Plb | D110: SX | E110: LinRespSpec | F110: Max | G110: Top | H110: 2.8755 | I110: 37.2225 | J110: 0.0666 | K110: 0.0068 | L110: 0.0687 | M110: 44.3528
B111: -1 | C111: Plb | D111: SX | E111: LinRespSpec | F111: Max | G111: Bottom | H111: 2.8755 | I111: 37.2225 | J111: 0.0666 | K111: 0.0068 | L111: 0.1045 | M111: 52.4353
B112: -1 | C112: Plb | D112: SY | E112: LinRespSpec | F112: Max | G112: Top | H112: 3.2613 | I112: 1.513 | J112: 0.1732 | K112: 0.0105 | L112: 0.1639 | M112: 3.7109
B113: -1 | C113: Plb | D113: SY | E113: LinRespSpec | F113: Max | G113: Bottom | H113: 3.2613 | I113: 1.513 | J113: 0.1732 | K113: 0.0105 | L113: 0.2864 | M113: 4.9768
B114: -1 | C114: Plb | D114: C1 | E114: Combination | G114: Top | H114: -16.4747 | I114: 6.7822 | J114: -0.7541 | K114: -0.4976 | L114: 1.2858 | M114: -17.3676
B115: -1 | C115: Plb | D115: C1 | E115: Combination | G115: Bottom | H115: -22.5717 | I115: 6.7822 | J115: -0.7541 | K115: -0.4976 | L115: -0.6747 | M115: 0.2662
...

Sheet 2
B2: Story | C2: Pier | D2: Output Case | E2: Case Type | F2: Step Type | G2: Location | H2: P | I2: V2 | J2: V3 | K2: T | L2: M2 | M2: M3 | O2: Resumen V2 / M3 / P por Pier y Caso
H3: tonf | I3: tonf | J3: tonf | K3: tonf-m | L3: tonf-m | M3: tonf-m | O3: Pier | P3: Output Case | Q3: V2 max | R3: V2 min | S3: M3 max | T3: M3 min | U3: P max | V3: P min
B4: -1 | C4: P3-L-J | D4: PP | E4: LinStatic | G4: Top | H4: -312.6755 | I4: -3.3482 | J4: -0.5223 | K4: 0.1952 | L4: 0.9368 | M4: -1.3797 | Q4: tonf | R4: tonf | S4: tonf-m | T4: tonf-m | U4: tonf | V4: tonf
B5: -1 | C5: P3-L-J | D5: PP | E5: LinStatic | G5: Bottom | H5: -318.8505 | I5: -3.3482 | J5: -0.5223 | K5: 0.1952 | L5: -0.4211 | M5: -10.0851 | O5: P3-L-J | P5: PP | Q5: =_xlfn.MAXIFS($I$4:$I$70,$C$4:$C$70,$O5,$D$4:$D$70,$P5) -> -3.3482 | R5: =_xlfn.MINIFS($I$4:$I$70,$C$4:$C$70,$O5,$D$4:$D$70,$P5) -> -3.3482 | S5: =_xlfn.MAXIFS($M$4:$M$70,$C$4:$C$70,$O5,$D$4:$D$70,$P5) -> -1.3797 | T5: =_xlfn.MINIFS($M$4:$M$70,$C$4:$C$70,$O5,$D$4:$D$70,$P5) -> -10.0851 | U5: =_xlfn.MAXIFS($H$4:$H$70,$C$4:$C$70,$O5,$D$4:$D$70,$P5) -> -312.6755 | V5: =_xlfn.MINIFS($H$4:$H$70,$C$4:$C$70,$O5,$D$4:$D$70,$P5) -> -318.8505
B6: -1 | C6: P3-L-J | D6: SC | E6: LinStatic | G6: Top | H6: -77.0185 | I6: -5.8105 | J6: -1.1421 | K6: 0.5901 | L6: 1.9989 | M6: 7.1279 | O6: P3-L-J | P6: SC | Q6: =_xlfn.MAXIFS($I$4:$I$70,$C$4:$C$70,$O6,$D$4:$D$70,$P6) -> -5.8105 | R6: =_xlfn.MINIFS($I$4:$I$70,$C$4:$C$70,$O6,$D$4:$D$70,$P6) -> -5.8105 | S6: =_xlfn.MAXIFS($M$4:$M$70,$C$4:$C$70,$O6,$D$4:$D$70,$P6) -> 7.1279 | T6: =_xlfn.MINIFS($M$4:$M$70,$C$4:$C$70,$O6,$D$4:$D$70,$P6) -> -7.9795 | U6: =_xlfn.MAXIFS($H$4:$H$70,$C$4:$C$70,$O6,$D$4:$D$70,$P6) -> -77.0185 | V6: =_xlfn.MINIFS($H$4:$H$70,$C$4:$C$70,$O6,$D$4:$D$70,$P6) -> -77.0185
B7: -1 | C7: P3-L-J | D7: SC | E7: LinStatic | G7: Bottom | H7: -77.0185 | I7: -5.8105 | J7: -1.1421 | K7: 0.5901 | L7: -0.9706 | M7: -7.9795 | O7: P3-L-J | P7: SX | Q7: =_xlfn.MAXIFS($I$4:$I$70,$C$4:$C$70,$O7,$D$4:$D$70,$P7) -> 19.2948 | R7: =_xlfn.MINIFS($I$4:$I$70,$C$4:$C$70,$O7,$D$4:$D$70,$P7) -> 19.2948 | S7: =_xlfn.MAXIFS($M$4:$M$70,$C$4:$C$70,$O7,$D$4:$D$70,$P7) -> 72.2021 | T7: =_xlfn.MINIFS($M$4:$M$70,$C$4:$C$70,$O7,$D$4:$D$70,$P7) -> 32.249 | U7: =_xlfn.MAXIFS($H$4:$H$70,$C$4:$C$70,$O7,$D$4:$D$70,$P7) -> 181.0766 | V7: =_xlfn.MINIFS($H$4:$H$70,$C$4:$C$70,$O7,$D$4:$D$70,$P7) -> 181.0766
B8: -1 | C8: P3-L-J | D8: SX | E8: LinRespSpec | F8: Max | G8: Top | H8: 181.0766 | I8: 19.2948 | J8: 0.4502 | K8: 0.1576 | L8: 0.8807 | M8: 72.2021 | O8: P3-L-J | P8: SY | Q8: =_xlfn.MAXIFS($I$4:$I$70,$C$4:$C$70,$O8,$D$4:$D$70,$P8) -> 10.468 | R8: =_xlfn.MINIFS($I$4:$I$70,$C$4:$C$70,$O8,$D$4:$D$70,$P8) -> 10.468 | S8: =_xlfn.MAXIFS($M$4:$M$70,$C$4:$C$70,$O8,$D$4:$D$70,$P8) -> 97.0486 | T8: =_xlfn.MINIFS($M$4:$M$70,$C$4:$C$70,$O8,$D$4:$D$70,$P8) -> 79.7643 | U8: =_xlfn.MAXIFS($H$4:$H$70,$C$4:$C$70,$O8,$D$4:$D$70,$P8) -> 156.9889 | V8: =_xlfn.MINIFS($H$4:$H$70,$C$4:$C$70,$O8,$D$4:$D$70,$P8) -> 156.9889
B9: -1 | C9: P3-L-J | D9: SX | E9: LinRespSpec | F9: Max | G9: Bottom | H9: 181.0766 | I9: 19.2948 | J9: 0.4502 | K9: 0.1576 | L9: 0.7091 | M9: 32.249 | O9: P3-L | P9: PP | Q9: =_xlfn.MAXIFS($I$4:$I$70,$C$4:$C$70,$O9,$D$4:$D$70,$P9) -> 0.6774 | R9: =_xlfn.MINIFS($I$4:$I$70,$C$4:$C$70,$O9,$D$4:$D$70,$P9) -> 0.6774 | S9: =_xlfn.MAXIFS($M$4:$M$70,$C$4:$C$70,$O9,$D$4:$D$70,$P9) -> 0.4567 | T9: =_xlfn.MINIFS($M$4:$M$70,$C$4:$C$70,$O9,$D$4:$D$70,$P9) -> -1.3045 | U9: =_xlfn.MAXIFS($H$4:$H$70,$C$4:$C$70,$O9,$D$4:$D$70,$P9) -> -100.2474 | V9: =_xlfn.MINIFS($H$4:$H$70,$C$4:$C$70,$O9,$D$4:$D$70,$P9) -> -102.3315
B10: -1 | C10: P3-L-J | D10: SY | E10: LinRespSpec | F10: Max | G10: Top | H10: 156.9889 | I10: 10.468 | J10: 0.2161 | K10: 0.0976 | L10: 0.4024 | M10: 97.0486 | O10: P3-L | P10: SC | Q10: =_xlfn.MAXIFS($I$4:$I$70,$C$4:$C$70,$O10,$D$4:$D$70,$P10) -> 1.0106 | R10: =_xlfn.MINIFS($I$4:$I$70,$C$4:$C$70,$O10,$D$4:$D$70,$P10) -> 1.0106 | S10: =_xlfn.MAXIFS($M$4:$M$70,$C$4:$C$70,$O10,$D$4:$D$70,$P10) -> 0.9079 | T10: =_xlfn.MINIFS($M$4:$M$70,$C$4:$C$70,$O10,$D$4:$D$70,$P10) -> -1.7198 | U10: =_xlfn.MAXIFS($H$4:$H$70,$C$4:$C$70,$O10,$D$4:$D$70,$P10) -> -23.7904 | V10: =_xlfn.MINIFS($H$4:$H$70,$C$4:$C$70,$O10,$D$4:$D$70,$P10) -> -23.7904
B11: -1 | C11: P3-L-J | D11: SY | E11: LinRespSpec | F11: Max | G11: Bottom | H11: 156.9889 | I11: 10.468 | J11: 0.2161 | K11: 0.0976 | L11: 0.1641 | M11: 79.7643 | O11: P3-L | P11: SX | Q11: =_xlfn.MAXIFS($I$4:$I$70,$C$4:$C$70,$O11,$D$4:$D$70,$P11) -> 9.656 | R11: =_xlfn.MINIFS($I$4:$I$70,$C$4:$C$70,$O11,$D$4:$D$70,$P11) -> 9.656 | S11: =_xlfn.MAXIFS($M$4:$M$70,$C$4:$C$70,$O11,$D$4:$D$70,$P11) -> 16.5241 | T11: =_xlfn.MINIFS($M$4:$M$70,$C$4:$C$70,$O11,$D$4:$D$70,$P11) -> 10.5132 | U11: =_xlfn.MAXIFS($H$4:$H$70,$C$4:$C$70,$O11,$D$4:$D$70,$P11) -> 75.8029 | V11: =_xlfn.MINIFS($H$4:$H$70,$C$4:$C$70,$O11,$D$4:$D$70,$P11) -> 75.8029
B12: -1 | C12: P3-L-J | D12: C1 | E12: Combination | G12: Top | H12: -437.7456 | I12: -4.6875 | J12: -0.7312 | K12: 0.2732 | L12: 1.3115 | M12: -1.9316 | O12: P3-L | P12: SY | Q12: =_xlfn.MAXIFS($I$4:$I$70,$C$4:$C$70,$O12,$D$4:$D$70,$P12) -> 5.4243 | R12: =_xlfn.MINIFS($I$4:$I$70,$C$4:$C$70,$O12,$D$4:$D$70,$P12) -> 5.4243 | S12: =_xlfn.MAXIFS($M$4:$M$70,$C$4:$C$70,$O12,$D$4:$D$70,$P12) -> 8.6388 | T12: =_xlfn.MINIFS($M$4:$M$70,$C$4:$C$70,$O12,$D$4:$D$70,$P12) -> 5.4658 | U12: =_xlfn.MAXIFS($H$4:$H$70,$C$4:$C$70,$O12,$D$4:$D$70,$P12) -> 99.2074 | V12: =_xlfn.MINIFS($H$4:$H$70,$C$4:$C$70,$O12,$D$4:$D$70,$P12) -> 99.2074
B13: -1 | C13: P3-L-J | D13: C1 | E13: Combination | G13: Bottom | H13: -446.3906 | I13: -4.6875 | J13: -0.7312 | K13: 0.2732 | L13: -0.5896 | M13: -14.1192
B14: -1 | C14: P3-L-J | D14: C2 | E14: Combination | G14: Top | H14: -498.4401 | I14: -13.3147 | J14: -2.4541 | K14: 1.1784 | L14: 4.3224 | M14: 9.7489
B15: -1 | C15: P3-L-J | D15: C2 | E15: Combination | G15: Bottom | H15: -505.8501 | I15: -13.3147 | J15: -2.4541 | K15: 1.1784 | L15: -2.0583 | M15: -24.8693
B16: -1 | C16: P3-L-J | D16: C3 | E16: Combination | F16: Max | G16: Top | H16: -27.9006 | I16: 23.9993 | J16: 0.1602 | K16: 0.3963 | L16: 2.076 | M16: 99.8412
B17: -1 | C17: P3-L-J | D17: C3 | E17: Combination | F17: Max | G17: Bottom | H17: -33.4581 | I17: 23.9993 | J17: 0.1602 | K17: 0.3963 | L17: 0.6137 | M17: 36.0719
B18: -1 | C18: P3-L-J | D18: C3 | E18: Combination | F18: Min | G18: Top | H18: -534.9152 | I18: -30.0262 | J18: -1.1003 | K18: -0.045 | L18: -0.3898 | M18: -102.3247
B19: -1 | C19: P3-L-J | D19: C3 | E19: Combination | F19: Min | G19: Bottom | H19: -540.4727 | I19: -30.0262 | J19: -1.1003 | K19: -0.045 | L19: -1.3717 | M19: -54.2252
B20: -1 | C20: P3-L-J | D20: C5 | E20: Combination | F20: Max | G20: Top | H20: -198.7218 | I20: 17.1844 | J20: -1.1386 | K20: 1.045 | L20: 4.356 | M20: 106.5552
B21: -1 | C21: P3-L-J | D21: C5 | E21: Combination | F21: Max | G21: Bottom | H21: -206.1318 | I21: 17.1844 | J21: -1.1386 | K21: 1.045 | L21: -0.4832 | M21: 25.0669
B22: -1 | C22: P3-L-J | D22: C5 | E22: Combination | F22: Min | G22: Top | H22: -705.7363 | I22: -36.8412 | J22: -2.3991 | K22: 0.6037 | L22: 1.8902 | M22: -95.6108
B23: -1 | C23: P3-L-J | D23: C5 | E23: Combination | F23: Min | G23: Bottom | H23: -713.1463 | I23: -36.8412 | J23: -2.3991 | K23: 0.6037 | L23: -2.4686 | M23: -65.2302
B24: -1 | C24: P3-L-J | D24: C6 | E24: Combination | F24: Max | G24: Top | H24: -232.4446 | I24: 4.8267 | J24: -1.4664 | K24: 0.961 | L24: 3.6864 | M24: 141.3402
B25: -1 | C25: P3-L-J | D25: C6 | E25: Combination | F25: Max | G25: Bottom | H25: -239.8546 | I25: 4.8267 | J25: -1.4664 | K25: 0.961 | L25: -1.2461 | M25: 91.5884
B26: -1 | C26: P3-L-J | D26: C6 | E26: Combination | F26: Min | G26: Top | H26: -672.0134 | I26: -24.4835 | J26: -2.0713 | K26: 0.6877 | L26: 2.5597 | M26: -130.3958
B27: -1 | C27: P3-L-J | D27: C6 | E27: Combination | F27: Min | G27: Bottom | H27: -679.4234 | I27: -24.4835 | J27: -2.0713 | K27: 0.6877 | L27: -1.7057 | M27: -131.7517
... B35: -1 | C35: P3-L-J | D35: C4 | E35: Combination | F35: Min | G35: Bottom | H35: -506.7498 | I35: -17.6686 | J35: -0.7725 | K35: 0.039 | L35: -0.6088 | M35: -120.7467
B36: -1 | C36: P3-L-J | D36: PPSC | E36: Combination | G36: Top | H36: -389.6939 | I36: -9.1588 | J36: -1.6644 | K36: 0.7853 | L36: 2.9357 | M36: 5.7482
B37: -1 | C37: P3-L-J | D37: PPSC | E37: Combination | G37: Bottom | H37: -395.8689 | I37: -9.1588 | J37: -1.6644 | K37: 0.7853 | L37: -1.3917 | M37: -18.0646
B38: -1 | C38: P3-L | D38: PP | E38: LinStatic | G38: Top | H38: -100.2474 | I38: 0.6774 | J38: -0.0584 | K38: -0.0059 | L38: 0.0839 | M38: -1.3045
B39: -1 | C39: P3-L | D39: PP | E39: LinStatic | G39: Bottom | H39: -102.3315 | I39: 0.6774 | J39: -0.0584 | K39: -0.0059 | L39: -0.0678 | M39: 0.4567
B40: -1 | C40: P3-L | D40: SC | E40: LinStatic | G40: Top | H40: -23.7904 | I40: 1.0106 | J40: -0.2015 | K40: -0.0299 | L40: 0.3317 | M40: -1.7198
B41: -1 | C41: P3-L | D41: SC | E41: LinStatic | G41: Bottom | H41: -23.7904 | I41: 1.0106 | J41: -0.2015 | K41: -0.0299 | L41: -0.1922 | M41: 0.9079
B42: -1 | C42: P3-L | D42: SX | E42: LinRespSpec | F42: Max | G42: Top | H42: 75.8029 | I42: 9.656 | J42: 0.0857 | K42: 0.0128 | L42: 0.1562 | M42: 16.5241
B43: -1 | C43: P3-L | D43: SX | E43: LinRespSpec | F43: Max | G43: Bottom | H43: 75.8029 | I43: 9.656 | J43: 0.0857 | K43: 0.0128 | L43: 0.0826 | M43: 10.5132
B44: -1 | C44: P3-L | D44: SY | E44: LinRespSpec | F44: Max | G44: Top | H44: 99.2074 | I44: 5.4243 | J44: 0.051 | K44: 0.0045 | L44: 0.1844 | M44: 8.6388
B45: -1 | C45: P3-L | D45: SY | E45: LinRespSpec | F45: Max | G45: Bottom | H45: 99.2074 | I45: 5.4243 | J45: 0.051 | K45: 0.0045 | L45: 0.1123 | M45: 5.4658
B46: -1 | C46: P3-L | D46: C1 | E46: Combination | G46: Top | H46: -140.3464 | I46: 0.9483 | J46: -0.0817 | K46: -0.0082 | L46: 0.1175 | M46: -1.8263
B47: -1 | C47: P3-L | D47: C1 | E47: Combination | G47: Bottom | H47: -143.264 | I47: 0.9483 | J47: -0.0817 | K47: -0.0082 | L47: -0.095 | M47: 0.6394
B48: -1 | C48: P3-L | D48: C2 | E48: Combination | G48: Top | H48: -158.3615 | I48: 2.4299 | J48: -0.3924 | K48: -0.0549 | L48: 0.6314 | M48: -4.317
B49: -1 | C49: P3-L | D49: C2 | E49: Combination | G49: Bottom | H49: -160.8624 | I49: 2.4299 | J49: -0.3924 | K49: -0.0549 | L49: -0.389 | M49: 2.0007
B50: -1 | C50: P3-L | D50: C3 | E50: Combination | F50: Max | G50: Top | H50: 15.9014 | I50: 14.1281 | J50: 0.0674 | K50: 0.0126 | L50: 0.2942 | M50: 21.9597
B51: -1 | C51: P3-L | D51: C3 | E51: Combination | F51: Max | G51: Bottom | H51: 14.0258 | I51: 14.1281 | J51: 0.0674 | K51: 0.0126 | L51: 0.0546 | M51: 15.1295
B52: -1 | C52: P3-L | D52: C3 | E52: Combination | F52: Min | G52: Top | H52: -196.3468 | I52: -12.9088 | J52: -0.1724 | K52: -0.0232 | L52: -0.1432 | M52: -24.3078
B53: -1 | C53: P3-L | D53: C3 | E53: Combination | F53: Min | G53: Bottom | H53: -198.2224 | I53: -12.9088 | J53: -0.1724 | K53: -0.0232 | L53: -0.1767 | M53: -14.3074
B54: -1 | C54: P3-L | D54: C5 | E54: Combination | F54: Max | G54: Top | H54: -37.9631 | I54: 15.3419 | J54: -0.1516 | K54: -0.0191 | L54: 0.6511 | M54: 19.8486
B55: -1 | C55: P3-L | D55: C5 | E55: Combination | F55: Max | G55: Bottom | H55: -40.464 | I55: 15.3419 | J55: -0.1516 | K55: -0.0191 | L55: -0.158 | M55: 16.1744
B56: -1 | C56: P3-L | D56: C5 | E56: Combination | F56: Min | G56: Top | H56: -250.2114 | I56: -11.6949 | J56: -0.3915 | K56: -0.0548 | L56: 0.2137 | M56: -26.4189
B57: -1 | C57: P3-L | D57: C5 | E57: Combination | F57: Min | G57: Bottom | H57: -252.7122 | I57: -11.6949 | J57: -0.3915 | K57: -0.0548 | L57: -0.3893 | M57: -13.2625
B58: -1 | C58: P3-L | D58: C6 | E58: Combination | F58: Max | G58: Top | H58: -5.1968 | I58: 9.4175 | J58: -0.2002 | K58: -0.0307 | L58: 0.6905 | M58: 8.8091
B59: -1 | C59: P3-L | D59: C6 | E59: Combination | F59: Max | G59: Bottom | H59: -7.6977 | I59: 9.4175 | J59: -0.2002 | K59: -0.0307 | L59: -0.1164 | M59: 9.108
B60: -1 | C60: P3-L | D60: C6 | E60: Combination | F60: Min | G60: Top | H60: -282.9777 | I60: -5.7705 | J60: -0.3429 | K60: -0.0432 | L60: 0.1743 | M60: -15.3795
B61: -1 | C61: P3-L | D61: C6 | E61: Combination | F61: Min | G61: Bottom | H61: -285.4785 | I61: -5.7705 | J61: -0.3429 | K61: -0.0432 | L61: -0.4309 | M61: -6.1962
... B69: -1 | C69: P3-L | D69: C4 | E69: Combination | F69: Min | G69: Bottom | H69: -230.9887 | I69: -6.9843 | J69: -0.1239 | K69: -0.0115 | L69: -0.2183 | M69: -7.2411
B70: -1 | C70: P3-L | D70: PPSC | E70: Combination | G70: Top | H70: -124.0378 | I70: 1.688 | J70: -0.2599 | K70: -0.0358 | L70: 0.4156 | M70: -3.0243
B71: -1 | C71: P3-L | D71: PPSC | E71: Combination | G71: Bottom | H71: -126.1218 | I71: 1.688 | J71: -0.2599 | K71: -0.0358 | L71: -0.2601 | M71: 1.3646

Sheet 3
B2: Story | C2: Pier | D2: Output Case | E2: Case Type | F2: Step Type | G2: Location | H2: P | I2: V2 | J2: V3 | K2: T | L2: M2 | M2: M3 | O2: Resumen V2 / M3 / P por Pier y Caso
H3: tonf | I3: tonf | J3: tonf | K3: tonf-m | L3: tonf-m | M3: tonf-m | O3: Pier | P3: Output Case | Q3: V2 max | R3: V2 min | S3: M3 max | T3: M3 min | U3: P max | V3: P min
B4: -1 | C4: PL-J-11 | D4: PP | E4: LinStatic | G4: Top | H4: -257.3633 | I4: 6.4747 | J4: 2.6989 | K4: 1.5039 | L4: -4.638 | M4: -39.9734 | Q4: tonf | R4: tonf | S4: tonf-m | T4: tonf-m | U4: tonf | V4: tonf
B5: -1 | C5: PL-J-11 | D5: PP | E5: LinStatic | G5: Bottom | H5: -265.342 | I5: 6.4747 | J5: 2.6989 | K5: 1.5039 | L5: 2.3792 | M5: -23.139 | O5: PL-J-11 | P5: PP | Q5: =_xlfn.MAXIFS($I$4:$I$70,$C$4:$C$70,$O5,$D$4:$D$70,$P5) -> 6.4747 | R5: =_xlfn.MINIFS($I$4:$I$70,$C$4:$C$70,$O5,$D$4:$D$70,$P5) -> 6.4747 | S5: =_xlfn.MAXIFS($M$4:$M$70,$C$4:$C$70,$O5,$D$4:$D$70,$P5) -> -23.139 | T5: =_xlfn.MINIFS($M$4:$M$70,$C$4:$C$70,$O5,$D$4:$D$70,$P5) -> -39.9734 | U5: =_xlfn.MAXIFS($H$4:$H$70,$C$4:$C$70,$O5,$D$4:$D$70,$P5) -> -257.3633 | V5: =_xlfn.MINIFS($H$4:$H$70,$C$4:$C$70,$O5,$D$4:$D$70,$P5) -> -265.342
B6: -1 | C6: PL-J-11 | D6: SC | E6: LinStatic | G6: Top | H6: -71.5135 | I6: -2.9462 | J6: 2.7853 | K6: 1.6733 | L6: -4.8038 | M6: 2.2466 | O6: PL-J-11 | P6: SC | Q6: =_xlfn.MAXIFS($I$4:$I$70,$C$4:$C$70,$O6,$D$4:$D$70,$P6) -> -2.9462 | R6: =_xlfn.MINIFS($I$4:$I$70,$C$4:$C$70,$O6,$D$4:$D$70,$P6) -> -2.9462 | S6: =_xlfn.MAXIFS($M$4:$M$70,$C$4:$C$70,$O6,$D$4:$D$70,$P6) -> 2.2466 | T6: =_xlfn.MINIFS($M$4:$M$70,$C$4:$C$70,$O6,$D$4:$D$70,$P6) -> -5.4135 | U6: =_xlfn.MAXIFS($H$4:$H$70,$C$4:$C$70,$O6,$D$4:$D$70,$P6) -> -71.5135 | V6: =_xlfn.MINIFS($H$4:$H$70,$C$4:$C$70,$O6,$D$4:$D$70,$P6) -> -71.5135
B7: -1 | C7: PL-J-11 | D7: SC | E7: LinStatic | G7: Bottom | H7: -71.5135 | I7: -2.9462 | J7: 2.7853 | K7: 1.6733 | L7: 2.4378 | M7: -5.4135 | O7: PL-J-11 | P7: SX | Q7: =_xlfn.MAXIFS($I$4:$I$70,$C$4:$C$70,$O7,$D$4:$D$70,$P7) -> 25.696 | R7: =_xlfn.MINIFS($I$4:$I$70,$C$4:$C$70,$O7,$D$4:$D$70,$P7) -> 25.696 | S7: =_xlfn.MAXIFS($M$4:$M$70,$C$4:$C$70,$O7,$D$4:$D$70,$P7) -> 121.6389 | T7: =_xlfn.MINIFS($M$4:$M$70,$C$4:$C$70,$O7,$D$4:$D$70,$P7) -> 56.1781 | U7: =_xlfn.MAXIFS($H$4:$H$70,$C$4:$C$70,$O7,$D$4:$D$70,$P7) -> 238.636 | V7: =_xlfn.MINIFS($H$4:$H$70,$C$4:$C$70,$O7,$D$4:$D$70,$P7) -> 238.636
B8: -1 | C8: PL-J-11 | D8: SX | E8: LinRespSpec | F8: Max | G8: Top | H8: 238.636 | I8: 25.696 | J8: 0.567 | K8: 0.1094 | L8: 1.0076 | M8: 121.6389 | O8: PL-J-11 | P8: SY | Q8: =_xlfn.MAXIFS($I$4:$I$70,$C$4:$C$70,$O8,$D$4:$D$70,$P8) -> 23.8413 | R8: =_xlfn.MINIFS($I$4:$I$70,$C$4:$C$70,$O8,$D$4:$D$70,$P8) -> 23.8413 | S8: =_xlfn.MAXIFS($M$4:$M$70,$C$4:$C$70,$O8,$D$4:$D$70,$P8) -> 257.3116 | T8: =_xlfn.MINIFS($M$4:$M$70,$C$4:$C$70,$O8,$D$4:$D$70,$P8) -> 198.5956 | U8: =_xlfn.MAXIFS($H$4:$H$70,$C$4:$C$70,$O8,$D$4:$D$70,$P8) -> 189.4435 | V8: =_xlfn.MINIFS($H$4:$H$70,$C$4:$C$70,$O8,$D$4:$D$70,$P8) -> 189.4435
B9: -1 | C9: PL-J-11 | D9: SX | E9: LinRespSpec | F9: Max | G9: Bottom | H9: 238.636 | I9: 25.696 | J9: 0.567 | K9: 0.1094 | L9: 0.9454 | M9: 56.1781 | O9: PJ2 | P9: PP | Q9: =_xlfn.MAXIFS($I$4:$I$70,$C$4:$C$70,$O9,$D$4:$D$70,$P9) -> -27.2143 | R9: =_xlfn.MINIFS($I$4:$I$70,$C$4:$C$70,$O9,$D$4:$D$70,$P9) -> -27.2143 | S9: =_xlfn.MAXIFS($M$4:$M$70,$C$4:$C$70,$O9,$D$4:$D$70,$P9) -> 121.2713 | T9: =_xlfn.MINIFS($M$4:$M$70,$C$4:$C$70,$O9,$D$4:$D$70,$P9) -> 50.5142 | U9: =_xlfn.MAXIFS($H$4:$H$70,$C$4:$C$70,$O9,$D$4:$D$70,$P9) -> -145.9956 | V9: =_xlfn.MINIFS($H$4:$H$70,$C$4:$C$70,$O9,$D$4:$D$70,$P9) -> -154.2831
B10: -1 | C10: PL-J-11 | D10: SY | E10: LinRespSpec | F10: Max | G10: Top | H10: 189.4435 | I10: 23.8413 | J10: 0.2622 | K10: 0.1051 | L10: 0.5021 | M10: 257.3116 | O10: PJ2 | P10: SC | Q10: =_xlfn.MAXIFS($I$4:$I$70,$C$4:$C$70,$O10,$D$4:$D$70,$P10) -> -8.6232 | R10: =_xlfn.MINIFS($I$4:$I$70,$C$4:$C$70,$O10,$D$4:$D$70,$P10) -> -8.6232 | S10: =_xlfn.MAXIFS($M$4:$M$70,$C$4:$C$70,$O10,$D$4:$D$70,$P10) -> 31.4717 | T10: =_xlfn.MINIFS($M$4:$M$70,$C$4:$C$70,$O10,$D$4:$D$70,$P10) -> 9.0514 | U10: =_xlfn.MAXIFS($H$4:$H$70,$C$4:$C$70,$O10,$D$4:$D$70,$P10) -> -38.2528 | V10: =_xlfn.MINIFS($H$4:$H$70,$C$4:$C$70,$O10,$D$4:$D$70,$P10) -> -38.2528
B11: -1 | C11: PL-J-11 | D11: SY | E11: LinRespSpec | F11: Max | G11: Bottom | H11: 189.4435 | I11: 23.8413 | J11: 0.2622 | K11: 0.1051 | L11: 0.1817 | M11: 198.5956 | O11: PJ2 | P11: SX | Q11: =_xlfn.MAXIFS($I$4:$I$70,$C$4:$C$70,$O11,$D$4:$D$70,$P11) -> 28.7636 | R11: =_xlfn.MINIFS($I$4:$I$70,$C$4:$C$70,$O11,$D$4:$D$70,$P11) -> 28.7636 | S11: =_xlfn.MAXIFS($M$4:$M$70,$C$4:$C$70,$O11,$D$4:$D$70,$P11) -> 243.2748 | T11: =_xlfn.MINIFS($M$4:$M$70,$C$4:$C$70,$O11,$D$4:$D$70,$P11) -> 239.3701 | U11: =_xlfn.MAXIFS($H$4:$H$70,$C$4:$C$70,$O11,$D$4:$D$70,$P11) -> 60.7217 | V11: =_xlfn.MINIFS($H$4:$H$70,$C$4:$C$70,$O11,$D$4:$D$70,$P11) -> 60.7217
B12: -1 | C12: PL-J-11 | D12: C1 | E12: Combination | G12: Top | H12: -360.3086 | I12: 9.0646 | J12: 3.7785 | K12: 2.1055 | L12: -6.4932 | M12: -55.9627 | O12: PJ2 | P12: SY | Q12: =_xlfn.MAXIFS($I$4:$I$70,$C$4:$C$70,$O12,$D$4:$D$70,$P12) -> 13.9832 | R12: =_xlfn.MINIFS($I$4:$I$70,$C$4:$C$70,$O12,$D$4:$D$70,$P12) -> 13.9832 | S12: =_xlfn.MAXIFS($M$4:$M$70,$C$4:$C$70,$O12,$D$4:$D$70,$P12) -> 73.7625 | T12: =_xlfn.MINIFS($M$4:$M$70,$C$4:$C$70,$O12,$D$4:$D$70,$P12) -> 39.5224 | U12: =_xlfn.MAXIFS($H$4:$H$70,$C$4:$C$70,$O12,$D$4:$D$70,$P12) -> 78.393 | V12: =_xlfn.MINIFS($H$4:$H$70,$C$4:$C$70,$O12,$D$4:$D$70,$P12) -> 78.393
B13: -1 | C13: PL-J-11 | D13: C1 | E13: Combination | G13: Bottom | H13: -371.4788 | I13: 9.0646 | J13: 3.7785 | K13: 2.1055 | L13: 3.3309 | M13: -32.3946
B14: -1 | C14: PL-J-11 | D14: C2 | E14: Combination | G14: Top | H14: -423.2575 | I14: 3.0558 | J14: 7.6951 | K14: 4.482 | L14: -13.2518 | M14: -44.3735
B15: -1 | C15: PL-J-11 | D15: C2 | E15: Combination | G15: Bottom | H15: -432.8319 | I15: 3.0558 | J15: 7.6951 | K15: 4.482 | L15: 6.7556 | M15: -36.4284
B16: -1 | C16: PL-J-11 | D16: C3 | E16: Combination | F16: Max | G16: Top | H16: 102.4634 | I16: 41.8016 | J16: 3.2229 | K16: 1.5066 | L16: -2.7636 | M16: 134.3185
B17: -1 | C17: PL-J-11 | D17: C3 | E17: Combination | F17: Max | G17: Bottom | H17: 95.2826 | I17: 41.8016 | J17: 3.2229 | K17: 1.5066 | L17: 3.4649 | M17: 57.8242
B18: -1 | C18: PL-J-11 | D18: C3 | E18: Combination | F18: Min | G18: Top | H18: -565.7174 | I18: -30.1471 | J18: 1.6352 | K18: 1.2004 | L18: -5.5849 | M18: -206.2705
B19: -1 | C19: PL-J-11 | D19: C3 | E19: Combination | F19: Min | G19: Bottom | H19: -572.8982 | I19: -30.1471 | J19: 1.6352 | K19: 1.2004 | L19: 0.8177 | M19: -99.4745
B20: -1 | C20: PL-J-11 | D20: C5 | E20: Combination | F20: Max | G20: Top | H20: -46.259 | I20: 40.7979 | J20: 6.8178 | K20: 3.6311 | L20: -8.9588 | M20: 124.573
B21: -1 | C21: PL-J-11 | D21: C5 | E21: Combination | F21: Max | G21: Bottom | H21: -55.8334 | I21: 40.7979 | J21: 6.8178 | K21: 3.6311 | L21: 6.6165 | M21: 45.469
B22: -1 | C22: PL-J-11 | D22: C5 | E22: Combination | F22: Min | G22: Top | H22: -714.4399 | I22: -31.1508 | J22: 5.2301 | K22: 3.3249 | L22: -11.7801 | M22: -216.0159
B23: -1 | C23: PL-J-11 | D23: C5 | E23: Combination | F23: Min | G23: Bottom | H23: -724.0143 | I23: -31.1508 | J23: 5.2301 | K23: 3.3249 | L23: 3.9693 | M23: -111.8296
B24: -1 | C24: PL-J-11 | D24: C6 | E24: Combination | F24: Max | G24: Top | H24: -115.1285 | I24: 38.2013 | J24: 6.3911 | K24: 3.6251 | L24: -9.6665 | M24: 314.5148
B25: -1 | C25: PL-J-11 | D25: C6 | E25: Combination | F25: Max | G25: Bottom | H25: -124.7029 | I25: 38.2013 | J25: 6.3911 | K25: 3.6251 | L25: 5.5472 | M25: 244.8536
B26: -1 | C26: PL-J-11 | D26: C6 | E26: Combination | F26: Min | G26: Top | H26: -645.5704 | I26: -28.5543 | J26: 5.6569 | K26: 3.3308 | L26: -11.0724 | M26: -405.9577
B27: -1 | C27: PL-J-11 | D27: C6 | E27: Combination | F27: Min | G27: Bottom | H27: -655.1448 | I27: -28.5543 | J27: 5.6569 | K27: 3.3308 | L27: 5.0386 | M27: -311.2142
... B35: -1 | C35: PL-J-11 | D35: C4 | E35: Combination | F35: Min | G35: Bottom | H35: -504.0287 | I35: -27.5505 | J35: 2.062 | K35: 1.2064 | L35: 1.887 | M35: -298.859
B36: -1 | C36: PL-J-11 | D36: PPSC | E36: Combination | G36: Top | H36: -328.8768 | I36: 3.5286 | J36: 5.4842 | K36: 3.1772 | L36: -9.4419 | M36: -37.7268
B37: -1 | C37: PL-J-11 | D37: PPSC | E37: Combination | G37: Bottom | H37: -336.8554 | I37: 3.5286 | J37: 5.4842 | K37: 3.1772 | L37: 4.8171 | M37: -28.5525
B38: -1 | C38: PJ2 | D38: PP | E38: LinStatic | G38: Top | H38: -145.9956 | I38: -27.2143 | J38: 0.3 | K38: -0.0165 | L38: -0.5768 | M38: 121.2713
B39: -1 | C39: PJ2 | D39: PP | E39: LinStatic | G39: Bottom | H39: -154.2831 | I39: -27.2143 | J39: 0.3 | K39: -0.0165 | L39: 0.2031 | M39: 50.5142
B40: -1 | C40: PJ2 | D40: SC | E40: LinStatic | G40: Top | H40: -38.2528 | I40: -8.6232 | J40: 0.514 | K40: -0.4162 | L40: -0.9408 | M40: 31.4717
B41: -1 | C41: PJ2 | D41: SC | E41: LinStatic | G41: Bottom | H41: -38.2528 | I41: -8.6232 | J41: 0.514 | K41: -0.4162 | L41: 0.3956 | M41: 9.0514
B42: -1 | C42: PJ2 | D42: SX | E42: LinRespSpec | F42: Max | G42: Top | H42: 60.7217 | I42: 28.7636 | J42: 0.2262 | K42: 0.2337 | L42: 0.3886 | M42: 239.3701
B43: -1 | C43: PJ2 | D43: SX | E43: LinRespSpec | F43: Max | G43: Bottom | H43: 60.7217 | I43: 28.7636 | J43: 0.2262 | K43: 0.2337 | L43: 0.2031 | M43: 243.2748
B44: -1 | C44: PJ2 | D44: SY | E44: LinRespSpec | F44: Max | G44: Top | H44: 78.393 | I44: 13.9832 | J44: 0.3922 | K44: 0.1361 | L44: 1.0882 | M44: 73.7625
B45: -1 | C45: PJ2 | D45: SY | E45: LinRespSpec | F45: Max | G45: Bottom | H45: 78.393 | I45: 13.9832 | J45: 0.3922 | K45: 0.1361 | L45: 0.2065 | M45: 39.5224
B46: -1 | C46: PJ2 | D46: C1 | E46: Combination | G46: Top | H46: -204.3939 | I46: -38.1 | J46: 0.42 | K46: -0.023 | L46: -0.8076 | M46: 169.7798
B47: -1 | C47: PJ2 | D47: C1 | E47: Combination | G47: Bottom | H47: -215.9963 | I47: -38.1 | J47: 0.42 | K47: -0.023 | L47: 0.2843 | M47: 70.7199
B48: -1 | C48: PJ2 | D48: C2 | E48: Combination | G48: Top | H48: -236.3992 | I48: -46.4542 | J48: 1.1824 | K48: -0.6857 | L48: -2.1975 | M48: 195.8803
B49: -1 | C49: PJ2 | D49: C2 | E49: Combination | G49: Bottom | H49: -246.3441 | I49: -46.4542 | J49: 1.1824 | K49: -0.6857 | L49: 0.8767 | M49: 75.0993
B50: -1 | C50: PJ2 | D50: C3 | E50: Combination | F50: Max | G50: Top | H50: -46.3856 | I50: 15.7763 | J50: 0.5866 | K50: 0.3123 | L50: 0.0249 | M50: 444.2623
B51: -1 | C51: PJ2 | D51: C3 | E51: Combination | F51: Max | G51: Bottom | H51: -53.8443 | I51: 15.7763 | J51: 0.5866 | K51: 0.3123 | L51: 0.4671 | M51: 386.0476
B52: -1 | C52: PJ2 | D52: C3 | E52: Combination | F52: Min | G52: Top | H52: -216.4065 | I52: -64.7619 | J52: -0.0467 | K52: -0.342 | L52: -1.0632 | M52: -225.974
B53: -1 | C53: PJ2 | D53: C3 | E53: Combination | F53: Min | G53: Bottom | H53: -223.8652 | I53: -64.7619 | J53: -0.0467 | K53: -0.342 | L53: -0.1016 | M53: -295.122
B54: -1 | C54: PJ2 | D54: C5 | E54: Combination | F54: Max | G54: Top | H54: -128.4371 | I54: -1.0112 | J54: 1.1906 | K54: -0.1088 | L54: -1.089 | M54: 512.1154
B55: -1 | C55: PJ2 | D55: C5 | E55: Combination | F55: Max | G55: Bottom | H55: -138.382 | I55: -1.0112 | J55: 1.1906 | K55: -0.1088 | L55: 0.9237 | M55: 410.2533
B56: -1 | C56: PJ2 | D56: C5 | E56: Combination | F56: Min | G56: Top | H56: -298.458 | I56: -81.5494 | J56: 0.5573 | K56: -0.7631 | L56: -2.1771 | M56: -158.1209
B57: -1 | C57: PJ2 | D57: C5 | E57: Combination | F57: Min | G57: Bottom | H57: -308.4029 | I57: -81.5494 | J57: 0.5573 | K57: -0.7631 | L57: 0.355 | M57: -270.9163
B58: -1 | C58: PJ2 | D58: C6 | E58: Combination | F58: Max | G58: Top | H58: -103.6973 | I58: -21.7038 | J58: 1.423 | K58: -0.2455 | L58: -0.1095 | M58: 280.2647
B59: -1 | C59: PJ2 | D59: C6 | E59: Combination | F59: Max | G59: Bottom | H59: -113.6422 | I59: -21.7038 | J59: 1.423 | K59: -0.2455 | L59: 0.9285 | M59: 124.9998
B60: -1 | C60: PJ2 | D60: C6 | E60: Combination | F60: Min | G60: Top | H60: -323.1977 | I60: -60.8568 | J60: 0.3249 | K60: -0.6264 | L60: -3.1565 | M60: 73.7298
B61: -1 | C61: PJ2 | D61: C6 | E61: Combination | F61: Min | G61: Bottom | H61: -333.1427 | I61: -60.8568 | J61: 0.3249 | K61: -0.6264 | L61: 0.3502 | M61: 14.3371
... B69: -1 | C69: PJ2 | D69: C4 | E69: Combination | F69: Min | G69: Bottom | H69: -248.605 | I69: -44.0693 | J69: -0.2791 | K69: -0.2053 | L69: -0.1064 | M69: -9.8685
B70: -1 | C70: PJ2 | D70: PPSC | E70: Combination | G70: Top | H70: -184.2484 | I70: -35.8375 | J70: 0.814 | K70: -0.4327 | L70: -1.5177 | M70: 152.743
B71: -1 | C71: PJ2 | D71: PPSC | E71: Combination | G71: Bottom | H71: -192.5358 | I71: -35.8375 | J71: 0.814 | K71: -0.4327 | L71: 0.5987 | M71: 59.5656

Sheet 4
B2: Story | C2: Pier | D2: Output Case | E2: Case Type | F2: Step Type | G2: Location | H2: P | I2: V2 | J2: V3 | K2: T | L2: M2 | M2: M3 | O2: Resumen V2 / M3 / P por Pier y Caso
H3: tonf | I3: tonf | J3: tonf | K3: tonf-m | L3: tonf-m | M3: tonf-m | O3: Pier | P3: Output Case | Q3: V2 max | R3: V2 min | S3: M3 max | T3: M3 min | U3: P max | V3: P min
B4: -1 | C4: PL-6 | D4: PP | E4: LinStatic | G4: Top | H4: -676.2804 | I4: -2.7276 | J4: -0.4378 | K4: 0.0178 | L4: 1.7743 | M4: -57.0829 | Q4: tonf | R4: tonf | S4: tonf-m | T4: tonf-m | U4: tonf | V4: tonf
B5: -1 | C5: PL-6 | D5: PP | E5: LinStatic | G5: Bottom | H5: -688.1064 | I5: -2.7276 | J5: -0.4378 | K5: 0.0178 | L5: 0.636 | M5: -64.1746 | O5: PL-6 | P5: PP | Q5: =_xlfn.MAXIFS($I$4:$I$36,$C$4:$C$36,$O5,$D$4:$D$36,$P5) -> -2.7276 | R5: =_xlfn.MINIFS($I$4:$I$36,$C$4:$C$36,$O5,$D$4:$D$36,$P5) -> -2.7276 | S5: =_xlfn.MAXIFS($M$4:$M$36,$C$4:$C$36,$O5,$D$4:$D$36,$P5) -> -57.0829 | T5: =_xlfn.MINIFS($M$4:$M$36,$C$4:$C$36,$O5,$D$4:$D$36,$P5) -> -64.1746 | U5: =_xlfn.MAXIFS($H$4:$H$36,$C$4:$C$36,$O5,$D$4:$D$36,$P5) -> -676.2804 | V5: =_xlfn.MINIFS($H$4:$H$36,$C$4:$C$36,$O5,$D$4:$D$36,$P5) -> -688.1064
B6: -1 | C6: PL-6 | D6: SC | E6: LinStatic | G6: Top | H6: -168.2075 | I6: -8.4778 | J6: 0.2224 | K6: -0.662 | L6: -0.0046 | M6: 2.789 | O6: PL-6 | P6: SC | Q6: =_xlfn.MAXIFS($I$4:$I$36,$C$4:$C$36,$O6,$D$4:$D$36,$P6) -> -8.4778 | R6: =_xlfn.MINIFS($I$4:$I$36,$C$4:$C$36,$O6,$D$4:$D$36,$P6) -> -8.4778 | S6: =_xlfn.MAXIFS($M$4:$M$36,$C$4:$C$36,$O6,$D$4:$D$36,$P6) -> 2.789 | T6: =_xlfn.MINIFS($M$4:$M$36,$C$4:$C$36,$O6,$D$4:$D$36,$P6) -> -19.2533 | U6: =_xlfn.MAXIFS($H$4:$H$36,$C$4:$C$36,$O6,$D$4:$D$36,$P6) -> -168.2075 | V6: =_xlfn.MINIFS($H$4:$H$36,$C$4:$C$36,$O6,$D$4:$D$36,$P6) -> -168.2075
B7: -1 | C7: PL-6 | D7: SC | E7: LinStatic | G7: Bottom | H7: -168.2075 | I7: -8.4778 | J7: 0.2224 | K7: -0.662 | L7: 0.5738 | M7: -19.2533 | O7: PL-6 | P7: SX | Q7: =_xlfn.MAXIFS($I$4:$I$36,$C$4:$C$36,$O7,$D$4:$D$36,$P7) -> 5.1077 | R7: =_xlfn.MINIFS($I$4:$I$36,$C$4:$C$36,$O7,$D$4:$D$36,$P7) -> 5.1077 | S7: =_xlfn.MAXIFS($M$4:$M$36,$C$4:$C$36,$O7,$D$4:$D$36,$P7) -> 64.9846 | T7: =_xlfn.MINIFS($M$4:$M$36,$C$4:$C$36,$O7,$D$4:$D$36,$P7) -> 62.44 | U7: =_xlfn.MAXIFS($H$4:$H$36,$C$4:$C$36,$O7,$D$4:$D$36,$P7) -> 69.9837 | V7: =_xlfn.MINIFS($H$4:$H$36,$C$4:$C$36,$O7,$D$4:$D$36,$P7) -> 69.9837
B8: -1 | C8: PL-6 | D8: SX | E8: LinRespSpec | F8: Max | G8: Top | H8: 69.9837 | I8: 5.1077 | J8: 1.0547 | K8: 1.4089 | L8: 2.0664 | M8: 64.9846 | O8: PL-6 | P8: SY | Q8: =_xlfn.MAXIFS($I$4:$I$36,$C$4:$C$36,$O8,$D$4:$D$36,$P8) -> 15.6112 | R8: =_xlfn.MINIFS($I$4:$I$36,$C$4:$C$36,$O8,$D$4:$D$36,$P8) -> 15.6112 | S8: =_xlfn.MAXIFS($M$4:$M$36,$C$4:$C$36,$O8,$D$4:$D$36,$P8) -> 624.0337 | T8: =_xlfn.MINIFS($M$4:$M$36,$C$4:$C$36,$O8,$D$4:$D$36,$P8) -> 590.3302 | U8: =_xlfn.MAXIFS($H$4:$H$36,$C$4:$C$36,$O8,$D$4:$D$36,$P8) -> 158.822 | V8: =_xlfn.MINIFS($H$4:$H$36,$C$4:$C$36,$O8,$D$4:$D$36,$P8) -> 158.822
B9: -1 | C9: PL-6 | D9: SX | E9: LinRespSpec | F9: Max | G9: Bottom | H9: 69.9837 | I9: 5.1077 | J9: 1.0547 | K9: 1.4089 | L9: 1.6443 | M9: 62.44
B10: -1 | C10: PL-6 | D10: SY | E10: LinRespSpec | F10: Max | G10: Top | H10: 158.822 | I10: 15.6112 | J10: 0.685 | K10: 2.0969 | L10: 8.2464 | M10: 624.0337
B11: -1 | C11: PL-6 | D11: SY | E11: LinRespSpec | F11: Max | G11: Bottom | H11: 158.822 | I11: 15.6112 | J11: 0.685 | K11: 2.0969 | L11: 6.7367 | M11: 590.3302
B12: -1 | C12: PL-6 | D12: C1 | E12: Combination | G12: Top | H12: -946.7926 | I12: -3.8186 | J12: -0.613 | K12: 0.025 | L12: 2.4841 | M12: -79.9161
B13: -1 | C13: PL-6 | D13: C1 | E13: Combination | G13: Bottom | H13: -963.3489 | I13: -3.8186 | J13: -0.613 | K13: 0.025 | L13: 0.8904 | M13: -89.8445
B14: -1 | C14: PL-6 | D14: C2 | E14: Combination | G14: Top | H14: -1080.6686 | I14: -16.8376 | J14: -0.1695 | K14: -1.0378 | L14: 2.1219 | M14: -64.0371
B15: -1 | C15: PL-6 | D15: C2 | E15: Combination | G15: Bottom | H15: -1094.8597 | I15: -16.8376 | J15: -0.1695 | K15: -1.0378 | L15: 1.6812 | M15: -107.8149
B16: -1 | C16: PL-6 | D16: C3 | E16: Combination | F16: Max | G16: Top | H16: -510.6752 | I16: 4.696 | J16: 1.0825 | K16: 1.9885 | L16: 4.4898 | M16: 39.6038
B17: -1 | C17: PL-6 | D17: C3 | E17: Combination | F17: Max | G17: Bottom | H17: -521.3186 | I17: 4.696 | J17: 1.0825 | K17: 1.9885 | L17: 2.8743 | M17: 29.6589
B18: -1 | C18: PL-6 | D18: C3 | E18: Combination | F18: Min | G18: Top | H18: -706.6295 | I18: -9.6057 | J18: -1.8706 | K18: -1.9564 | L18: -1.296 | M18: -142.3531
B19: -1 | C19: PL-6 | D19: C3 | E19: Combination | F19: Min | G19: Bottom | H19: -717.2729 | I19: -9.6057 | J19: -1.8706 | K19: -1.9564 | L19: -1.7296 | M19: -145.1732
B20: -1 | C20: PL-6 | D20: C5 | E20: Combination | F20: Max | G20: Top | H20: -881.7669 | I20: -4.6001 | J20: 1.1736 | K20: 1.3318 | L20: 5.0175 | M20: 25.268
B21: -1 | C21: PL-6 | D21: C5 | E21: Combination | F21: Max | G21: Bottom | H21: -895.958 | I21: -4.6001 | J21: 1.1736 | K21: 1.3318 | L21: 3.6389 | M21: -8.8468
B22: -1 | C22: PL-6 | D22: C5 | E22: Combination | F22: Min | G22: Top | H22: -1077.7212 | I22: -18.9017 | J22: -1.7795 | K22: -2.613 | L22: -0.7683 | M22: -156.689
B23: -1 | C23: PL-6 | D23: C5 | E23: Combination | F23: Min | G23: Bottom | H23: -1091.9124 | I23: -18.9017 | J23: -1.7795 | K23: -2.613 | L23: -0.965 | M23: -183.6789
B24: -1 | C24: PL-6 | D24: C6 | E24: Combination | F24: Max | G24: Top | H24: -757.3933 | I24: 10.1048 | J24: 0.656 | K24: 2.295 | L24: 13.6696 | M24: 807.9366
B25: -1 | C25: PL-6 | D25: C6 | E25: Combination | F25: Max | G25: Bottom | H25: -771.5844 | I25: 10.1048 | J25: 0.656 | K25: 2.295 | L25: 10.7683 | M25: 730.1995
B26: -1 | C26: PL-6 | D26: C6 | E26: Combination | F26: Min | G26: Top | H26: -1202.0948 | I26: -33.6066 | J26: -1.2619 | K26: -3.5763 | L26: -9.4203 | M26: -939.3577
B27: -1 | C27: PL-6 | D27: C6 | E27: Combination | F27: Min | G27: Bottom | H27: -1216.286 | I27: -33.6066 | J27: -1.2619 | K27: -3.5763 | L27: -8.0945 | M27: -922.7252
... B35: -1 | C35: PL-6 | D35: C4 | E35: Combination | F35: Min | G35: Bottom | H35: -841.6465 | I35: -24.3105 | J35: -1.353 | K35: -2.9196 | L35: -8.859 | M35: -884.2195
B36: -1 | C36: PL-6 | D36: PPSC | E36: Combination | G36: Top | H36: -844.488 | I36: -11.2054 | J36: -0.2154 | K36: -0.6442 | L36: 1.7697 | M36: -54.2939
B37: -1 | C37: PL-6 | D37: PPSC | E37: Combination | G37: Bottom | H37: -856.3139 | I37: -11.2054 | J37: -0.2154 | K37: -0.6442 | L37: 1.2097 | M37: -83.4279

Sheet 5
B2: Story | C2: Pier | D2: Output Case | E2: Case Type | F2: Step Type | G2: Location | H2: P | I2: V2 | J2: V3 | K2: T | L2: M2 | M2: M3 | O2: Resumen V2 / M3 / P por Pier y Caso
H3: tonf | I3: tonf | J3: tonf | K3: tonf-m | L3: tonf-m | M3: tonf-m | O3: Pier | P3: Output Case | Q3: V2 max | R3: V2 min | S3: M3 max | T3: M3 min | U3: P max | V3: P min
B4: -1 | C4: PJ1 | D4: PP | E4: LinStatic | G4: Top | H4: -129.5146 | I4: -2.9777 | J4: -0.3209 | K4: -0.0538 | L4: 0.5227 | M4: 4.5976 | Q4: tonf | R4: tonf | S4: tonf-m | T4: tonf-m | U4: tonf | V4: tonf
B5: -1 | C5: PJ1 | D5: PP | E5: LinStatic | G5: Bottom | H5: -133.6115 | I5: -2.9777 | J5: -0.3209 | K5: -0.0538 | L5: -0.3117 | M5: -3.1445 | O5: PJ1 | P5: PP | Q5: =_xlfn.MAXIFS($I$4:$I$36,$C$4:$C$36,$O5,$D$4:$D$36,$P5) -> -2.9777 | R5: =_xlfn.MINIFS($I$4:$I$36,$C$4:$C$36,$O5,$D$4:$D$36,$P5) -> -2.9777 | S5: =_xlfn.MAXIFS($M$4:$M$36,$C$4:$C$36,$O5,$D$4:$D$36,$P5) -> 4.5976 | T5: =_xlfn.MINIFS($M$4:$M$36,$C$4:$C$36,$O5,$D$4:$D$36,$P5) -> -3.1445 | U5: =_xlfn.MAXIFS($H$4:$H$36,$C$4:$C$36,$O5,$D$4:$D$36,$P5) -> -129.5146 | V5: =_xlfn.MINIFS($H$4:$H$36,$C$4:$C$36,$O5,$D$4:$D$36,$P5) -> -133.6115
B6: -1 | C6: PJ1 | D6: SC | E6: LinStatic | G6: Top | H6: -33.6911 | I6: -0.1626 | J6: -0.2536 | K6: -0.0089 | L6: 0.4058 | M6: -0.4144 | O6: PJ1 | P6: SC | Q6: =_xlfn.MAXIFS($I$4:$I$36,$C$4:$C$36,$O6,$D$4:$D$36,$P6) -> -0.1626 | R6: =_xlfn.MINIFS($I$4:$I$36,$C$4:$C$36,$O6,$D$4:$D$36,$P6) -> -0.1626 | S6: =_xlfn.MAXIFS($M$4:$M$36,$C$4:$C$36,$O6,$D$4:$D$36,$P6) -> -0.4144 | T6: =_xlfn.MINIFS($M$4:$M$36,$C$4:$C$36,$O6,$D$4:$D$36,$P6) -> -0.8371 | U6: =_xlfn.MAXIFS($H$4:$H$36,$C$4:$C$36,$O6,$D$4:$D$36,$P6) -> -33.6911 | V6: =_xlfn.MINIFS($H$4:$H$36,$C$4:$C$36,$O6,$D$4:$D$36,$P6) -> -33.6911
B7: -1 | C7: PJ1 | D7: SC | E7: LinStatic | G7: Bottom | H7: -33.6911 | I7: -0.1626 | J7: -0.2536 | K7: -0.0089 | L7: -0.2537 | M7: -0.8371 | O7: PJ1 | P7: SX | Q7: =_xlfn.MAXIFS($I$4:$I$36,$C$4:$C$36,$O7,$D$4:$D$36,$P7) -> 11.2979 | R7: =_xlfn.MINIFS($I$4:$I$36,$C$4:$C$36,$O7,$D$4:$D$36,$P7) -> 11.2979 | S7: =_xlfn.MAXIFS($M$4:$M$36,$C$4:$C$36,$O7,$D$4:$D$36,$P7) -> 51.9841 | T7: =_xlfn.MINIFS($M$4:$M$36,$C$4:$C$36,$O7,$D$4:$D$36,$P7) -> 31.9049 | U7: =_xlfn.MAXIFS($H$4:$H$36,$C$4:$C$36,$O7,$D$4:$D$36,$P7) -> 62.8994 | V7: =_xlfn.MINIFS($H$4:$H$36,$C$4:$C$36,$O7,$D$4:$D$36,$P7) -> 62.8994
B8: -1 | C8: PJ1 | D8: SX | E8: LinRespSpec | F8: Max | G8: Top | H8: 62.8994 | I8: 11.2979 | J8: 0.2468 | K8: 0.15 | L8: 0.3929 | M8: 51.9841 | O8: PJ1 | P8: SY | Q8: =_xlfn.MAXIFS($I$4:$I$36,$C$4:$C$36,$O8,$D$4:$D$36,$P8) -> 5.9106 | R8: =_xlfn.MINIFS($I$4:$I$36,$C$4:$C$36,$O8,$D$4:$D$36,$P8) -> 5.9106 | S8: =_xlfn.MAXIFS($M$4:$M$36,$C$4:$C$36,$O8,$D$4:$D$36,$P8) -> 15.52 | T8: =_xlfn.MINIFS($M$4:$M$36,$C$4:$C$36,$O8,$D$4:$D$36,$P8) -> 1.5723 | U8: =_xlfn.MAXIFS($H$4:$H$36,$C$4:$C$36,$O8,$D$4:$D$36,$P8) -> 29.4812 | V8: =_xlfn.MINIFS($H$4:$H$36,$C$4:$C$36,$O8,$D$4:$D$36,$P8) -> 29.4812
B9: -1 | C9: PJ1 | D9: SX | E9: LinRespSpec | F9: Max | G9: Bottom | H9: 62.8994 | I9: 11.2979 | J9: 0.2468 | K9: 0.15 | L9: 0.2539 | M9: 31.9049
B10: -1 | C10: PJ1 | D10: SY | E10: LinRespSpec | F10: Max | G10: Top | H10: 29.4812 | I10: 5.9106 | J10: 0.1408 | K10: 0.1418 | L10: 0.1963 | M10: 15.52
B11: -1 | C11: PJ1 | D11: SY | E11: LinRespSpec | F11: Max | G11: Bottom | H11: 29.4812 | I11: 5.9106 | J11: 0.1408 | K11: 0.1418 | L11: 0.3206 | M11: 1.5723
B12: -1 | C12: PJ1 | D12: C1 | E12: Combination | G12: Top | H12: -181.3204 | I12: -4.1688 | J12: -0.4493 | K12: -0.0753 | L12: 0.7318 | M12: 6.4366
B13: -1 | C13: PJ1 | D13: C1 | E13: Combination | G13: Bottom | H13: -187.0561 | I13: -4.1688 | J13: -0.4493 | K13: -0.0753 | L13: -0.4363 | M13: -4.4023
B14: -1 | C14: PJ1 | D14: C2 | E14: Combination | G14: Top | H14: -209.3233 | I14: -3.8334 | J14: -0.7909 | K14: -0.0788 | L14: 1.2765 | M14: 4.8541
B15: -1 | C15: PJ1 | D15: C2 | E15: Combination | G15: Bottom | H15: -214.2396 | I15: -3.8334 | J15: -0.7909 | K15: -0.0788 | L15: -0.7799 | M15: -5.1128
B16: -1 | C16: PJ1 | D16: C3 | E16: Combination | F16: Max | G16: Top | H16: -28.504 | I16: 13.137 | J16: 0.0567 | K16: 0.1616 | L16: 1.0205 | M16: 76.9155
B17: -1 | C17: PJ1 | D17: C3 | E17: Combination | F17: Max | G17: Bottom | H17: -32.1912 | I17: 13.137 | J17: 0.0567 | K17: 0.1616 | L17: 0.075 | M17: 41.8368
B18: -1 | C18: PJ1 | D18: C3 | E18: Combination | F18: Min | G18: Top | H18: -204.6223 | I18: -18.497 | J18: -0.6343 | K18: -0.2584 | L18: -0.0797 | M18: -68.6399
B19: -1 | C19: PJ1 | D19: C3 | E19: Combination | F19: Min | G19: Bottom | H19: -208.3095 | I19: -18.497 | J19: -0.6343 | K19: -0.2584 | L19: -0.6359 | M19: -47.4969
B20: -1 | C20: PJ1 | D20: C5 | E20: Combination | F20: Max | G20: Top | H20: -101.0494 | I20: 12.0811 | J20: -0.2933 | K20: 0.1366 | L20: 1.5831 | M20: 77.8804
B21: -1 | C21: PJ1 | D21: C5 | E21: Combination | F21: Max | G21: Bottom | H21: -105.9657 | I21: 12.0811 | J21: -0.2933 | K21: 0.1366 | L21: -0.2723 | M21: 40.0563
B22: -1 | C22: PJ1 | D22: C5 | E22: Combination | F22: Min | G22: Top | H22: -277.1678 | I22: -19.5529 | J22: -0.9842 | K22: -0.2835 | L22: 0.4829 | M22: -67.675
B23: -1 | C23: PJ1 | D23: C5 | E23: Combination | F23: Min | G23: Bottom | H23: -282.0841 | I23: -19.5529 | J23: -0.9842 | K23: -0.2835 | L23: -0.9832 | M23: -49.2774
B24: -1 | C24: PJ1 | D24: C6 | E24: Combination | F24: Max | G24: Top | H24: -147.8349 | I24: 4.5389 | J24: -0.4416 | K24: 0.125 | L24: 1.3079 | M24: 26.8308
B25: -1 | C25: PJ1 | D25: C6 | E25: Combination | F25: Max | G25: Bottom | H25: -152.7512 | I25: 4.5389 | J25: -0.4416 | K25: 0.125 | L25: -0.1789 | M25: -2.4093
B26: -1 | C26: PJ1 | D26: C6 | E26: Combination | F26: Min | G26: Top | H26: -230.3823 | I26: -12.0107 | J26: -0.8359 | K26: -0.2719 | L26: 0.7582 | M26: -16.6253
B27: -1 | C27: PJ1 | D27: C6 | E27: Combination | F27: Min | G27: Bottom | H27: -235.2986 | I27: -12.0107 | J27: -0.8359 | K27: -0.2719 | L27: -1.0765 | M27: -6.8118
... B35: -1 | C35: PJ1 | D35: C4 | E35: Combination | F35: Min | G35: Bottom | H35: -161.5241 | I35: -10.9547 | J35: -0.4859 | K35: -0.2469 | L35: -0.7293 | M35: -5.0313
B36: -1 | C36: PJ1 | D36: PPSC | E36: Combination | G36: Top | H36: -163.2057 | I36: -3.1403 | J36: -0.5746 | K36: -0.0627 | L36: 0.9285 | M36: 4.1832
B37: -1 | C37: PJ1 | D37: PPSC | E37: Combination | G37: Bottom | H37: -167.3026 | I37: -3.1403 | J37: -0.5746 | K37: -0.0627 | L37: -0.5654 | M37: -3.9817

Sheet 6
B2: Story | C2: Pier | D2: Output Case | E2: Case Type | F2: Step Type | G2: Location | H2: P | I2: V2 | J2: V3 | K2: T | L2: M2 | M2: M3 | O2: Resumen V2 / M3 / P por Pier y Caso
H3: tonf | I3: tonf | J3: tonf | K3: tonf-m | L3: tonf-m | M3: tonf-m | O3: Pier | P3: Output Case | Q3: V2 max | R3: V2 min | S3: M3 max | T3: M3 min | U3: P max | V3: P min
B4: -1 | C4: PI | D4: PP | E4: LinStatic | G4: Top | H4: -455.1483 | I4: 8.0745 | J4: 1.1507 | K4: -1.0368 | L4: -2.0619 | M4: -54.7731 | Q4: tonf | R4: tonf | S4: tonf-m | T4: tonf-m | U4: tonf | V4: tonf
B5: -1 | C5: PI | D5: PP | E5: LinStatic | G5: Bottom | H5: -463.5983 | I5: 8.0745 | J5: 1.1507 | K5: -1.0368 | L5: 0.9298 | M5: -33.7795 | O5: PI | P5: PP | Q5: =_xlfn.MAXIFS($I$4:$I$70,$C$4:$C$70,$O5,$D$4:$D$70,$P5) -> 8.0745 | R5: =_xlfn.MINIFS($I$4:$I$70,$C$4:$C$70,$O5,$D$4:$D$70,$P5) -> 8.0745 | S5: =_xlfn.MAXIFS($M$4:$M$70,$C$4:$C$70,$O5,$D$4:$D$70,$P5) -> -33.7795 | T5: =_xlfn.MINIFS($M$4:$M$70,$C$4:$C$70,$O5,$D$4:$D$70,$P5) -> -54.7731 | U5: =_xlfn.MAXIFS($H$4:$H$70,$C$4:$C$70,$O5,$D$4:$D$70,$P5) -> -455.1483 | V5: =_xlfn.MINIFS($H$4:$H$70,$C$4:$C$70,$O5,$D$4:$D$70,$P5) -> -463.5983
B6: -1 | C6: PI | D6: SC | E6: LinStatic | G6: Top | H6: -110.9467 | I6: 4.4994 | J6: 0.729 | K6: -0.7043 | L6: -1.3305 | M6: -25.2368 | O6: PI | P6: SC | Q6: =_xlfn.MAXIFS($I$4:$I$70,$C$4:$C$70,$O6,$D$4:$D$70,$P6) -> 4.4994 | R6: =_xlfn.MINIFS($I$4:$I$70,$C$4:$C$70,$O6,$D$4:$D$70,$P6) -> 4.4994 | S6: =_xlfn.MAXIFS($M$4:$M$70,$C$4:$C$70,$O6,$D$4:$D$70,$P6) -> -13.5384 | T6: =_xlfn.MINIFS($M$4:$M$70,$C$4:$C$70,$O6,$D$4:$D$70,$P6) -> -25.2368 | U6: =_xlfn.MAXIFS($H$4:$H$70,$C$4:$C$70,$O6,$D$4:$D$70,$P6) -> -110.9467 | V6: =_xlfn.MINIFS($H$4:$H$70,$C$4:$C$70,$O6,$D$4:$D$70,$P6) -> -110.9467
B7: -1 | C7: PI | D7: SC | E7: LinStatic | G7: Bottom | H7: -110.9467 | I7: 4.4994 | J7: 0.729 | K7: -0.7043 | L7: 0.5649 | M7: -13.5384 | O7: PI | P7: SX | Q7: =_xlfn.MAXIFS($I$4:$I$70,$C$4:$C$70,$O7,$D$4:$D$70,$P7) -> 29.2864 | R7: =_xlfn.MINIFS($I$4:$I$70,$C$4:$C$70,$O7,$D$4:$D$70,$P7) -> 29.2864 | S7: =_xlfn.MAXIFS($M$4:$M$70,$C$4:$C$70,$O7,$D$4:$D$70,$P7) -> 396.7809 | T7: =_xlfn.MINIFS($M$4:$M$70,$C$4:$C$70,$O7,$D$4:$D$70,$P7) -> 349.5824 | U7: =_xlfn.MAXIFS($H$4:$H$70,$C$4:$C$70,$O7,$D$4:$D$70,$P7) -> 228.2617 | V7: =_xlfn.MINIFS($H$4:$H$70,$C$4:$C$70,$O7,$D$4:$D$70,$P7) -> 228.2617
B8: -1 | C8: PI | D8: SX | E8: LinRespSpec | F8: Max | G8: Top | H8: 228.2617 | I8: 29.2864 | J8: 0.4694 | K8: 0.3858 | L8: 0.7403 | M8: 396.7809 | O8: PI | P8: SY | Q8: =_xlfn.MAXIFS($I$4:$I$70,$C$4:$C$70,$O8,$D$4:$D$70,$P8) -> 12.0056 | R8: =_xlfn.MINIFS($I$4:$I$70,$C$4:$C$70,$O8,$D$4:$D$70,$P8) -> 12.0056 | S8: =_xlfn.MAXIFS($M$4:$M$70,$C$4:$C$70,$O8,$D$4:$D$70,$P8) -> 80.8486 | T8: =_xlfn.MINIFS($M$4:$M$70,$C$4:$C$70,$O8,$D$4:$D$70,$P8) -> 51.892 | U8: =_xlfn.MAXIFS($H$4:$H$70,$C$4:$C$70,$O8,$D$4:$D$70,$P8) -> 63.9528 | V8: =_xlfn.MINIFS($H$4:$H$70,$C$4:$C$70,$O8,$D$4:$D$70,$P8) -> 63.9528
B9: -1 | C9: PI | D9: SX | E9: LinRespSpec | F9: Max | G9: Bottom | H9: 228.2617 | I9: 29.2864 | J9: 0.4694 | K9: 0.3858 | L9: 0.4841 | M9: 349.5824 | O9: P5 | P9: PP | Q9: =_xlfn.MAXIFS($I$4:$I$70,$C$4:$C$70,$O9,$D$4:$D$70,$P9) -> -0.7585 | R9: =_xlfn.MINIFS($I$4:$I$70,$C$4:$C$70,$O9,$D$4:$D$70,$P9) -> -0.7585 | S9: =_xlfn.MAXIFS($M$4:$M$70,$C$4:$C$70,$O9,$D$4:$D$70,$P9) -> 18.6741 | T9: =_xlfn.MINIFS($M$4:$M$70,$C$4:$C$70,$O9,$D$4:$D$70,$P9) -> 16.7018 | U9: =_xlfn.MAXIFS($H$4:$H$70,$C$4:$C$70,$O9,$D$4:$D$70,$P9) -> -745.3562 | V9: =_xlfn.MINIFS($H$4:$H$70,$C$4:$C$70,$O9,$D$4:$D$70,$P9) -> -761.5574
B10: -1 | C10: PI | D10: SY | E10: LinRespSpec | F10: Max | G10: Top | H10: 63.9528 | I10: 12.0056 | J10: 0.1646 | K10: 0.3118 | L10: 0.3409 | M10: 80.8486 | O10: P5 | P10: SC | Q10: =_xlfn.MAXIFS($I$4:$I$70,$C$4:$C$70,$O10,$D$4:$D$70,$P10) -> -8.6068 | R10: =_xlfn.MINIFS($I$4:$I$70,$C$4:$C$70,$O10,$D$4:$D$70,$P10) -> -8.6068 | S10: =_xlfn.MAXIFS($M$4:$M$70,$C$4:$C$70,$O10,$D$4:$D$70,$P10) -> 13.8631 | T10: =_xlfn.MINIFS($M$4:$M$70,$C$4:$C$70,$O10,$D$4:$D$70,$P10) -> -8.5147 | U10: =_xlfn.MAXIFS($H$4:$H$70,$C$4:$C$70,$O10,$D$4:$D$70,$P10) -> -172.8576 | V10: =_xlfn.MINIFS($H$4:$H$70,$C$4:$C$70,$O10,$D$4:$D$70,$P10) -> -172.8576
B11: -1 | C11: PI | D11: SY | E11: LinRespSpec | F11: Max | G11: Bottom | H11: 63.9528 | I11: 12.0056 | J11: 0.1646 | K11: 0.3118 | L11: 0.5672 | M11: 51.892 | O11: P5 | P11: SX | Q11: =_xlfn.MAXIFS($I$4:$I$70,$C$4:$C$70,$O11,$D$4:$D$70,$P11) -> 6.5387 | R11: =_xlfn.MINIFS($I$4:$I$70,$C$4:$C$70,$O11,$D$4:$D$70,$P11) -> 6.5387 | S11: =_xlfn.MAXIFS($M$4:$M$70,$C$4:$C$70,$O11,$D$4:$D$70,$P11) -> 163.5287 | T11: =_xlfn.MINIFS($M$4:$M$70,$C$4:$C$70,$O11,$D$4:$D$70,$P11) -> 159.3021 | U11: =_xlfn.MAXIFS($H$4:$H$70,$C$4:$C$70,$O11,$D$4:$D$70,$P11) -> 327.9884 | V11: =_xlfn.MINIFS($H$4:$H$70,$C$4:$C$70,$O11,$D$4:$D$70,$P11) -> 327.9884
B12: -1 | C12: PI | D12: C1 | E12: Combination | G12: Top | H12: -637.2076 | I12: 11.3043 | J12: 1.6109 | K12: -1.4515 | L12: -2.8867 | M12: -76.6824 | O12: P5 | P12: SY | Q12: =_xlfn.MAXIFS($I$4:$I$70,$C$4:$C$70,$O12,$D$4:$D$70,$P12) -> 19.6073 | R12: =_xlfn.MINIFS($I$4:$I$70,$C$4:$C$70,$O12,$D$4:$D$70,$P12) -> 19.6073 | S12: =_xlfn.MAXIFS($M$4:$M$70,$C$4:$C$70,$O12,$D$4:$D$70,$P12) -> 122.806 | T12: =_xlfn.MINIFS($M$4:$M$70,$C$4:$C$70,$O12,$D$4:$D$70,$P12) -> 86.7354 | U12: =_xlfn.MAXIFS($H$4:$H$70,$C$4:$C$70,$O12,$D$4:$D$70,$P12) -> 35.7272 | V12: =_xlfn.MINIFS($H$4:$H$70,$C$4:$C$70,$O12,$D$4:$D$70,$P12) -> 35.7272
B13: -1 | C13: PI | D13: C1 | E13: Combination | G13: Bottom | H13: -649.0376 | I13: 11.3043 | J13: 1.6109 | K13: -1.4515 | L13: 1.3018 | M13: -47.2913
B14: -1 | C14: PI | D14: C2 | E14: Combination | G14: Top | H14: -723.6926 | I14: 16.8884 | J14: 2.5472 | K14: -2.3711 | L14: -4.6031 | M14: -106.1067
B15: -1 | C15: PI | D15: C2 | E15: Combination | G15: Bottom | H15: -733.8326 | I15: 16.8884 | J15: 2.5472 | K15: -2.3711 | L15: 2.0196 | M15: -62.1967
B16: -1 | C16: PI | D16: C3 | E16: Combination | F16: Max | G16: Top | H16: -90.067 | I16: 48.268 | J16: 1.6928 | K16: -0.393 | L16: -0.8193 | M16: 506.1974
B17: -1 | C17: PI | D17: C3 | E17: Combination | F17: Max | G17: Bottom | H17: -97.672 | I17: 48.268 | J17: 1.6928 | K17: -0.393 | L17: 1.5146 | M17: 459.0138
B18: -1 | C18: PI | D18: C3 | E18: Combination | F18: Min | G18: Top | H18: -729.1999 | I18: -33.7339 | J18: 0.3784 | K18: -1.4733 | L18: -2.8922 | M18: -604.789
B19: -1 | C19: PI | D19: C3 | E19: Combination | F19: Min | G19: Bottom | H19: -736.8049 | I19: -33.7339 | J19: 0.3784 | K19: -1.4733 | L19: 0.159 | M19: -519.8169
B20: -1 | C20: PI | D20: C5 | E20: Combination | F20: Max | G20: Top | H20: -337.5582 | I20: 55.1898 | J20: 2.767 | K20: -1.4083 | L20: -2.7683 | M20: 464.5286
B21: -1 | C21: PI | D21: C5 | E21: Combination | F21: Max | G21: Bottom | H21: -347.6982 | I21: 55.1898 | J21: 2.767 | K21: -1.4083 | L21: 2.3585 | M21: 435.3416
B22: -1 | C22: PI | D22: C5 | E22: Combination | F22: Min | G22: Top | H22: -976.6911 | I22: -26.8122 | J22: 1.4526 | K22: -2.4886 | L22: -4.8412 | M22: -646.4578
B23: -1 | C23: PI | D23: C5 | E23: Combination | F23: Min | G23: Bottom | H23: -986.8311 | I23: -26.8122 | J23: 1.4526 | K23: -2.4886 | L23: 1.0029 | M23: -543.4891
B24: -1 | C24: PI | D24: C6 | E24: Combination | F24: Max | G24: Top | H24: -567.5907 | I24: 30.9966 | J24: 2.3402 | K24: -1.512 | L24: -3.3276 | M24: 22.2234
B25: -1 | C25: PI | D25: C6 | E25: Combination | F25: Max | G25: Bottom | H25: -577.7307 | I25: 30.9966 | J25: 2.3402 | K25: -1.512 | L25: 2.4747 | M25: 18.5751
B26: -1 | C26: PI | D26: C6 | E26: Combination | F26: Min | G26: Top | H26: -746.6586 | I26: -2.6191 | J26: 1.8794 | K26: -2.385 | L26: -4.282 | M26: -204.1526
B27: -1 | C27: PI | D27: C6 | E27: Combination | F27: Min | G27: Bottom | H27: -756.7986 | I27: -2.6191 | J27: 1.8794 | K27: -2.385 | L27: 0.8866 | M27: -126.7226
... B35: -1 | C35: PI | D35: C4 | E35: Combination | F35: Min | G35: Bottom | H35: -506.7724 | I35: -9.5408 | J35: 0.8052 | K35: -1.3696 | L35: 0.0428 | M35: -103.0504
B36: -1 | C36: PI | D36: PPSC | E36: Combination | G36: Top | H36: -566.095 | I36: 12.5739 | J36: 1.8797 | K36: -1.7411 | L36: -3.3924 | M36: -80.01
B37: -1 | C37: PI | D37: PPSC | E37: Combination | G37: Bottom | H37: -574.545 | I37: 12.5739 | J37: 1.8797 | K37: -1.7411 | L37: 1.4947 | M37: -47.3178
